route;date;hour;prediction
1;2025-11-01;0;5
1;2025-11-01;1;0
1;2025-11-01;2;0
1;2025-11-01;3;0
1;2025-11-01;4;0
1;2025-11-01;5;30
1;2025-11-01;6;142
1;2025-11-01;7;277
1;2025-11-01;8;448
1;2025-11-01;9;637
1;2025-11-01;10;775
1;2025-11-01;11;703
1;2025-11-01;12;886
1;2025-11-01;13;904
1;2025-11-01;14;919
1;2025-11-01;15;803
1;2025-11-01;16;726
1;2025-11-01;17;623
1;2025-11-01;18;507
1;2025-11-01;19;474
1;2025-11-01;20;398
1;2025-11-01;21;293
1;2025-11-01;22;110
1;2025-11-01;23;42
1;2025-11-02;0;0
1;2025-11-02;1;0
1;2025-11-02;2;0
1;2025-11-02;3;0
1;2025-11-02;4;0
1;2025-11-02;5;9
1;2025-11-02;6;112
1;2025-11-02;7;204
1;2025-11-02;8;337
1;2025-11-02;9;557
1;2025-11-02;10;652
1;2025-11-02;11;666
1;2025-11-02;12;780
1;2025-11-02;13;853
1;2025-11-02;14;744
1;2025-11-02;15;670
1;2025-11-02;16;610
1;2025-11-02;17;586
1;2025-11-02;18;511
1;2025-11-02;19;453
1;2025-11-02;20;350
1;2025-11-02;21;241
1;2025-11-02;22;68
1;2025-11-02;23;13
1;2025-11-03;0;0
1;2025-11-03;1;0
1;2025-11-03;2;0
1;2025-11-03;3;0
1;2025-11-03;4;0
1;2025-11-03;5;54
1;2025-11-03;6;250
1;2025-11-03;7;367
1;2025-11-03;8;490
1;2025-11-03;9;468
1;2025-11-03;10;529
1;2025-11-03;11;549
1;2025-11-03;12;611
1;2025-11-03;13;633
1;2025-11-03;14;623
1;2025-11-03;15;641
1;2025-11-03;16;637
1;2025-11-03;17;641
1;2025-11-03;18;591
1;2025-11-03;19;616
1;2025-11-03;20;384
1;2025-11-03;21;293
1;2025-11-03;22;147
1;2025-11-03;23;22
1;2025-11-04;0;1
1;2025-11-04;1;0
1;2025-11-04;2;0
1;2025-11-04;3;0
1;2025-11-04;4;0
1;2025-11-04;5;56
1;2025-11-04;6;230
1;2025-11-04;7;368
1;2025-11-04;8;494
1;2025-11-04;9;482
1;2025-11-04;10;521
1;2025-11-04;11;555
1;2025-11-04;12;627
1;2025-11-04;13;652
1;2025-11-04;14;624
1;2025-11-04;15;616
1;2025-11-04;16;631
1;2025-11-04;17;644
1;2025-11-04;18;591
1;2025-11-04;19;614
1;2025-11-04;20;378
1;2025-11-04;21;279
1;2025-11-04;22;105
1;2025-11-04;23;23
1;2025-11-05;0;2
1;2025-11-05;1;0
1;2025-11-05;2;0
1;2025-11-05;3;0
1;2025-11-05;4;3
1;2025-11-05;5;120
1;2025-11-05;6;484
1;2025-11-05;7;1400
1;2025-11-05;8;1880
1;2025-11-05;9;1408
1;2025-11-05;10;1326
1;2025-11-05;11;1322
1;2025-11-05;12;1335
1;2025-11-05;13;1372
1;2025-11-05;14;1281
1;2025-11-05;15;1415
1;2025-11-05;16;1422
1;2025-11-05;17;1731
1;2025-11-05;18;1774
1;2025-11-05;19;1358
1;2025-11-05;20;888
1;2025-11-05;21;442
1;2025-11-05;22;182
1;2025-11-05;23;29
1;2025-11-06;0;0
1;2025-11-06;1;0
1;2025-11-06;2;0
1;2025-11-06;3;0
1;2025-11-06;4;3
1;2025-11-06;5;110
1;2025-11-06;6;458
1;2025-11-06;7;1368
1;2025-11-06;8;1834
1;2025-11-06;9;1424
1;2025-11-06;10;1329
1;2025-11-06;11;1254
1;2025-11-06;12;1324
1;2025-11-06;13;1348
1;2025-11-06;14;1278
1;2025-11-06;15;1363
1;2025-11-06;16;1429
1;2025-11-06;17;1662
1;2025-11-06;18;1754
1;2025-11-06;19;1353
1;2025-11-06;20;862
1;2025-11-06;21;434
1;2025-11-06;22;187
1;2025-11-06;23;39
1;2025-11-07;0;0
1;2025-11-07;1;0
1;2025-11-07;2;0
1;2025-11-07;3;0
1;2025-11-07;4;1
1;2025-11-07;5;120
1;2025-11-07;6;452
1;2025-11-07;7;1362
1;2025-11-07;8;1776
1;2025-11-07;9;1340
1;2025-11-07;10;1254
1;2025-11-07;11;1314
1;2025-11-07;12;1315
1;2025-11-07;13;1341
1;2025-11-07;14;1270
1;2025-11-07;15;1413
1;2025-11-07;16;1494
1;2025-11-07;17;1656
1;2025-11-07;18;1476
1;2025-11-07;19;1131
1;2025-11-07;20;775
1;2025-11-07;21;434
1;2025-11-07;22;188
1;2025-11-07;23;41
1;2025-11-08;0;0
1;2025-11-08;1;0
1;2025-11-08;2;0
1;2025-11-08;3;0
1;2025-11-08;4;0
1;2025-11-08;5;27
1;2025-11-08;6;142
1;2025-11-08;7;274
1;2025-11-08;8;420
1;2025-11-08;9;638
1;2025-11-08;10;764
1;2025-11-08;11;674
1;2025-11-08;12;848
1;2025-11-08;13;870
1;2025-11-08;14;841
1;2025-11-08;15;721
1;2025-11-08;16;644
1;2025-11-08;17;638
1;2025-11-08;18;567
1;2025-11-08;19;538
1;2025-11-08;20;395
1;2025-11-08;21;286
1;2025-11-08;22;92
1;2025-11-08;23;26
1;2025-11-09;0;0
1;2025-11-09;1;0
1;2025-11-09;2;0
1;2025-11-09;3;0
1;2025-11-09;4;0
1;2025-11-09;5;9
1;2025-11-09;6;112
1;2025-11-09;7;204
1;2025-11-09;8;337
1;2025-11-09;9;556
1;2025-11-09;10;652
1;2025-11-09;11;666
1;2025-11-09;12;780
1;2025-11-09;13;853
1;2025-11-09;14;744
1;2025-11-09;15;670
1;2025-11-09;16;609
1;2025-11-09;17;585
1;2025-11-09;18;513
1;2025-11-09;19;443
1;2025-11-09;20;349
1;2025-11-09;21;240
1;2025-11-09;22;67
1;2025-11-09;23;13
1;2025-11-10;0;0
1;2025-11-10;1;0
1;2025-11-10;2;0
1;2025-11-10;3;0
1;2025-11-10;4;4
1;2025-11-10;5;116
1;2025-11-10;6;477
1;2025-11-10;7;1393
1;2025-11-10;8;1861
1;2025-11-10;9;1330
1;2025-11-10;10;1150
1;2025-11-10;11;1248
1;2025-11-10;12;1258
1;2025-11-10;13;1285
1;2025-11-10;14;1275
1;2025-11-10;15;1411
1;2025-11-10;16;1420
1;2025-11-10;17;1756
1;2025-11-10;18;1754
1;2025-11-10;19;1396
1;2025-11-10;20;883
1;2025-11-10;21;425
1;2025-11-10;22;170
1;2025-11-10;23;25
1;2025-11-11;0;1
1;2025-11-11;1;0
1;2025-11-11;2;0
1;2025-11-11;3;0
1;2025-11-11;4;3
1;2025-11-11;5;118
1;2025-11-11;6;515
1;2025-11-11;7;1469
1;2025-11-11;8;1875
1;2025-11-11;9;1459
1;2025-11-11;10;1335
1;2025-11-11;11;1330
1;2025-11-11;12;1344
1;2025-11-11;13;1370
1;2025-11-11;14;1280
1;2025-11-11;15;1364
1;2025-11-11;16;1424
1;2025-11-11;17;1708
1;2025-11-11;18;1765
1;2025-11-11;19;1402
1;2025-11-11;20;882
1;2025-11-11;21;432
1;2025-11-11;22;179
1;2025-11-11;23;28
1;2025-11-12;0;2
1;2025-11-12;1;0
1;2025-11-12;2;0
1;2025-11-12;3;0
1;2025-11-12;4;3
1;2025-11-12;5;120
1;2025-11-12;6;481
1;2025-11-12;7;1391
1;2025-11-12;8;1873
1;2025-11-12;9;1403
1;2025-11-12;10;1326
1;2025-11-12;11;1322
1;2025-11-12;12;1335
1;2025-11-12;13;1368
1;2025-11-12;14;1281
1;2025-11-12;15;1406
1;2025-11-12;16;1413
1;2025-11-12;17;1726
1;2025-11-12;18;1769
1;2025-11-12;19;1353
1;2025-11-12;20;888
1;2025-11-12;21;432
1;2025-11-12;22;181
1;2025-11-12;23;29
1;2025-11-13;0;0
1;2025-11-13;1;0
1;2025-11-13;2;0
1;2025-11-13;3;0
1;2025-11-13;4;1
1;2025-11-13;5;107
1;2025-11-13;6;453
1;2025-11-13;7;1359
1;2025-11-13;8;1824
1;2025-11-13;9;1417
1;2025-11-13;10;1329
1;2025-11-13;11;1252
1;2025-11-13;12;1325
1;2025-11-13;13;1346
1;2025-11-13;14;1279
1;2025-11-13;15;1355
1;2025-11-13;16;1420
1;2025-11-13;17;1655
1;2025-11-13;18;1746
1;2025-11-13;19;1350
1;2025-11-13;20;859
1;2025-11-13;21;422
1;2025-11-13;22;186
1;2025-11-13;23;40
1;2025-11-14;0;0
1;2025-11-14;1;0
1;2025-11-14;2;0
1;2025-11-14;3;0
1;2025-11-14;4;0
1;2025-11-14;5;117
1;2025-11-14;6;447
1;2025-11-14;7;1353
1;2025-11-14;8;1766
1;2025-11-14;9;1338
1;2025-11-14;10;1254
1;2025-11-14;11;1312
1;2025-11-14;12;1315
1;2025-11-14;13;1339
1;2025-11-14;14;1271
1;2025-11-14;15;1404
1;2025-11-14;16;1485
1;2025-11-14;17;1649
1;2025-11-14;18;1468
1;2025-11-14;19;1128
1;2025-11-14;20;772
1;2025-11-14;21;421
1;2025-11-14;22;187
1;2025-11-14;23;41
1;2025-11-15;0;1
1;2025-11-15;1;0
1;2025-11-15;2;0
1;2025-11-15;3;0
1;2025-11-15;4;0
1;2025-11-15;5;24
1;2025-11-15;6;140
1;2025-11-15;7;274
1;2025-11-15;8;413
1;2025-11-15;9;635
1;2025-11-15;10;764
1;2025-11-15;11;672
1;2025-11-15;12;848
1;2025-11-15;13;868
1;2025-11-15;14;841
1;2025-11-15;15;721
1;2025-11-15;16;644
1;2025-11-15;17;636
1;2025-11-15;18;563
1;2025-11-15;19;536
1;2025-11-15;20;388
1;2025-11-15;21;282
1;2025-11-15;22;91
1;2025-11-15;23;27
1;2025-11-16;0;0
1;2025-11-16;1;0
1;2025-11-16;2;0
1;2025-11-16;3;0
1;2025-11-16;4;0
1;2025-11-16;5;6
1;2025-11-16;6;110
1;2025-11-16;7;204
1;2025-11-16;8;334
1;2025-11-16;9;554
1;2025-11-16;10;652
1;2025-11-16;11;665
1;2025-11-16;12;781
1;2025-11-16;13;851
1;2025-11-16;14;745
1;2025-11-16;15;671
1;2025-11-16;16;609
1;2025-11-16;17;583
1;2025-11-16;18;510
1;2025-11-16;19;440
1;2025-11-16;20;347
1;2025-11-16;21;238
1;2025-11-16;22;67
1;2025-11-16;23;14
1;2025-11-17;0;0
1;2025-11-17;1;0
1;2025-11-17;2;0
1;2025-11-17;3;0
1;2025-11-17;4;4
1;2025-11-17;5;115
1;2025-11-17;6;476
1;2025-11-17;7;1383
1;2025-11-17;8;1854
1;2025-11-17;9;1330
1;2025-11-17;10;1150
1;2025-11-17;11;1248
1;2025-11-17;12;1258
1;2025-11-17;13;1285
1;2025-11-17;14;1275
1;2025-11-17;15;1402
1;2025-11-17;16;1411
1;2025-11-17;17;1751
1;2025-11-17;18;1750
1;2025-11-17;19;1391
1;2025-11-17;20;883
1;2025-11-17;21;425
1;2025-11-17;22;169
1;2025-11-17;23;25
1;2025-11-18;0;1
1;2025-11-18;1;0
1;2025-11-18;2;0
1;2025-11-18;3;0
1;2025-11-18;4;1
1;2025-11-18;5;115
1;2025-11-18;6;513
1;2025-11-18;7;1460
1;2025-11-18;8;1865
1;2025-11-18;9;1456
1;2025-11-18;10;1335
1;2025-11-18;11;1329
1;2025-11-18;12;1344
1;2025-11-18;13;1368
1;2025-11-18;14;1281
1;2025-11-18;15;1355
1;2025-11-18;16;1415
1;2025-11-18;17;1701
1;2025-11-18;18;1758
1;2025-11-18;19;1394
1;2025-11-18;20;879
1;2025-11-18;21;429
1;2025-11-18;22;178
1;2025-11-18;23;28
1;2025-11-19;0;2
1;2025-11-19;1;0
1;2025-11-19;2;0
1;2025-11-19;3;0
1;2025-11-19;4;2
1;2025-11-19;5;118
1;2025-11-19;6;479
1;2025-11-19;7;1392
1;2025-11-19;8;1870
1;2025-11-19;9;1401
1;2025-11-19;10;1325
1;2025-11-19;11;1320
1;2025-11-19;12;1336
1;2025-11-19;13;1366
1;2025-11-19;14;1282
1;2025-11-19;15;1407
1;2025-11-19;16;1414
1;2025-11-19;17;1724
1;2025-11-19;18;1766
1;2025-11-19;19;1350
1;2025-11-19;20;885
1;2025-11-19;21;430
1;2025-11-19;22;181
1;2025-11-19;23;29
1;2025-11-20;0;0
1;2025-11-20;1;0
1;2025-11-20;2;0
1;2025-11-20;3;0
1;2025-11-20;4;1
1;2025-11-20;5;107
1;2025-11-20;6;453
1;2025-11-20;7;1359
1;2025-11-20;8;1824
1;2025-11-20;9;1417
1;2025-11-20;10;1329
1;2025-11-20;11;1252
1;2025-11-20;12;1325
1;2025-11-20;13;1346
1;2025-11-20;14;1279
1;2025-11-20;15;1355
1;2025-11-20;16;1420
1;2025-11-20;17;1655
1;2025-11-20;18;1746
1;2025-11-20;19;1350
1;2025-11-20;20;859
1;2025-11-20;21;422
1;2025-11-20;22;186
1;2025-11-20;23;40
1;2025-11-21;0;0
1;2025-11-21;1;0
1;2025-11-21;2;0
1;2025-11-21;3;0
1;2025-11-21;4;0
1;2025-11-21;5;117
1;2025-11-21;6;447
1;2025-11-21;7;1353
1;2025-11-21;8;1766
1;2025-11-21;9;1338
1;2025-11-21;10;1254
1;2025-11-21;11;1312
1;2025-11-21;12;1315
1;2025-11-21;13;1339
1;2025-11-21;14;1271
1;2025-11-21;15;1404
1;2025-11-21;16;1485
1;2025-11-21;17;1649
1;2025-11-21;18;1468
1;2025-11-21;19;1128
1;2025-11-21;20;767
1;2025-11-21;21;421
1;2025-11-21;22;186
1;2025-11-21;23;41
1;2025-11-22;0;1
1;2025-11-22;1;0
1;2025-11-22;2;0
1;2025-11-22;3;0
1;2025-11-22;4;0
1;2025-11-22;5;24
1;2025-11-22;6;140
1;2025-11-22;7;273
1;2025-11-22;8;413
1;2025-11-22;9;630
1;2025-11-22;10;759
1;2025-11-22;11;667
1;2025-11-22;12;848
1;2025-11-22;13;868
1;2025-11-22;14;841
1;2025-11-22;15;716
1;2025-11-22;16;639
1;2025-11-22;17;631
1;2025-11-22;18;563
1;2025-11-22;19;536
1;2025-11-22;20;388
1;2025-11-22;21;281
1;2025-11-22;22;91
1;2025-11-22;23;27
1;2025-11-23;0;0
1;2025-11-23;1;0
1;2025-11-23;2;0
1;2025-11-23;3;0
1;2025-11-23;4;0
1;2025-11-23;5;6
1;2025-11-23;6;110
1;2025-11-23;7;202
1;2025-11-23;8;333
1;2025-11-23;9;551
1;2025-11-23;10;644
1;2025-11-23;11;660
1;2025-11-23;12;776
1;2025-11-23;13;851
1;2025-11-23;14;740
1;2025-11-23;15;666
1;2025-11-23;16;596
1;2025-11-23;17;583
1;2025-11-23;18;510
1;2025-11-23;19;437
1;2025-11-23;20;344
1;2025-11-23;21;234
1;2025-11-23;22;67
1;2025-11-23;23;14
1;2025-11-24;0;0
1;2025-11-24;1;0
1;2025-11-24;2;0
1;2025-11-24;3;0
1;2025-11-24;4;3
1;2025-11-24;5;116
1;2025-11-24;6;477
1;2025-11-24;7;1384
1;2025-11-24;8;1853
1;2025-11-24;9;1327
1;2025-11-24;10;1147
1;2025-11-24;11;1248
1;2025-11-24;12;1258
1;2025-11-24;13;1285
1;2025-11-24;14;1275
1;2025-11-24;15;1402
1;2025-11-24;16;1411
1;2025-11-24;17;1751
1;2025-11-24;18;1750
1;2025-11-24;19;1388
1;2025-11-24;20;881
1;2025-11-24;21;423
1;2025-11-24;22;167
1;2025-11-24;23;26
1;2025-11-25;0;1
1;2025-11-25;1;0
1;2025-11-25;2;0
1;2025-11-25;3;0
1;2025-11-25;4;0
1;2025-11-25;5;115
1;2025-11-25;6;514
1;2025-11-25;7;1461
1;2025-11-25;8;1864
1;2025-11-25;9;1453
1;2025-11-25;10;1332
1;2025-11-25;11;1329
1;2025-11-25;12;1345
1;2025-11-25;13;1368
1;2025-11-25;14;1281
1;2025-11-25;15;1356
1;2025-11-25;16;1415
1;2025-11-25;17;1701
1;2025-11-25;18;1758
1;2025-11-25;19;1391
1;2025-11-25;20;876
1;2025-11-25;21;428
1;2025-11-25;22;176
1;2025-11-25;23;29
1;2025-11-26;0;2
1;2025-11-26;1;0
1;2025-11-26;2;0
1;2025-11-26;3;0
1;2025-11-26;4;1
1;2025-11-26;5;118
1;2025-11-26;6;479
1;2025-11-26;7;1392
1;2025-11-26;8;1869
1;2025-11-26;9;1398
1;2025-11-26;10;1322
1;2025-11-26;11;1320
1;2025-11-26;12;1336
1;2025-11-26;13;1366
1;2025-11-26;14;1282
1;2025-11-26;15;1407
1;2025-11-26;16;1414
1;2025-11-26;17;1724
1;2025-11-26;18;1767
1;2025-11-26;19;1347
1;2025-11-26;20;882
1;2025-11-26;21;429
1;2025-11-26;22;179
1;2025-11-26;23;30
1;2025-11-27;0;0
1;2025-11-27;1;0
1;2025-11-27;2;0
1;2025-11-27;3;0
1;2025-11-27;4;1
1;2025-11-27;5;108
1;2025-11-27;6;453
1;2025-11-27;7;1355
1;2025-11-27;8;1824
1;2025-11-27;9;1411
1;2025-11-27;10;1323
1;2025-11-27;11;1248
1;2025-11-27;12;1321
1;2025-11-27;13;1342
1;2025-11-27;14;1275
1;2025-11-27;15;1351
1;2025-11-27;16;1416
1;2025-11-27;17;1651
1;2025-11-27;18;1747
1;2025-11-27;19;1344
1;2025-11-27;20;858
1;2025-11-27;21;422
1;2025-11-27;22;184
1;2025-11-27;23;41
1;2025-11-28;0;0
1;2025-11-28;1;0
1;2025-11-28;2;0
1;2025-11-28;3;0
1;2025-11-28;4;0
1;2025-11-28;5;117
1;2025-11-28;6;447
1;2025-11-28;7;1346
1;2025-11-28;8;1763
1;2025-11-28;9;1330
1;2025-11-28;10;1246
1;2025-11-28;11;1306
1;2025-11-28;12;1308
1;2025-11-28;13;1332
1;2025-11-28;14;1264
1;2025-11-28;15;1397
1;2025-11-28;16;1478
1;2025-11-28;17;1642
1;2025-11-28;18;1461
1;2025-11-28;19;1119
1;2025-11-28;20;766
1;2025-11-28;21;421
1;2025-11-28;22;185
1;2025-11-28;23;42
1;2025-11-29;0;1
1;2025-11-29;1;0
1;2025-11-29;2;0
1;2025-11-29;3;0
1;2025-11-29;4;0
1;2025-11-29;5;25
1;2025-11-29;6;140
1;2025-11-29;7;271
1;2025-11-29;8;412
1;2025-11-29;9;628
1;2025-11-29;10;756
1;2025-11-29;11;667
1;2025-11-29;12;845
1;2025-11-29;13;865
1;2025-11-29;14;838
1;2025-11-29;15;716
1;2025-11-29;16;640
1;2025-11-29;17;631
1;2025-11-29;18;563
1;2025-11-29;19;533
1;2025-11-29;20;385
1;2025-11-29;21;278
1;2025-11-29;22;91
1;2025-11-29;23;28
1;2025-11-30;0;0
1;2025-11-30;1;0
1;2025-11-30;2;0
1;2025-11-30;3;0
1;2025-11-30;4;0
1;2025-11-30;5;7
1;2025-11-30;6;110
1;2025-11-30;7;202
1;2025-11-30;8;333
1;2025-11-30;9;551
1;2025-11-30;10;644
1;2025-11-30;11;660
1;2025-11-30;12;778
1;2025-11-30;13;854
1;2025-11-30;14;740
1;2025-11-30;15;666
1;2025-11-30;16;596
1;2025-11-30;17;583
1;2025-11-30;18;510
1;2025-11-30;19;437
1;2025-11-30;20;344
1;2025-11-30;21;234
1;2025-11-30;22;67
1;2025-11-30;23;15
1;2025-12-01;0;0
1;2025-12-01;1;0
1;2025-12-01;2;0
1;2025-12-01;3;0
1;2025-12-01;4;3
1;2025-12-01;5;116
1;2025-12-01;6;477
1;2025-12-01;7;1376
1;2025-12-01;8;1850
1;2025-12-01;9;1321
1;2025-12-01;10;1141
1;2025-12-01;11;1242
1;2025-12-01;12;1251
1;2025-12-01;13;1278
1;2025-12-01;14;1268
1;2025-12-01;15;1394
1;2025-12-01;16;1404
1;2025-12-01;17;1748
1;2025-12-01;18;1747
1;2025-12-01;19;1381
1;2025-12-01;20;879
1;2025-12-01;21;423
1;2025-12-01;22;167
1;2025-12-01;23;26
1;2025-12-02;0;1
1;2025-12-02;1;0
1;2025-12-02;2;0
1;2025-12-02;3;0
1;2025-12-02;4;0
1;2025-12-02;5;115
1;2025-12-02;6;514
1;2025-12-02;7;1453
1;2025-12-02;8;1861
1;2025-12-02;9;1447
1;2025-12-02;10;1326
1;2025-12-02;11;1323
1;2025-12-02;12;1337
1;2025-12-02;13;1361
1;2025-12-02;14;1274
1;2025-12-02;15;1348
1;2025-12-02;16;1408
1;2025-12-02;17;1698
1;2025-12-02;18;1755
1;2025-12-02;19;1384
1;2025-12-02;20;874
1;2025-12-02;21;428
1;2025-12-02;22;176
1;2025-12-02;23;29
1;2025-12-03;0;2
1;2025-12-03;1;0
1;2025-12-03;2;0
1;2025-12-03;3;0
1;2025-12-03;4;1
1;2025-12-03;5;118
1;2025-12-03;6;479
1;2025-12-03;7;1384
1;2025-12-03;8;1866
1;2025-12-03;9;1392
1;2025-12-03;10;1316
1;2025-12-03;11;1314
1;2025-12-03;12;1329
1;2025-12-03;13;1359
1;2025-12-03;14;1275
1;2025-12-03;15;1400
1;2025-12-03;16;1407
1;2025-12-03;17;1721
1;2025-12-03;18;1763
1;2025-12-03;19;1340
1;2025-12-03;20;881
1;2025-12-03;21;429
1;2025-12-03;22;179
1;2025-12-03;23;30
1;2025-12-04;0;0
1;2025-12-04;1;0
1;2025-12-04;2;0
1;2025-12-04;3;0
1;2025-12-04;4;1
1;2025-12-04;5;108
1;2025-12-04;6;454
1;2025-12-04;7;1354
1;2025-12-04;8;1824
1;2025-12-04;9;1410
1;2025-12-04;10;1321
1;2025-12-04;11;1247
1;2025-12-04;12;1321
1;2025-12-04;13;1342
1;2025-12-04;14;1275
1;2025-12-04;15;1349
1;2025-12-04;16;1416
1;2025-12-04;17;1651
1;2025-12-04;18;1747
1;2025-12-04;19;1344
1;2025-12-04;20;858
1;2025-12-04;21;421
1;2025-12-04;22;183
1;2025-12-04;23;39
1;2025-12-05;0;0
1;2025-12-05;1;0
1;2025-12-05;2;0
1;2025-12-05;3;0
1;2025-12-05;4;0
1;2025-12-05;5;117
1;2025-12-05;6;448
1;2025-12-05;7;1345
1;2025-12-05;8;1763
1;2025-12-05;9;1329
1;2025-12-05;10;1244
1;2025-12-05;11;1305
1;2025-12-05;12;1308
1;2025-12-05;13;1332
1;2025-12-05;14;1264
1;2025-12-05;15;1396
1;2025-12-05;16;1478
1;2025-12-05;17;1642
1;2025-12-05;18;1461
1;2025-12-05;19;1119
1;2025-12-05;20;766
1;2025-12-05;21;420
1;2025-12-05;22;184
1;2025-12-05;23;41
1;2025-12-06;0;1
1;2025-12-06;1;0
1;2025-12-06;2;0
1;2025-12-06;3;0
1;2025-12-06;4;0
1;2025-12-06;5;25
1;2025-12-06;6;140
1;2025-12-06;7;270
1;2025-12-06;8;412
1;2025-12-06;9;626
1;2025-12-06;10;754
1;2025-12-06;11;666
1;2025-12-06;12;845
1;2025-12-06;13;865
1;2025-12-06;14;838
1;2025-12-06;15;715
1;2025-12-06;16;640
1;2025-12-06;17;631
1;2025-12-06;18;563
1;2025-12-06;19;533
1;2025-12-06;20;385
1;2025-12-06;21;277
1;2025-12-06;22;90
1;2025-12-06;23;26
1;2025-12-07;0;0
1;2025-12-07;1;0
1;2025-12-07;2;0
1;2025-12-07;3;0
1;2025-12-07;4;0
1;2025-12-07;5;6
1;2025-12-07;6;109
1;2025-12-07;7;200
1;2025-12-07;8;331
1;2025-12-07;9;548
1;2025-12-07;10;642
1;2025-12-07;11;658
1;2025-12-07;12;777
1;2025-12-07;13;853
1;2025-12-07;14;739
1;2025-12-07;15;663
1;2025-12-07;16;595
1;2025-12-07;17;582
1;2025-12-07;18;509
1;2025-12-07;19;436
1;2025-12-07;20;342
1;2025-12-07;21;232
1;2025-12-07;22;65
1;2025-12-07;23;12
1;2025-12-08;0;0
1;2025-12-08;1;0
1;2025-12-08;2;0
1;2025-12-08;3;0
1;2025-12-08;4;3
1;2025-12-08;5;118
1;2025-12-08;6;478
1;2025-12-08;7;1379
1;2025-12-08;8;1846
1;2025-12-08;9;1327
1;2025-12-08;10;1141
1;2025-12-08;11;1241
1;2025-12-08;12;1248
1;2025-12-08;13;1283
1;2025-12-08;14;1278
1;2025-12-08;15;1404
1;2025-12-08;16;1414
1;2025-12-08;17;1752
1;2025-12-08;18;1742
1;2025-12-08;19;1374
1;2025-12-08;20;877
1;2025-12-08;21;423
1;2025-12-08;22;170
1;2025-12-08;23;27
1;2025-12-09;0;1
1;2025-12-09;1;0
1;2025-12-09;2;0
1;2025-12-09;3;0
1;2025-12-09;4;0
1;2025-12-09;5;117
1;2025-12-09;6;516
1;2025-12-09;7;1457
1;2025-12-09;8;1858
1;2025-12-09;9;1454
1;2025-12-09;10;1328
1;2025-12-09;11;1324
1;2025-12-09;12;1335
1;2025-12-09;13;1367
1;2025-12-09;14;1285
1;2025-12-09;15;1357
1;2025-12-09;16;1419
1;2025-12-09;17;1702
1;2025-12-09;18;1751
1;2025-12-09;19;1377
1;2025-12-09;20;873
1;2025-12-09;21;427
1;2025-12-09;22;180
1;2025-12-09;23;29
1;2025-12-10;0;2
1;2025-12-10;1;0
1;2025-12-10;2;0
1;2025-12-10;3;0
1;2025-12-10;4;0
1;2025-12-10;5;119
1;2025-12-10;6;481
1;2025-12-10;7;1388
1;2025-12-10;8;1862
1;2025-12-10;9;1400
1;2025-12-10;10;1317
1;2025-12-10;11;1316
1;2025-12-10;12;1327
1;2025-12-10;13;1366
1;2025-12-10;14;1288
1;2025-12-10;15;1410
1;2025-12-10;16;1419
1;2025-12-10;17;1726
1;2025-12-10;18;1759
1;2025-12-10;19;1333
1;2025-12-10;20;879
1;2025-12-10;21;427
1;2025-12-10;22;182
1;2025-12-10;23;30
1;2025-12-11;0;1
1;2025-12-11;1;0
1;2025-12-11;2;0
1;2025-12-11;3;0
1;2025-12-11;4;1
1;2025-12-11;5;110
1;2025-12-11;6;456
1;2025-12-11;7;1360
1;2025-12-11;8;1822
1;2025-12-11;9;1420
1;2025-12-11;10;1325
1;2025-12-11;11;1257
1;2025-12-11;12;1322
1;2025-12-11;13;1358
1;2025-12-11;14;1297
1;2025-12-11;15;1370
1;2025-12-11;16;1441
1;2025-12-11;17;1664
1;2025-12-11;18;1747
1;2025-12-11;19;1340
1;2025-12-11;20;859
1;2025-12-11;21;422
1;2025-12-11;22;188
1;2025-12-11;23;41
1;2025-12-12;0;0
1;2025-12-12;1;0
1;2025-12-12;2;0
1;2025-12-12;3;0
1;2025-12-12;4;0
1;2025-12-12;5;119
1;2025-12-12;6;451
1;2025-12-12;7;1352
1;2025-12-12;8;1762
1;2025-12-12;9;1339
1;2025-12-12;10;1249
1;2025-12-12;11;1312
1;2025-12-12;12;1307
1;2025-12-12;13;1347
1;2025-12-12;14;1281
1;2025-12-12;15;1412
1;2025-12-12;16;1499
1;2025-12-12;17;1656
1;2025-12-12;18;1463
1;2025-12-12;19;1119
1;2025-12-12;20;766
1;2025-12-12;21;420
1;2025-12-12;22;190
1;2025-12-12;23;43
1;2025-12-13;0;2
1;2025-12-13;1;0
1;2025-12-13;2;0
1;2025-12-13;3;0
1;2025-12-13;4;0
1;2025-12-13;5;27
1;2025-12-13;6;141
1;2025-12-13;7;274
1;2025-12-13;8;409
1;2025-12-13;9;634
1;2025-12-13;10;757
1;2025-12-13;11;673
1;2025-12-13;12;848
1;2025-12-13;13;879
1;2025-12-13;14;863
1;2025-12-13;15;739
1;2025-12-13;16;667
1;2025-12-13;17;643
1;2025-12-13;18;565
1;2025-12-13;19;534
1;2025-12-13;20;386
1;2025-12-13;21;278
1;2025-12-13;22;94
1;2025-12-13;23;28
1;2025-12-14;0;0
1;2025-12-14;1;0
1;2025-12-14;2;0
1;2025-12-14;3;0
1;2025-12-14;4;0
1;2025-12-14;5;12
1;2025-12-14;6;115
1;2025-12-14;7;209
1;2025-12-14;8;349
1;2025-12-14;9;602
1;2025-12-14;10;677
1;2025-12-14;11;693
1;2025-12-14;12;817
1;2025-12-14;13;905
1;2025-12-14;14;811
1;2025-12-14;15;735
1;2025-12-14;16;671
1;2025-12-14;17;640
1;2025-12-14;18;530
1;2025-12-14;19;447
1;2025-12-14;20;353
1;2025-12-14;21;236
1;2025-12-14;22;72
1;2025-12-14;23;22
1;2025-12-15;0;0
1;2025-12-15;1;0
1;2025-12-15;2;0
1;2025-12-15;3;0
1;2025-12-15;4;7
1;2025-12-15;5;124
1;2025-12-15;6;488
1;2025-12-15;7;1380
1;2025-12-15;8;1856
1;2025-12-15;9;1350
1;2025-12-15;10;1157
1;2025-12-15;11;1249
1;2025-12-15;12;1266
1;2025-12-15;13;1298
1;2025-12-15;14;1302
1;2025-12-15;15;1418
1;2025-12-15;16;1429
1;2025-12-15;17;1766
1;2025-12-15;18;1744
1;2025-12-15;19;1378
1;2025-12-15;20;890
1;2025-12-15;21;432
1;2025-12-15;22;173
1;2025-12-15;23;35
1;2025-12-16;0;2
1;2025-12-16;1;0
1;2025-12-16;2;0
1;2025-12-16;3;0
1;2025-12-16;4;2
1;2025-12-16;5;123
1;2025-12-16;6;526
1;2025-12-16;7;1460
1;2025-12-16;8;1867
1;2025-12-16;9;1470
1;2025-12-16;10;1341
1;2025-12-16;11;1325
1;2025-12-16;12;1350
1;2025-12-16;13;1377
1;2025-12-16;14;1307
1;2025-12-16;15;1373
1;2025-12-16;16;1433
1;2025-12-16;17;1716
1;2025-12-16;18;1754
1;2025-12-16;19;1380
1;2025-12-16;20;884
1;2025-12-16;21;439
1;2025-12-16;22;185
1;2025-12-16;23;37
1;2025-12-17;0;2
1;2025-12-17;1;0
1;2025-12-17;2;0
1;2025-12-17;3;0
1;2025-12-17;4;2
1;2025-12-17;5;126
1;2025-12-17;6;490
1;2025-12-17;7;1392
1;2025-12-17;8;1869
1;2025-12-17;9;1417
1;2025-12-17;10;1329
1;2025-12-17;11;1319
1;2025-12-17;12;1341
1;2025-12-17;13;1377
1;2025-12-17;14;1310
1;2025-12-17;15;1421
1;2025-12-17;16;1432
1;2025-12-17;17;1742
1;2025-12-17;18;1760
1;2025-12-17;19;1336
1;2025-12-17;20;888
1;2025-12-17;21;437
1;2025-12-17;22;186
1;2025-12-17;23;36
1;2025-12-18;0;2
1;2025-12-18;1;0
1;2025-12-18;2;0
1;2025-12-18;3;0
1;2025-12-18;4;2
1;2025-12-18;5;115
1;2025-12-18;6;463
1;2025-12-18;7;1357
1;2025-12-18;8;1825
1;2025-12-18;9;1425
1;2025-12-18;10;1327
1;2025-12-18;11;1251
1;2025-12-18;12;1327
1;2025-12-18;13;1360
1;2025-12-18;14;1309
1;2025-12-18;15;1376
1;2025-12-18;16;1443
1;2025-12-18;17;1674
1;2025-12-18;18;1747
1;2025-12-18;19;1336
1;2025-12-18;20;864
1;2025-12-18;21;429
1;2025-12-18;22;191
1;2025-12-18;23;46
1;2025-12-19;0;1
1;2025-12-19;1;0
1;2025-12-19;2;0
1;2025-12-19;3;0
1;2025-12-19;4;0
1;2025-12-19;5;124
1;2025-12-19;6;459
1;2025-12-19;7;1348
1;2025-12-19;8;1768
1;2025-12-19;9;1349
1;2025-12-19;10;1255
1;2025-12-19;11;1307
1;2025-12-19;12;1315
1;2025-12-19;13;1351
1;2025-12-19;14;1294
1;2025-12-19;15;1416
1;2025-12-19;16;1504
1;2025-12-19;17;1668
1;2025-12-19;18;1459
1;2025-12-19;19;1113
1;2025-12-19;20;771
1;2025-12-19;21;428
1;2025-12-19;22;195
1;2025-12-19;23;49
1;2025-12-20;0;3
1;2025-12-20;1;0
1;2025-12-20;2;0
1;2025-12-20;3;0
1;2025-12-20;4;0
1;2025-12-20;5;30
1;2025-12-20;6;136
1;2025-12-20;7;272
1;2025-12-20;8;430
1;2025-12-20;9;667
1;2025-12-20;10;776
1;2025-12-20;11;685
1;2025-12-20;12;870
1;2025-12-20;13;900
1;2025-12-20;14;895
1;2025-12-20;15;770
1;2025-12-20;16;700
1;2025-12-20;17;674
1;2025-12-20;18;575
1;2025-12-20;19;541
1;2025-12-20;20;392
1;2025-12-20;21;277
1;2025-12-20;22;91
1;2025-12-20;23;34
1;2025-12-21;0;0
1;2025-12-21;1;0
1;2025-12-21;2;0
1;2025-12-21;3;0
1;2025-12-21;4;0
1;2025-12-21;5;12
1;2025-12-21;6;109
1;2025-12-21;7;209
1;2025-12-21;8;344
1;2025-12-21;9;602
1;2025-12-21;10;678
1;2025-12-21;11;692
1;2025-12-21;12;817
1;2025-12-21;13;905
1;2025-12-21;14;810
1;2025-12-21;15;734
1;2025-12-21;16;670
1;2025-12-21;17;640
1;2025-12-21;18;530
1;2025-12-21;19;447
1;2025-12-21;20;351
1;2025-12-21;21;236
1;2025-12-21;22;68
1;2025-12-21;23;22
1;2025-12-22;0;0
1;2025-12-22;1;0
1;2025-12-22;2;0
1;2025-12-22;3;0
1;2025-12-22;4;7
1;2025-12-22;5;118
1;2025-12-22;6;488
1;2025-12-22;7;1376
1;2025-12-22;8;1853
1;2025-12-22;9;1341
1;2025-12-22;10;1149
1;2025-12-22;11;1240
1;2025-12-22;12;1259
1;2025-12-22;13;1291
1;2025-12-22;14;1295
1;2025-12-22;15;1409
1;2025-12-22;16;1422
1;2025-12-22;17;1759
1;2025-12-22;18;1737
1;2025-12-22;19;1371
1;2025-12-22;20;890
1;2025-12-22;21;432
1;2025-12-22;22;169
1;2025-12-22;23;35
1;2025-12-23;0;2
1;2025-12-23;1;0
1;2025-12-23;2;0
1;2025-12-23;3;0
1;2025-12-23;4;2
1;2025-12-23;5;117
1;2025-12-23;6;526
1;2025-12-23;7;1454
1;2025-12-23;8;1864
1;2025-12-23;9;1463
1;2025-12-23;10;1335
1;2025-12-23;11;1318
1;2025-12-23;12;1343
1;2025-12-23;13;1370
1;2025-12-23;14;1300
1;2025-12-23;15;1366
1;2025-12-23;16;1425
1;2025-12-23;17;1709
1;2025-12-23;18;1747
1;2025-12-23;19;1373
1;2025-12-23;20;884
1;2025-12-23;21;439
1;2025-12-23;22;183
1;2025-12-23;23;37
1;2025-12-24;0;2
1;2025-12-24;1;0
1;2025-12-24;2;0
1;2025-12-24;3;0
1;2025-12-24;4;2
1;2025-12-24;5;118
1;2025-12-24;6;490
1;2025-12-24;7;1385
1;2025-12-24;8;1865
1;2025-12-24;9;1410
1;2025-12-24;10;1322
1;2025-12-24;11;1312
1;2025-12-24;12;1334
1;2025-12-24;13;1370
1;2025-12-24;14;1302
1;2025-12-24;15;1414
1;2025-12-24;16;1425
1;2025-12-24;17;1734
1;2025-12-24;18;1753
1;2025-12-24;19;1329
1;2025-12-24;20;888
1;2025-12-24;21;437
1;2025-12-24;22;182
1;2025-12-24;23;36
1;2025-12-25;0;2
1;2025-12-25;1;0
1;2025-12-25;2;0
1;2025-12-25;3;0
1;2025-12-25;4;2
1;2025-12-25;5;108
1;2025-12-25;6;463
1;2025-12-25;7;1350
1;2025-12-25;8;1815
1;2025-12-25;9;1418
1;2025-12-25;10;1320
1;2025-12-25;11;1244
1;2025-12-25;12;1320
1;2025-12-25;13;1353
1;2025-12-25;14;1302
1;2025-12-25;15;1369
1;2025-12-25;16;1436
1;2025-12-25;17;1667
1;2025-12-25;18;1740
1;2025-12-25;19;1329
1;2025-12-25;20;864
1;2025-12-25;21;429
1;2025-12-25;22;187
1;2025-12-25;23;46
1;2025-12-26;0;1
1;2025-12-26;1;0
1;2025-12-26;2;0
1;2025-12-26;3;0
1;2025-12-26;4;0
1;2025-12-26;5;118
1;2025-12-26;6;459
1;2025-12-26;7;1340
1;2025-12-26;8;1757
1;2025-12-26;9;1342
1;2025-12-26;10;1248
1;2025-12-26;11;1300
1;2025-12-26;12;1308
1;2025-12-26;13;1343
1;2025-12-26;14;1286
1;2025-12-26;15;1409
1;2025-12-26;16;1497
1;2025-12-26;17;1660
1;2025-12-26;18;1451
1;2025-12-26;19;1104
1;2025-12-26;20;769
1;2025-12-26;21;427
1;2025-12-26;22;192
1;2025-12-26;23;48
1;2025-12-27;0;3
1;2025-12-27;1;0
1;2025-12-27;2;0
1;2025-12-27;3;0
1;2025-12-27;4;0
1;2025-12-27;5;29
1;2025-12-27;6;136
1;2025-12-27;7;270
1;2025-12-27;8;430
1;2025-12-27;9;665
1;2025-12-27;10;774
1;2025-12-27;11;683
1;2025-12-27;12;869
1;2025-12-27;13;899
1;2025-12-27;14;895
1;2025-12-27;15;770
1;2025-12-27;16;699
1;2025-12-27;17;674
1;2025-12-27;18;574
1;2025-12-27;19;539
1;2025-12-27;20;391
1;2025-12-27;21;276
1;2025-12-27;22;90
1;2025-12-27;23;33
1;2025-12-28;0;0
1;2025-12-28;1;0
1;2025-12-28;2;0
1;2025-12-28;3;0
1;2025-12-28;4;0
1;2025-12-28;5;11
1;2025-12-28;6;110
1;2025-12-28;7;208
1;2025-12-28;8;343
1;2025-12-28;9;602
1;2025-12-28;10;677
1;2025-12-28;11;691
1;2025-12-28;12;816
1;2025-12-28;13;898
1;2025-12-28;14;808
1;2025-12-28;15;733
1;2025-12-28;16;678
1;2025-12-28;17;639
1;2025-12-28;18;530
1;2025-12-28;19;446
1;2025-12-28;20;350
1;2025-12-28;21;235
1;2025-12-28;22;68
1;2025-12-28;23;22
1;2025-12-29;0;0
1;2025-12-29;1;0
1;2025-12-29;2;0
1;2025-12-29;3;0
1;2025-12-29;4;7
1;2025-12-29;5;117
1;2025-12-29;6;488
1;2025-12-29;7;1374
1;2025-12-29;8;1852
1;2025-12-29;9;1341
1;2025-12-29;10;1136
1;2025-12-29;11;1240
1;2025-12-29;12;1259
1;2025-12-29;13;1290
1;2025-12-29;14;1294
1;2025-12-29;15;1409
1;2025-12-29;16;1422
1;2025-12-29;17;1758
1;2025-12-29;18;1737
1;2025-12-29;19;1369
1;2025-12-29;20;870
1;2025-12-29;21;431
1;2025-12-29;22;168
1;2025-12-29;23;34
1;2025-12-30;0;2
1;2025-12-30;1;0
1;2025-12-30;2;0
1;2025-12-30;3;0
1;2025-12-30;4;1
1;2025-12-30;5;117
1;2025-12-30;6;525
1;2025-12-30;7;1451
1;2025-12-30;8;1860
1;2025-12-30;9;1462
1;2025-12-30;10;1332
1;2025-12-30;11;1316
1;2025-12-30;12;1342
1;2025-12-30;13;1369
1;2025-12-30;14;1299
1;2025-12-30;15;1366
1;2025-12-30;16;1424
1;2025-12-30;17;1708
1;2025-12-30;18;1743
1;2025-12-30;19;1372
1;2025-12-30;20;864
1;2025-12-30;21;438
1;2025-12-30;22;182
1;2025-12-30;23;36
1;2025-12-31;0;2
1;2025-12-31;1;0
1;2025-12-31;2;0
1;2025-12-31;3;0
1;2025-12-31;4;0
1;2025-12-31;5;53
1;2025-12-31;6;247
1;2025-12-31;7;365
1;2025-12-31;8;451
1;2025-12-31;9;512
1;2025-12-31;10;522
1;2025-12-31;11;549
1;2025-12-31;12;626
1;2025-12-31;13;659
1;2025-12-31;14;655
1;2025-12-31;15;644
1;2025-12-31;16;638
1;2025-12-31;17;631
1;2025-12-31;18;557
1;2025-12-31;19;567
1;2025-12-31;20;384
1;2025-12-31;21;271
1;2025-12-31;22;106
1;2025-12-31;23;29
5;2025-11-01;0;0
5;2025-11-01;1;0
5;2025-11-01;2;0
5;2025-11-01;3;0
5;2025-11-01;4;0
5;2025-11-01;5;0
5;2025-11-01;6;0
5;2025-11-01;7;0
5;2025-11-01;8;0
5;2025-11-01;9;0
5;2025-11-01;10;0
5;2025-11-01;11;0
5;2025-11-01;12;0
5;2025-11-01;13;0
5;2025-11-01;14;0
5;2025-11-01;15;0
5;2025-11-01;16;0
5;2025-11-01;17;0
5;2025-11-01;18;0
5;2025-11-01;19;0
5;2025-11-01;20;0
5;2025-11-01;21;0
5;2025-11-01;22;0
5;2025-11-01;23;0
5;2025-11-02;0;0
5;2025-11-02;1;0
5;2025-11-02;2;0
5;2025-11-02;3;0
5;2025-11-02;4;0
5;2025-11-02;5;0
5;2025-11-02;6;0
5;2025-11-02;7;0
5;2025-11-02;8;0
5;2025-11-02;9;0
5;2025-11-02;10;0
5;2025-11-02;11;0
5;2025-11-02;12;0
5;2025-11-02;13;0
5;2025-11-02;14;0
5;2025-11-02;15;0
5;2025-11-02;16;0
5;2025-11-02;17;0
5;2025-11-02;18;0
5;2025-11-02;19;0
5;2025-11-02;20;0
5;2025-11-02;21;0
5;2025-11-02;22;0
5;2025-11-02;23;0
5;2025-11-03;0;0
5;2025-11-03;1;0
5;2025-11-03;2;0
5;2025-11-03;3;0
5;2025-11-03;4;0
5;2025-11-03;5;0
5;2025-11-03;6;0
5;2025-11-03;7;0
5;2025-11-03;8;0
5;2025-11-03;9;0
5;2025-11-03;10;0
5;2025-11-03;11;0
5;2025-11-03;12;0
5;2025-11-03;13;0
5;2025-11-03;14;0
5;2025-11-03;15;0
5;2025-11-03;16;0
5;2025-11-03;17;0
5;2025-11-03;18;0
5;2025-11-03;19;0
5;2025-11-03;20;0
5;2025-11-03;21;0
5;2025-11-03;22;0
5;2025-11-03;23;0
5;2025-11-04;0;0
5;2025-11-04;1;0
5;2025-11-04;2;0
5;2025-11-04;3;0
5;2025-11-04;4;0
5;2025-11-04;5;0
5;2025-11-04;6;0
5;2025-11-04;7;0
5;2025-11-04;8;0
5;2025-11-04;9;0
5;2025-11-04;10;0
5;2025-11-04;11;0
5;2025-11-04;12;0
5;2025-11-04;13;0
5;2025-11-04;14;0
5;2025-11-04;15;0
5;2025-11-04;16;0
5;2025-11-04;17;0
5;2025-11-04;18;0
5;2025-11-04;19;0
5;2025-11-04;20;0
5;2025-11-04;21;0
5;2025-11-04;22;0
5;2025-11-04;23;0
5;2025-11-05;0;0
5;2025-11-05;1;0
5;2025-11-05;2;0
5;2025-11-05;3;0
5;2025-11-05;4;0
5;2025-11-05;5;0
5;2025-11-05;6;0
5;2025-11-05;7;0
5;2025-11-05;8;0
5;2025-11-05;9;0
5;2025-11-05;10;0
5;2025-11-05;11;0
5;2025-11-05;12;0
5;2025-11-05;13;0
5;2025-11-05;14;0
5;2025-11-05;15;0
5;2025-11-05;16;0
5;2025-11-05;17;0
5;2025-11-05;18;0
5;2025-11-05;19;0
5;2025-11-05;20;0
5;2025-11-05;21;0
5;2025-11-05;22;0
5;2025-11-05;23;0
5;2025-11-06;0;0
5;2025-11-06;1;0
5;2025-11-06;2;0
5;2025-11-06;3;0
5;2025-11-06;4;0
5;2025-11-06;5;0
5;2025-11-06;6;0
5;2025-11-06;7;0
5;2025-11-06;8;0
5;2025-11-06;9;0
5;2025-11-06;10;0
5;2025-11-06;11;0
5;2025-11-06;12;0
5;2025-11-06;13;0
5;2025-11-06;14;0
5;2025-11-06;15;0
5;2025-11-06;16;0
5;2025-11-06;17;0
5;2025-11-06;18;0
5;2025-11-06;19;0
5;2025-11-06;20;0
5;2025-11-06;21;0
5;2025-11-06;22;0
5;2025-11-06;23;0
5;2025-11-07;0;0
5;2025-11-07;1;0
5;2025-11-07;2;0
5;2025-11-07;3;0
5;2025-11-07;4;0
5;2025-11-07;5;0
5;2025-11-07;6;0
5;2025-11-07;7;0
5;2025-11-07;8;0
5;2025-11-07;9;0
5;2025-11-07;10;0
5;2025-11-07;11;0
5;2025-11-07;12;0
5;2025-11-07;13;0
5;2025-11-07;14;0
5;2025-11-07;15;0
5;2025-11-07;16;0
5;2025-11-07;17;0
5;2025-11-07;18;0
5;2025-11-07;19;0
5;2025-11-07;20;0
5;2025-11-07;21;0
5;2025-11-07;22;0
5;2025-11-07;23;0
5;2025-11-08;0;0
5;2025-11-08;1;0
5;2025-11-08;2;0
5;2025-11-08;3;0
5;2025-11-08;4;0
5;2025-11-08;5;0
5;2025-11-08;6;0
5;2025-11-08;7;0
5;2025-11-08;8;0
5;2025-11-08;9;0
5;2025-11-08;10;0
5;2025-11-08;11;0
5;2025-11-08;12;0
5;2025-11-08;13;0
5;2025-11-08;14;0
5;2025-11-08;15;0
5;2025-11-08;16;0
5;2025-11-08;17;0
5;2025-11-08;18;0
5;2025-11-08;19;0
5;2025-11-08;20;0
5;2025-11-08;21;0
5;2025-11-08;22;0
5;2025-11-08;23;0
5;2025-11-09;0;0
5;2025-11-09;1;0
5;2025-11-09;2;0
5;2025-11-09;3;0
5;2025-11-09;4;0
5;2025-11-09;5;0
5;2025-11-09;6;0
5;2025-11-09;7;0
5;2025-11-09;8;0
5;2025-11-09;9;0
5;2025-11-09;10;0
5;2025-11-09;11;0
5;2025-11-09;12;0
5;2025-11-09;13;0
5;2025-11-09;14;0
5;2025-11-09;15;0
5;2025-11-09;16;0
5;2025-11-09;17;0
5;2025-11-09;18;0
5;2025-11-09;19;0
5;2025-11-09;20;0
5;2025-11-09;21;0
5;2025-11-09;22;0
5;2025-11-09;23;0
5;2025-11-10;0;0
5;2025-11-10;1;0
5;2025-11-10;2;0
5;2025-11-10;3;0
5;2025-11-10;4;0
5;2025-11-10;5;0
5;2025-11-10;6;0
5;2025-11-10;7;0
5;2025-11-10;8;0
5;2025-11-10;9;0
5;2025-11-10;10;0
5;2025-11-10;11;0
5;2025-11-10;12;0
5;2025-11-10;13;0
5;2025-11-10;14;0
5;2025-11-10;15;0
5;2025-11-10;16;0
5;2025-11-10;17;0
5;2025-11-10;18;0
5;2025-11-10;19;0
5;2025-11-10;20;0
5;2025-11-10;21;0
5;2025-11-10;22;0
5;2025-11-10;23;0
5;2025-11-11;0;0
5;2025-11-11;1;0
5;2025-11-11;2;0
5;2025-11-11;3;0
5;2025-11-11;4;0
5;2025-11-11;5;0
5;2025-11-11;6;0
5;2025-11-11;7;0
5;2025-11-11;8;0
5;2025-11-11;9;0
5;2025-11-11;10;0
5;2025-11-11;11;0
5;2025-11-11;12;0
5;2025-11-11;13;0
5;2025-11-11;14;0
5;2025-11-11;15;0
5;2025-11-11;16;0
5;2025-11-11;17;0
5;2025-11-11;18;0
5;2025-11-11;19;0
5;2025-11-11;20;0
5;2025-11-11;21;0
5;2025-11-11;22;0
5;2025-11-11;23;0
5;2025-11-12;0;0
5;2025-11-12;1;0
5;2025-11-12;2;0
5;2025-11-12;3;0
5;2025-11-12;4;0
5;2025-11-12;5;0
5;2025-11-12;6;0
5;2025-11-12;7;0
5;2025-11-12;8;0
5;2025-11-12;9;0
5;2025-11-12;10;0
5;2025-11-12;11;0
5;2025-11-12;12;0
5;2025-11-12;13;0
5;2025-11-12;14;0
5;2025-11-12;15;0
5;2025-11-12;16;0
5;2025-11-12;17;0
5;2025-11-12;18;0
5;2025-11-12;19;0
5;2025-11-12;20;0
5;2025-11-12;21;0
5;2025-11-12;22;0
5;2025-11-12;23;0
5;2025-11-13;0;0
5;2025-11-13;1;0
5;2025-11-13;2;0
5;2025-11-13;3;0
5;2025-11-13;4;0
5;2025-11-13;5;0
5;2025-11-13;6;0
5;2025-11-13;7;0
5;2025-11-13;8;0
5;2025-11-13;9;0
5;2025-11-13;10;0
5;2025-11-13;11;0
5;2025-11-13;12;0
5;2025-11-13;13;0
5;2025-11-13;14;0
5;2025-11-13;15;0
5;2025-11-13;16;0
5;2025-11-13;17;0
5;2025-11-13;18;0
5;2025-11-13;19;0
5;2025-11-13;20;0
5;2025-11-13;21;0
5;2025-11-13;22;0
5;2025-11-13;23;0
5;2025-11-14;0;0
5;2025-11-14;1;0
5;2025-11-14;2;0
5;2025-11-14;3;0
5;2025-11-14;4;0
5;2025-11-14;5;0
5;2025-11-14;6;0
5;2025-11-14;7;0
5;2025-11-14;8;0
5;2025-11-14;9;0
5;2025-11-14;10;0
5;2025-11-14;11;0
5;2025-11-14;12;0
5;2025-11-14;13;0
5;2025-11-14;14;0
5;2025-11-14;15;0
5;2025-11-14;16;0
5;2025-11-14;17;0
5;2025-11-14;18;0
5;2025-11-14;19;0
5;2025-11-14;20;0
5;2025-11-14;21;0
5;2025-11-14;22;0
5;2025-11-14;23;0
5;2025-11-15;0;0
5;2025-11-15;1;0
5;2025-11-15;2;0
5;2025-11-15;3;0
5;2025-11-15;4;0
5;2025-11-15;5;0
5;2025-11-15;6;0
5;2025-11-15;7;0
5;2025-11-15;8;0
5;2025-11-15;9;0
5;2025-11-15;10;0
5;2025-11-15;11;0
5;2025-11-15;12;0
5;2025-11-15;13;0
5;2025-11-15;14;0
5;2025-11-15;15;0
5;2025-11-15;16;0
5;2025-11-15;17;0
5;2025-11-15;18;0
5;2025-11-15;19;0
5;2025-11-15;20;0
5;2025-11-15;21;0
5;2025-11-15;22;0
5;2025-11-15;23;0
5;2025-11-16;0;0
5;2025-11-16;1;0
5;2025-11-16;2;0
5;2025-11-16;3;0
5;2025-11-16;4;0
5;2025-11-16;5;0
5;2025-11-16;6;0
5;2025-11-16;7;0
5;2025-11-16;8;0
5;2025-11-16;9;0
5;2025-11-16;10;0
5;2025-11-16;11;0
5;2025-11-16;12;0
5;2025-11-16;13;0
5;2025-11-16;14;0
5;2025-11-16;15;0
5;2025-11-16;16;0
5;2025-11-16;17;0
5;2025-11-16;18;0
5;2025-11-16;19;0
5;2025-11-16;20;0
5;2025-11-16;21;0
5;2025-11-16;22;0
5;2025-11-16;23;0
5;2025-11-17;0;0
5;2025-11-17;1;0
5;2025-11-17;2;0
5;2025-11-17;3;0
5;2025-11-17;4;0
5;2025-11-17;5;0
5;2025-11-17;6;0
5;2025-11-17;7;0
5;2025-11-17;8;0
5;2025-11-17;9;0
5;2025-11-17;10;0
5;2025-11-17;11;0
5;2025-11-17;12;0
5;2025-11-17;13;0
5;2025-11-17;14;0
5;2025-11-17;15;0
5;2025-11-17;16;0
5;2025-11-17;17;0
5;2025-11-17;18;0
5;2025-11-17;19;0
5;2025-11-17;20;0
5;2025-11-17;21;0
5;2025-11-17;22;0
5;2025-11-17;23;0
5;2025-11-18;0;0
5;2025-11-18;1;0
5;2025-11-18;2;0
5;2025-11-18;3;0
5;2025-11-18;4;0
5;2025-11-18;5;0
5;2025-11-18;6;0
5;2025-11-18;7;0
5;2025-11-18;8;0
5;2025-11-18;9;0
5;2025-11-18;10;0
5;2025-11-18;11;0
5;2025-11-18;12;0
5;2025-11-18;13;0
5;2025-11-18;14;0
5;2025-11-18;15;0
5;2025-11-18;16;0
5;2025-11-18;17;0
5;2025-11-18;18;0
5;2025-11-18;19;0
5;2025-11-18;20;0
5;2025-11-18;21;0
5;2025-11-18;22;0
5;2025-11-18;23;0
5;2025-11-19;0;0
5;2025-11-19;1;0
5;2025-11-19;2;0
5;2025-11-19;3;0
5;2025-11-19;4;0
5;2025-11-19;5;0
5;2025-11-19;6;0
5;2025-11-19;7;0
5;2025-11-19;8;0
5;2025-11-19;9;0
5;2025-11-19;10;0
5;2025-11-19;11;0
5;2025-11-19;12;0
5;2025-11-19;13;0
5;2025-11-19;14;0
5;2025-11-19;15;0
5;2025-11-19;16;0
5;2025-11-19;17;0
5;2025-11-19;18;0
5;2025-11-19;19;0
5;2025-11-19;20;0
5;2025-11-19;21;0
5;2025-11-19;22;0
5;2025-11-19;23;0
5;2025-11-20;0;0
5;2025-11-20;1;0
5;2025-11-20;2;0
5;2025-11-20;3;0
5;2025-11-20;4;0
5;2025-11-20;5;0
5;2025-11-20;6;0
5;2025-11-20;7;0
5;2025-11-20;8;0
5;2025-11-20;9;0
5;2025-11-20;10;0
5;2025-11-20;11;0
5;2025-11-20;12;0
5;2025-11-20;13;0
5;2025-11-20;14;0
5;2025-11-20;15;0
5;2025-11-20;16;0
5;2025-11-20;17;0
5;2025-11-20;18;0
5;2025-11-20;19;0
5;2025-11-20;20;0
5;2025-11-20;21;0
5;2025-11-20;22;0
5;2025-11-20;23;0
5;2025-11-21;0;0
5;2025-11-21;1;0
5;2025-11-21;2;0
5;2025-11-21;3;0
5;2025-11-21;4;0
5;2025-11-21;5;0
5;2025-11-21;6;0
5;2025-11-21;7;0
5;2025-11-21;8;0
5;2025-11-21;9;0
5;2025-11-21;10;0
5;2025-11-21;11;0
5;2025-11-21;12;0
5;2025-11-21;13;0
5;2025-11-21;14;0
5;2025-11-21;15;0
5;2025-11-21;16;0
5;2025-11-21;17;0
5;2025-11-21;18;0
5;2025-11-21;19;0
5;2025-11-21;20;0
5;2025-11-21;21;0
5;2025-11-21;22;0
5;2025-11-21;23;0
5;2025-11-22;0;0
5;2025-11-22;1;0
5;2025-11-22;2;0
5;2025-11-22;3;0
5;2025-11-22;4;0
5;2025-11-22;5;0
5;2025-11-22;6;0
5;2025-11-22;7;0
5;2025-11-22;8;0
5;2025-11-22;9;0
5;2025-11-22;10;0
5;2025-11-22;11;0
5;2025-11-22;12;0
5;2025-11-22;13;0
5;2025-11-22;14;0
5;2025-11-22;15;0
5;2025-11-22;16;0
5;2025-11-22;17;0
5;2025-11-22;18;0
5;2025-11-22;19;0
5;2025-11-22;20;0
5;2025-11-22;21;0
5;2025-11-22;22;0
5;2025-11-22;23;0
5;2025-11-23;0;0
5;2025-11-23;1;0
5;2025-11-23;2;0
5;2025-11-23;3;0
5;2025-11-23;4;0
5;2025-11-23;5;0
5;2025-11-23;6;0
5;2025-11-23;7;0
5;2025-11-23;8;0
5;2025-11-23;9;0
5;2025-11-23;10;0
5;2025-11-23;11;0
5;2025-11-23;12;0
5;2025-11-23;13;0
5;2025-11-23;14;0
5;2025-11-23;15;0
5;2025-11-23;16;0
5;2025-11-23;17;0
5;2025-11-23;18;0
5;2025-11-23;19;0
5;2025-11-23;20;0
5;2025-11-23;21;0
5;2025-11-23;22;0
5;2025-11-23;23;0
5;2025-11-24;0;0
5;2025-11-24;1;0
5;2025-11-24;2;0
5;2025-11-24;3;0
5;2025-11-24;4;0
5;2025-11-24;5;0
5;2025-11-24;6;0
5;2025-11-24;7;0
5;2025-11-24;8;0
5;2025-11-24;9;0
5;2025-11-24;10;0
5;2025-11-24;11;0
5;2025-11-24;12;0
5;2025-11-24;13;0
5;2025-11-24;14;0
5;2025-11-24;15;0
5;2025-11-24;16;0
5;2025-11-24;17;0
5;2025-11-24;18;0
5;2025-11-24;19;0
5;2025-11-24;20;0
5;2025-11-24;21;0
5;2025-11-24;22;0
5;2025-11-24;23;0
5;2025-11-25;0;0
5;2025-11-25;1;0
5;2025-11-25;2;0
5;2025-11-25;3;0
5;2025-11-25;4;0
5;2025-11-25;5;0
5;2025-11-25;6;0
5;2025-11-25;7;0
5;2025-11-25;8;0
5;2025-11-25;9;0
5;2025-11-25;10;0
5;2025-11-25;11;0
5;2025-11-25;12;0
5;2025-11-25;13;0
5;2025-11-25;14;0
5;2025-11-25;15;0
5;2025-11-25;16;0
5;2025-11-25;17;0
5;2025-11-25;18;0
5;2025-11-25;19;0
5;2025-11-25;20;0
5;2025-11-25;21;0
5;2025-11-25;22;0
5;2025-11-25;23;0
5;2025-11-26;0;0
5;2025-11-26;1;0
5;2025-11-26;2;0
5;2025-11-26;3;0
5;2025-11-26;4;0
5;2025-11-26;5;0
5;2025-11-26;6;0
5;2025-11-26;7;0
5;2025-11-26;8;0
5;2025-11-26;9;0
5;2025-11-26;10;0
5;2025-11-26;11;0
5;2025-11-26;12;0
5;2025-11-26;13;0
5;2025-11-26;14;0
5;2025-11-26;15;0
5;2025-11-26;16;0
5;2025-11-26;17;0
5;2025-11-26;18;0
5;2025-11-26;19;0
5;2025-11-26;20;0
5;2025-11-26;21;0
5;2025-11-26;22;0
5;2025-11-26;23;0
5;2025-11-27;0;0
5;2025-11-27;1;0
5;2025-11-27;2;0
5;2025-11-27;3;0
5;2025-11-27;4;0
5;2025-11-27;5;0
5;2025-11-27;6;0
5;2025-11-27;7;0
5;2025-11-27;8;0
5;2025-11-27;9;0
5;2025-11-27;10;0
5;2025-11-27;11;0
5;2025-11-27;12;0
5;2025-11-27;13;0
5;2025-11-27;14;0
5;2025-11-27;15;0
5;2025-11-27;16;0
5;2025-11-27;17;0
5;2025-11-27;18;0
5;2025-11-27;19;0
5;2025-11-27;20;0
5;2025-11-27;21;0
5;2025-11-27;22;0
5;2025-11-27;23;0
5;2025-11-28;0;0
5;2025-11-28;1;0
5;2025-11-28;2;0
5;2025-11-28;3;0
5;2025-11-28;4;0
5;2025-11-28;5;0
5;2025-11-28;6;0
5;2025-11-28;7;0
5;2025-11-28;8;0
5;2025-11-28;9;0
5;2025-11-28;10;0
5;2025-11-28;11;0
5;2025-11-28;12;0
5;2025-11-28;13;0
5;2025-11-28;14;0
5;2025-11-28;15;0
5;2025-11-28;16;0
5;2025-11-28;17;0
5;2025-11-28;18;0
5;2025-11-28;19;0
5;2025-11-28;20;0
5;2025-11-28;21;0
5;2025-11-28;22;0
5;2025-11-28;23;0
5;2025-11-29;0;0
5;2025-11-29;1;0
5;2025-11-29;2;0
5;2025-11-29;3;0
5;2025-11-29;4;0
5;2025-11-29;5;0
5;2025-11-29;6;0
5;2025-11-29;7;0
5;2025-11-29;8;0
5;2025-11-29;9;0
5;2025-11-29;10;0
5;2025-11-29;11;0
5;2025-11-29;12;0
5;2025-11-29;13;0
5;2025-11-29;14;0
5;2025-11-29;15;0
5;2025-11-29;16;0
5;2025-11-29;17;0
5;2025-11-29;18;0
5;2025-11-29;19;0
5;2025-11-29;20;0
5;2025-11-29;21;0
5;2025-11-29;22;0
5;2025-11-29;23;0
5;2025-11-30;0;0
5;2025-11-30;1;0
5;2025-11-30;2;0
5;2025-11-30;3;0
5;2025-11-30;4;0
5;2025-11-30;5;0
5;2025-11-30;6;0
5;2025-11-30;7;0
5;2025-11-30;8;0
5;2025-11-30;9;0
5;2025-11-30;10;0
5;2025-11-30;11;0
5;2025-11-30;12;0
5;2025-11-30;13;0
5;2025-11-30;14;0
5;2025-11-30;15;0
5;2025-11-30;16;0
5;2025-11-30;17;0
5;2025-11-30;18;0
5;2025-11-30;19;0
5;2025-11-30;20;0
5;2025-11-30;21;0
5;2025-11-30;22;0
5;2025-11-30;23;0
5;2025-12-01;0;0
5;2025-12-01;1;0
5;2025-12-01;2;0
5;2025-12-01;3;0
5;2025-12-01;4;0
5;2025-12-01;5;0
5;2025-12-01;6;0
5;2025-12-01;7;0
5;2025-12-01;8;0
5;2025-12-01;9;0
5;2025-12-01;10;0
5;2025-12-01;11;0
5;2025-12-01;12;0
5;2025-12-01;13;0
5;2025-12-01;14;0
5;2025-12-01;15;0
5;2025-12-01;16;0
5;2025-12-01;17;0
5;2025-12-01;18;0
5;2025-12-01;19;0
5;2025-12-01;20;0
5;2025-12-01;21;0
5;2025-12-01;22;0
5;2025-12-01;23;0
5;2025-12-02;0;0
5;2025-12-02;1;0
5;2025-12-02;2;0
5;2025-12-02;3;0
5;2025-12-02;4;0
5;2025-12-02;5;0
5;2025-12-02;6;0
5;2025-12-02;7;0
5;2025-12-02;8;0
5;2025-12-02;9;0
5;2025-12-02;10;0
5;2025-12-02;11;0
5;2025-12-02;12;0
5;2025-12-02;13;0
5;2025-12-02;14;0
5;2025-12-02;15;0
5;2025-12-02;16;0
5;2025-12-02;17;0
5;2025-12-02;18;0
5;2025-12-02;19;0
5;2025-12-02;20;0
5;2025-12-02;21;0
5;2025-12-02;22;0
5;2025-12-02;23;0
5;2025-12-03;0;0
5;2025-12-03;1;0
5;2025-12-03;2;0
5;2025-12-03;3;0
5;2025-12-03;4;0
5;2025-12-03;5;0
5;2025-12-03;6;0
5;2025-12-03;7;0
5;2025-12-03;8;0
5;2025-12-03;9;0
5;2025-12-03;10;0
5;2025-12-03;11;0
5;2025-12-03;12;0
5;2025-12-03;13;0
5;2025-12-03;14;0
5;2025-12-03;15;0
5;2025-12-03;16;0
5;2025-12-03;17;0
5;2025-12-03;18;0
5;2025-12-03;19;0
5;2025-12-03;20;0
5;2025-12-03;21;0
5;2025-12-03;22;0
5;2025-12-03;23;0
5;2025-12-04;0;0
5;2025-12-04;1;0
5;2025-12-04;2;0
5;2025-12-04;3;0
5;2025-12-04;4;0
5;2025-12-04;5;0
5;2025-12-04;6;0
5;2025-12-04;7;0
5;2025-12-04;8;0
5;2025-12-04;9;0
5;2025-12-04;10;0
5;2025-12-04;11;0
5;2025-12-04;12;0
5;2025-12-04;13;0
5;2025-12-04;14;0
5;2025-12-04;15;0
5;2025-12-04;16;0
5;2025-12-04;17;0
5;2025-12-04;18;0
5;2025-12-04;19;0
5;2025-12-04;20;0
5;2025-12-04;21;0
5;2025-12-04;22;0
5;2025-12-04;23;0
5;2025-12-05;0;0
5;2025-12-05;1;0
5;2025-12-05;2;0
5;2025-12-05;3;0
5;2025-12-05;4;0
5;2025-12-05;5;0
5;2025-12-05;6;0
5;2025-12-05;7;0
5;2025-12-05;8;0
5;2025-12-05;9;0
5;2025-12-05;10;0
5;2025-12-05;11;0
5;2025-12-05;12;0
5;2025-12-05;13;0
5;2025-12-05;14;0
5;2025-12-05;15;0
5;2025-12-05;16;0
5;2025-12-05;17;0
5;2025-12-05;18;0
5;2025-12-05;19;0
5;2025-12-05;20;0
5;2025-12-05;21;0
5;2025-12-05;22;0
5;2025-12-05;23;0
5;2025-12-06;0;0
5;2025-12-06;1;0
5;2025-12-06;2;0
5;2025-12-06;3;0
5;2025-12-06;4;0
5;2025-12-06;5;0
5;2025-12-06;6;0
5;2025-12-06;7;0
5;2025-12-06;8;0
5;2025-12-06;9;0
5;2025-12-06;10;0
5;2025-12-06;11;0
5;2025-12-06;12;0
5;2025-12-06;13;0
5;2025-12-06;14;0
5;2025-12-06;15;0
5;2025-12-06;16;0
5;2025-12-06;17;0
5;2025-12-06;18;0
5;2025-12-06;19;0
5;2025-12-06;20;0
5;2025-12-06;21;0
5;2025-12-06;22;0
5;2025-12-06;23;0
5;2025-12-07;0;0
5;2025-12-07;1;0
5;2025-12-07;2;0
5;2025-12-07;3;0
5;2025-12-07;4;0
5;2025-12-07;5;0
5;2025-12-07;6;0
5;2025-12-07;7;0
5;2025-12-07;8;0
5;2025-12-07;9;0
5;2025-12-07;10;0
5;2025-12-07;11;0
5;2025-12-07;12;0
5;2025-12-07;13;0
5;2025-12-07;14;0
5;2025-12-07;15;0
5;2025-12-07;16;0
5;2025-12-07;17;0
5;2025-12-07;18;0
5;2025-12-07;19;0
5;2025-12-07;20;0
5;2025-12-07;21;0
5;2025-12-07;22;0
5;2025-12-07;23;0
5;2025-12-08;0;0
5;2025-12-08;1;0
5;2025-12-08;2;0
5;2025-12-08;3;0
5;2025-12-08;4;0
5;2025-12-08;5;0
5;2025-12-08;6;0
5;2025-12-08;7;0
5;2025-12-08;8;0
5;2025-12-08;9;0
5;2025-12-08;10;0
5;2025-12-08;11;0
5;2025-12-08;12;0
5;2025-12-08;13;0
5;2025-12-08;14;0
5;2025-12-08;15;0
5;2025-12-08;16;0
5;2025-12-08;17;0
5;2025-12-08;18;0
5;2025-12-08;19;0
5;2025-12-08;20;0
5;2025-12-08;21;0
5;2025-12-08;22;0
5;2025-12-08;23;0
5;2025-12-09;0;0
5;2025-12-09;1;0
5;2025-12-09;2;0
5;2025-12-09;3;0
5;2025-12-09;4;0
5;2025-12-09;5;0
5;2025-12-09;6;0
5;2025-12-09;7;0
5;2025-12-09;8;0
5;2025-12-09;9;0
5;2025-12-09;10;0
5;2025-12-09;11;0
5;2025-12-09;12;0
5;2025-12-09;13;0
5;2025-12-09;14;0
5;2025-12-09;15;0
5;2025-12-09;16;0
5;2025-12-09;17;0
5;2025-12-09;18;0
5;2025-12-09;19;0
5;2025-12-09;20;0
5;2025-12-09;21;0
5;2025-12-09;22;0
5;2025-12-09;23;0
5;2025-12-10;0;0
5;2025-12-10;1;0
5;2025-12-10;2;0
5;2025-12-10;3;0
5;2025-12-10;4;0
5;2025-12-10;5;0
5;2025-12-10;6;0
5;2025-12-10;7;0
5;2025-12-10;8;0
5;2025-12-10;9;0
5;2025-12-10;10;0
5;2025-12-10;11;0
5;2025-12-10;12;0
5;2025-12-10;13;0
5;2025-12-10;14;0
5;2025-12-10;15;0
5;2025-12-10;16;0
5;2025-12-10;17;0
5;2025-12-10;18;0
5;2025-12-10;19;0
5;2025-12-10;20;0
5;2025-12-10;21;0
5;2025-12-10;22;0
5;2025-12-10;23;0
5;2025-12-11;0;0
5;2025-12-11;1;0
5;2025-12-11;2;0
5;2025-12-11;3;0
5;2025-12-11;4;0
5;2025-12-11;5;0
5;2025-12-11;6;0
5;2025-12-11;7;0
5;2025-12-11;8;0
5;2025-12-11;9;0
5;2025-12-11;10;0
5;2025-12-11;11;0
5;2025-12-11;12;0
5;2025-12-11;13;0
5;2025-12-11;14;0
5;2025-12-11;15;0
5;2025-12-11;16;0
5;2025-12-11;17;0
5;2025-12-11;18;0
5;2025-12-11;19;0
5;2025-12-11;20;0
5;2025-12-11;21;0
5;2025-12-11;22;0
5;2025-12-11;23;0
5;2025-12-12;0;0
5;2025-12-12;1;0
5;2025-12-12;2;0
5;2025-12-12;3;0
5;2025-12-12;4;0
5;2025-12-12;5;0
5;2025-12-12;6;0
5;2025-12-12;7;0
5;2025-12-12;8;0
5;2025-12-12;9;0
5;2025-12-12;10;0
5;2025-12-12;11;0
5;2025-12-12;12;0
5;2025-12-12;13;0
5;2025-12-12;14;0
5;2025-12-12;15;0
5;2025-12-12;16;0
5;2025-12-12;17;0
5;2025-12-12;18;0
5;2025-12-12;19;0
5;2025-12-12;20;0
5;2025-12-12;21;0
5;2025-12-12;22;0
5;2025-12-12;23;0
5;2025-12-13;0;0
5;2025-12-13;1;0
5;2025-12-13;2;0
5;2025-12-13;3;0
5;2025-12-13;4;0
5;2025-12-13;5;0
5;2025-12-13;6;0
5;2025-12-13;7;0
5;2025-12-13;8;0
5;2025-12-13;9;0
5;2025-12-13;10;0
5;2025-12-13;11;0
5;2025-12-13;12;0
5;2025-12-13;13;0
5;2025-12-13;14;0
5;2025-12-13;15;0
5;2025-12-13;16;0
5;2025-12-13;17;0
5;2025-12-13;18;0
5;2025-12-13;19;0
5;2025-12-13;20;0
5;2025-12-13;21;0
5;2025-12-13;22;0
5;2025-12-13;23;0
5;2025-12-14;0;0
5;2025-12-14;1;0
5;2025-12-14;2;0
5;2025-12-14;3;0
5;2025-12-14;4;0
5;2025-12-14;5;0
5;2025-12-14;6;0
5;2025-12-14;7;0
5;2025-12-14;8;0
5;2025-12-14;9;0
5;2025-12-14;10;0
5;2025-12-14;11;0
5;2025-12-14;12;0
5;2025-12-14;13;0
5;2025-12-14;14;0
5;2025-12-14;15;0
5;2025-12-14;16;0
5;2025-12-14;17;0
5;2025-12-14;18;0
5;2025-12-14;19;0
5;2025-12-14;20;0
5;2025-12-14;21;0
5;2025-12-14;22;0
5;2025-12-14;23;0
5;2025-12-15;0;0
5;2025-12-15;1;0
5;2025-12-15;2;0
5;2025-12-15;3;0
5;2025-12-15;4;0
5;2025-12-15;5;0
5;2025-12-15;6;0
5;2025-12-15;7;0
5;2025-12-15;8;0
5;2025-12-15;9;0
5;2025-12-15;10;0
5;2025-12-15;11;0
5;2025-12-15;12;0
5;2025-12-15;13;0
5;2025-12-15;14;0
5;2025-12-15;15;0
5;2025-12-15;16;0
5;2025-12-15;17;0
5;2025-12-15;18;0
5;2025-12-15;19;0
5;2025-12-15;20;0
5;2025-12-15;21;0
5;2025-12-15;22;0
5;2025-12-15;23;0
5;2025-12-16;0;0
5;2025-12-16;1;0
5;2025-12-16;2;0
5;2025-12-16;3;0
5;2025-12-16;4;0
5;2025-12-16;5;0
5;2025-12-16;6;0
5;2025-12-16;7;0
5;2025-12-16;8;0
5;2025-12-16;9;0
5;2025-12-16;10;0
5;2025-12-16;11;0
5;2025-12-16;12;0
5;2025-12-16;13;0
5;2025-12-16;14;0
5;2025-12-16;15;0
5;2025-12-16;16;0
5;2025-12-16;17;0
5;2025-12-16;18;0
5;2025-12-16;19;0
5;2025-12-16;20;0
5;2025-12-16;21;0
5;2025-12-16;22;0
5;2025-12-16;23;0
5;2025-12-17;0;0
5;2025-12-17;1;0
5;2025-12-17;2;0
5;2025-12-17;3;0
5;2025-12-17;4;0
5;2025-12-17;5;0
5;2025-12-17;6;0
5;2025-12-17;7;0
5;2025-12-17;8;0
5;2025-12-17;9;0
5;2025-12-17;10;0
5;2025-12-17;11;0
5;2025-12-17;12;0
5;2025-12-17;13;0
5;2025-12-17;14;0
5;2025-12-17;15;0
5;2025-12-17;16;0
5;2025-12-17;17;0
5;2025-12-17;18;0
5;2025-12-17;19;0
5;2025-12-17;20;0
5;2025-12-17;21;0
5;2025-12-17;22;0
5;2025-12-17;23;0
5;2025-12-18;0;0
5;2025-12-18;1;0
5;2025-12-18;2;0
5;2025-12-18;3;0
5;2025-12-18;4;0
5;2025-12-18;5;0
5;2025-12-18;6;0
5;2025-12-18;7;0
5;2025-12-18;8;0
5;2025-12-18;9;0
5;2025-12-18;10;0
5;2025-12-18;11;0
5;2025-12-18;12;0
5;2025-12-18;13;0
5;2025-12-18;14;0
5;2025-12-18;15;0
5;2025-12-18;16;0
5;2025-12-18;17;0
5;2025-12-18;18;0
5;2025-12-18;19;0
5;2025-12-18;20;0
5;2025-12-18;21;0
5;2025-12-18;22;0
5;2025-12-18;23;0
5;2025-12-19;0;0
5;2025-12-19;1;0
5;2025-12-19;2;0
5;2025-12-19;3;0
5;2025-12-19;4;0
5;2025-12-19;5;0
5;2025-12-19;6;0
5;2025-12-19;7;0
5;2025-12-19;8;0
5;2025-12-19;9;0
5;2025-12-19;10;0
5;2025-12-19;11;0
5;2025-12-19;12;0
5;2025-12-19;13;0
5;2025-12-19;14;0
5;2025-12-19;15;0
5;2025-12-19;16;0
5;2025-12-19;17;0
5;2025-12-19;18;0
5;2025-12-19;19;0
5;2025-12-19;20;0
5;2025-12-19;21;0
5;2025-12-19;22;0
5;2025-12-19;23;0
5;2025-12-20;0;0
5;2025-12-20;1;0
5;2025-12-20;2;0
5;2025-12-20;3;0
5;2025-12-20;4;0
5;2025-12-20;5;0
5;2025-12-20;6;0
5;2025-12-20;7;0
5;2025-12-20;8;0
5;2025-12-20;9;0
5;2025-12-20;10;0
5;2025-12-20;11;0
5;2025-12-20;12;0
5;2025-12-20;13;0
5;2025-12-20;14;0
5;2025-12-20;15;0
5;2025-12-20;16;0
5;2025-12-20;17;0
5;2025-12-20;18;0
5;2025-12-20;19;0
5;2025-12-20;20;0
5;2025-12-20;21;0
5;2025-12-20;22;0
5;2025-12-20;23;0
5;2025-12-21;0;0
5;2025-12-21;1;0
5;2025-12-21;2;0
5;2025-12-21;3;0
5;2025-12-21;4;0
5;2025-12-21;5;0
5;2025-12-21;6;0
5;2025-12-21;7;0
5;2025-12-21;8;0
5;2025-12-21;9;0
5;2025-12-21;10;0
5;2025-12-21;11;0
5;2025-12-21;12;0
5;2025-12-21;13;0
5;2025-12-21;14;0
5;2025-12-21;15;0
5;2025-12-21;16;0
5;2025-12-21;17;0
5;2025-12-21;18;0
5;2025-12-21;19;0
5;2025-12-21;20;0
5;2025-12-21;21;0
5;2025-12-21;22;0
5;2025-12-21;23;0
5;2025-12-22;0;0
5;2025-12-22;1;0
5;2025-12-22;2;0
5;2025-12-22;3;0
5;2025-12-22;4;0
5;2025-12-22;5;0
5;2025-12-22;6;0
5;2025-12-22;7;0
5;2025-12-22;8;0
5;2025-12-22;9;0
5;2025-12-22;10;0
5;2025-12-22;11;0
5;2025-12-22;12;0
5;2025-12-22;13;0
5;2025-12-22;14;0
5;2025-12-22;15;0
5;2025-12-22;16;0
5;2025-12-22;17;0
5;2025-12-22;18;0
5;2025-12-22;19;0
5;2025-12-22;20;0
5;2025-12-22;21;0
5;2025-12-22;22;0
5;2025-12-22;23;0
5;2025-12-23;0;0
5;2025-12-23;1;0
5;2025-12-23;2;0
5;2025-12-23;3;0
5;2025-12-23;4;0
5;2025-12-23;5;0
5;2025-12-23;6;0
5;2025-12-23;7;0
5;2025-12-23;8;0
5;2025-12-23;9;0
5;2025-12-23;10;0
5;2025-12-23;11;0
5;2025-12-23;12;0
5;2025-12-23;13;0
5;2025-12-23;14;0
5;2025-12-23;15;0
5;2025-12-23;16;0
5;2025-12-23;17;0
5;2025-12-23;18;0
5;2025-12-23;19;0
5;2025-12-23;20;0
5;2025-12-23;21;0
5;2025-12-23;22;0
5;2025-12-23;23;0
5;2025-12-24;0;0
5;2025-12-24;1;0
5;2025-12-24;2;0
5;2025-12-24;3;0
5;2025-12-24;4;0
5;2025-12-24;5;0
5;2025-12-24;6;0
5;2025-12-24;7;0
5;2025-12-24;8;0
5;2025-12-24;9;0
5;2025-12-24;10;0
5;2025-12-24;11;0
5;2025-12-24;12;0
5;2025-12-24;13;0
5;2025-12-24;14;0
5;2025-12-24;15;0
5;2025-12-24;16;0
5;2025-12-24;17;0
5;2025-12-24;18;0
5;2025-12-24;19;0
5;2025-12-24;20;0
5;2025-12-24;21;0
5;2025-12-24;22;0
5;2025-12-24;23;0
5;2025-12-25;0;0
5;2025-12-25;1;0
5;2025-12-25;2;0
5;2025-12-25;3;0
5;2025-12-25;4;0
5;2025-12-25;5;0
5;2025-12-25;6;0
5;2025-12-25;7;0
5;2025-12-25;8;0
5;2025-12-25;9;0
5;2025-12-25;10;0
5;2025-12-25;11;0
5;2025-12-25;12;0
5;2025-12-25;13;0
5;2025-12-25;14;0
5;2025-12-25;15;0
5;2025-12-25;16;0
5;2025-12-25;17;0
5;2025-12-25;18;0
5;2025-12-25;19;0
5;2025-12-25;20;0
5;2025-12-25;21;0
5;2025-12-25;22;0
5;2025-12-25;23;0
5;2025-12-26;0;0
5;2025-12-26;1;0
5;2025-12-26;2;0
5;2025-12-26;3;0
5;2025-12-26;4;0
5;2025-12-26;5;0
5;2025-12-26;6;0
5;2025-12-26;7;0
5;2025-12-26;8;0
5;2025-12-26;9;0
5;2025-12-26;10;0
5;2025-12-26;11;0
5;2025-12-26;12;0
5;2025-12-26;13;0
5;2025-12-26;14;0
5;2025-12-26;15;0
5;2025-12-26;16;0
5;2025-12-26;17;0
5;2025-12-26;18;0
5;2025-12-26;19;0
5;2025-12-26;20;0
5;2025-12-26;21;0
5;2025-12-26;22;0
5;2025-12-26;23;0
5;2025-12-27;0;0
5;2025-12-27;1;0
5;2025-12-27;2;0
5;2025-12-27;3;0
5;2025-12-27;4;0
5;2025-12-27;5;0
5;2025-12-27;6;0
5;2025-12-27;7;0
5;2025-12-27;8;0
5;2025-12-27;9;0
5;2025-12-27;10;0
5;2025-12-27;11;0
5;2025-12-27;12;0
5;2025-12-27;13;0
5;2025-12-27;14;0
5;2025-12-27;15;0
5;2025-12-27;16;0
5;2025-12-27;17;0
5;2025-12-27;18;0
5;2025-12-27;19;0
5;2025-12-27;20;0
5;2025-12-27;21;0
5;2025-12-27;22;0
5;2025-12-27;23;0
5;2025-12-28;0;0
5;2025-12-28;1;0
5;2025-12-28;2;0
5;2025-12-28;3;0
5;2025-12-28;4;0
5;2025-12-28;5;0
5;2025-12-28;6;0
5;2025-12-28;7;0
5;2025-12-28;8;0
5;2025-12-28;9;0
5;2025-12-28;10;0
5;2025-12-28;11;0
5;2025-12-28;12;0
5;2025-12-28;13;0
5;2025-12-28;14;0
5;2025-12-28;15;0
5;2025-12-28;16;0
5;2025-12-28;17;0
5;2025-12-28;18;0
5;2025-12-28;19;0
5;2025-12-28;20;0
5;2025-12-28;21;0
5;2025-12-28;22;0
5;2025-12-28;23;0
5;2025-12-29;0;0
5;2025-12-29;1;0
5;2025-12-29;2;0
5;2025-12-29;3;0
5;2025-12-29;4;0
5;2025-12-29;5;0
5;2025-12-29;6;0
5;2025-12-29;7;0
5;2025-12-29;8;0
5;2025-12-29;9;0
5;2025-12-29;10;0
5;2025-12-29;11;0
5;2025-12-29;12;0
5;2025-12-29;13;0
5;2025-12-29;14;0
5;2025-12-29;15;0
5;2025-12-29;16;0
5;2025-12-29;17;0
5;2025-12-29;18;0
5;2025-12-29;19;0
5;2025-12-29;20;0
5;2025-12-29;21;0
5;2025-12-29;22;0
5;2025-12-29;23;0
5;2025-12-30;0;0
5;2025-12-30;1;0
5;2025-12-30;2;0
5;2025-12-30;3;0
5;2025-12-30;4;0
5;2025-12-30;5;0
5;2025-12-30;6;0
5;2025-12-30;7;0
5;2025-12-30;8;0
5;2025-12-30;9;0
5;2025-12-30;10;0
5;2025-12-30;11;0
5;2025-12-30;12;0
5;2025-12-30;13;0
5;2025-12-30;14;0
5;2025-12-30;15;0
5;2025-12-30;16;0
5;2025-12-30;17;0
5;2025-12-30;18;0
5;2025-12-30;19;0
5;2025-12-30;20;0
5;2025-12-30;21;0
5;2025-12-30;22;0
5;2025-12-30;23;0
5;2025-12-31;0;0
5;2025-12-31;1;0
5;2025-12-31;2;0
5;2025-12-31;3;0
5;2025-12-31;4;0
5;2025-12-31;5;0
5;2025-12-31;6;0
5;2025-12-31;7;0
5;2025-12-31;8;0
5;2025-12-31;9;0
5;2025-12-31;10;0
5;2025-12-31;11;0
5;2025-12-31;12;0
5;2025-12-31;13;0
5;2025-12-31;14;0
5;2025-12-31;15;0
5;2025-12-31;16;0
5;2025-12-31;17;0
5;2025-12-31;18;0
5;2025-12-31;19;0
5;2025-12-31;20;0
5;2025-12-31;21;0
5;2025-12-31;22;0
5;2025-12-31;23;0
7;2025-11-01;0;87
7;2025-11-01;1;20
7;2025-11-01;2;0
7;2025-11-01;3;0
7;2025-11-01;4;1
7;2025-11-01;5;51
7;2025-11-01;6;258
7;2025-11-01;7;425
7;2025-11-01;8;574
7;2025-11-01;9;574
7;2025-11-01;10;584
7;2025-11-01;11;743
7;2025-11-01;12;965
7;2025-11-01;13;1010
7;2025-11-01;14;1028
7;2025-11-01;15;949
7;2025-11-01;16;905
7;2025-11-01;17;810
7;2025-11-01;18;720
7;2025-11-01;19;676
7;2025-11-01;20;534
7;2025-11-01;21;406
7;2025-11-01;22;274
7;2025-11-01;23;196
7;2025-11-02;0;86
7;2025-11-02;1;12
7;2025-11-02;2;0
7;2025-11-02;3;0
7;2025-11-02;4;1
7;2025-11-02;5;21
7;2025-11-02;6;139
7;2025-11-02;7;241
7;2025-11-02;8;396
7;2025-11-02;9;462
7;2025-11-02;10;430
7;2025-11-02;11;552
7;2025-11-02;12;648
7;2025-11-02;13;698
7;2025-11-02;14;770
7;2025-11-02;15;683
7;2025-11-02;16;606
7;2025-11-02;17;695
7;2025-11-02;18;639
7;2025-11-02;19;531
7;2025-11-02;20;441
7;2025-11-02;21;376
7;2025-11-02;22;199
7;2025-11-02;23;127
7;2025-11-03;0;71
7;2025-11-03;1;4
7;2025-11-03;2;0
7;2025-11-03;3;0
7;2025-11-03;4;0
7;2025-11-03;5;112
7;2025-11-03;6;266
7;2025-11-03;7;501
7;2025-11-03;8;704
7;2025-11-03;9;666
7;2025-11-03;10;747
7;2025-11-03;11;755
7;2025-11-03;12;875
7;2025-11-03;13;894
7;2025-11-03;14;882
7;2025-11-03;15;870
7;2025-11-03;16;884
7;2025-11-03;17;974
7;2025-11-03;18;932
7;2025-11-03;19;853
7;2025-11-03;20;672
7;2025-11-03;21;308
7;2025-11-03;22;190
7;2025-11-03;23;162
7;2025-11-04;0;52
7;2025-11-04;1;2
7;2025-11-04;2;0
7;2025-11-04;3;0
7;2025-11-04;4;0
7;2025-11-04;5;118
7;2025-11-04;6;270
7;2025-11-04;7;503
7;2025-11-04;8;689
7;2025-11-04;9;713
7;2025-11-04;10;753
7;2025-11-04;11;806
7;2025-11-04;12;891
7;2025-11-04;13;908
7;2025-11-04;14;888
7;2025-11-04;15;899
7;2025-11-04;16;883
7;2025-11-04;17;971
7;2025-11-04;18;929
7;2025-11-04;19;870
7;2025-11-04;20;673
7;2025-11-04;21;369
7;2025-11-04;22;224
7;2025-11-04;23;165
7;2025-11-05;0;52
7;2025-11-05;1;6
7;2025-11-05;2;0
7;2025-11-05;3;0
7;2025-11-05;4;1
7;2025-11-05;5;189
7;2025-11-05;6;616
7;2025-11-05;7;1542
7;2025-11-05;8;2402
7;2025-11-05;9;1832
7;2025-11-05;10;1634
7;2025-11-05;11;1442
7;2025-11-05;12;1521
7;2025-11-05;13;1519
7;2025-11-05;14;1565
7;2025-11-05;15;1704
7;2025-11-05;16;1739
7;2025-11-05;17;2288
7;2025-11-05;18;2467
7;2025-11-05;19;1706
7;2025-11-05;20;1082
7;2025-11-05;21;578
7;2025-11-05;22;296
7;2025-11-05;23;188
7;2025-11-06;0;59
7;2025-11-06;1;6
7;2025-11-06;2;0
7;2025-11-06;3;0
7;2025-11-06;4;1
7;2025-11-06;5;172
7;2025-11-06;6;617
7;2025-11-06;7;1498
7;2025-11-06;8;2414
7;2025-11-06;9;1730
7;2025-11-06;10;1485
7;2025-11-06;11;1399
7;2025-11-06;12;1478
7;2025-11-06;13;1481
7;2025-11-06;14;1498
7;2025-11-06;15;1583
7;2025-11-06;16;1699
7;2025-11-06;17;2209
7;2025-11-06;18;2474
7;2025-11-06;19;1698
7;2025-11-06;20;1029
7;2025-11-06;21;569
7;2025-11-06;22;275
7;2025-11-06;23;179
7;2025-11-07;0;62
7;2025-11-07;1;6
7;2025-11-07;2;0
7;2025-11-07;3;0
7;2025-11-07;4;2
7;2025-11-07;5;172
7;2025-11-07;6;567
7;2025-11-07;7;1451
7;2025-11-07;8;2231
7;2025-11-07;9;1638
7;2025-11-07;10;1472
7;2025-11-07;11;1395
7;2025-11-07;12;1469
7;2025-11-07;13;1587
7;2025-11-07;14;1574
7;2025-11-07;15;1687
7;2025-11-07;16;1871
7;2025-11-07;17;2121
7;2025-11-07;18;1903
7;2025-11-07;19;1445
7;2025-11-07;20;932
7;2025-11-07;21;571
7;2025-11-07;22;294
7;2025-11-07;23;214
7;2025-11-08;0;76
7;2025-11-08;1;18
7;2025-11-08;2;0
7;2025-11-08;3;0
7;2025-11-08;4;1
7;2025-11-08;5;43
7;2025-11-08;6;247
7;2025-11-08;7;407
7;2025-11-08;8;535
7;2025-11-08;9;545
7;2025-11-08;10;546
7;2025-11-08;11;699
7;2025-11-08;12;890
7;2025-11-08;13;943
7;2025-11-08;14;917
7;2025-11-08;15;847
7;2025-11-08;16;804
7;2025-11-08;17;780
7;2025-11-08;18;722
7;2025-11-08;19;693
7;2025-11-08;20;511
7;2025-11-08;21;388
7;2025-11-08;22;250
7;2025-11-08;23;179
7;2025-11-09;0;85
7;2025-11-09;1;12
7;2025-11-09;2;0
7;2025-11-09;3;0
7;2025-11-09;4;1
7;2025-11-09;5;21
7;2025-11-09;6;139
7;2025-11-09;7;242
7;2025-11-09;8;405
7;2025-11-09;9;462
7;2025-11-09;10;430
7;2025-11-09;11;552
7;2025-11-09;12;648
7;2025-11-09;13;698
7;2025-11-09;14;770
7;2025-11-09;15;683
7;2025-11-09;16;606
7;2025-11-09;17;695
7;2025-11-09;18;639
7;2025-11-09;19;531
7;2025-11-09;20;441
7;2025-11-09;21;376
7;2025-11-09;22;200
7;2025-11-09;23;126
7;2025-11-10;0;60
7;2025-11-10;1;6
7;2025-11-10;2;0
7;2025-11-10;3;0
7;2025-11-10;4;0
7;2025-11-10;5;181
7;2025-11-10;6;612
7;2025-11-10;7;1542
7;2025-11-10;8;2345
7;2025-11-10;9;1718
7;2025-11-10;10;1488
7;2025-11-10;11;1319
7;2025-11-10;12;1430
7;2025-11-10;13;1435
7;2025-11-10;14;1481
7;2025-11-10;15;1582
7;2025-11-10;16;1678
7;2025-11-10;17;2172
7;2025-11-10;18;2406
7;2025-11-10;19;1690
7;2025-11-10;20;1040
7;2025-11-10;21;514
7;2025-11-10;22;238
7;2025-11-10;23;164
7;2025-11-11;0;49
7;2025-11-11;1;4
7;2025-11-11;2;0
7;2025-11-11;3;0
7;2025-11-11;4;1
7;2025-11-11;5;188
7;2025-11-11;6;616
7;2025-11-11;7;1553
7;2025-11-11;8;2380
7;2025-11-11;9;1801
7;2025-11-11;10;1611
7;2025-11-11;11;1430
7;2025-11-11;12;1510
7;2025-11-11;13;1512
7;2025-11-11;14;1491
7;2025-11-11;15;1662
7;2025-11-11;16;1683
7;2025-11-11;17;2202
7;2025-11-11;18;2436
7;2025-11-11;19;1738
7;2025-11-11;20;1079
7;2025-11-11;21;578
7;2025-11-11;22;269
7;2025-11-11;23;168
7;2025-11-12;0;51
7;2025-11-12;1;6
7;2025-11-12;2;0
7;2025-11-12;3;0
7;2025-11-12;4;1
7;2025-11-12;5;189
7;2025-11-12;6;616
7;2025-11-12;7;1533
7;2025-11-12;8;2401
7;2025-11-12;9;1828
7;2025-11-12;10;1629
7;2025-11-12;11;1438
7;2025-11-12;12;1517
7;2025-11-12;13;1514
7;2025-11-12;14;1556
7;2025-11-12;15;1698
7;2025-11-12;16;1732
7;2025-11-12;17;2288
7;2025-11-12;18;2467
7;2025-11-12;19;1701
7;2025-11-12;20;1082
7;2025-11-12;21;578
7;2025-11-12;22;298
7;2025-11-12;23;187
7;2025-11-13;0;59
7;2025-11-13;1;6
7;2025-11-13;2;0
7;2025-11-13;3;0
7;2025-11-13;4;1
7;2025-11-13;5;170
7;2025-11-13;6;615
7;2025-11-13;7;1489
7;2025-11-13;8;2412
7;2025-11-13;9;1724
7;2025-11-13;10;1481
7;2025-11-13;11;1393
7;2025-11-13;12;1474
7;2025-11-13;13;1475
7;2025-11-13;14;1489
7;2025-11-13;15;1576
7;2025-11-13;16;1692
7;2025-11-13;17;2202
7;2025-11-13;18;2472
7;2025-11-13;19;1691
7;2025-11-13;20;1027
7;2025-11-13;21;567
7;2025-11-13;22;275
7;2025-11-13;23;178
7;2025-11-14;0;61
7;2025-11-14;1;6
7;2025-11-14;2;0
7;2025-11-14;3;0
7;2025-11-14;4;2
7;2025-11-14;5;170
7;2025-11-14;6;565
7;2025-11-14;7;1442
7;2025-11-14;8;2222
7;2025-11-14;9;1635
7;2025-11-14;10;1473
7;2025-11-14;11;1393
7;2025-11-14;12;1469
7;2025-11-14;13;1585
7;2025-11-14;14;1567
7;2025-11-14;15;1680
7;2025-11-14;16;1864
7;2025-11-14;17;2114
7;2025-11-14;18;1896
7;2025-11-14;19;1438
7;2025-11-14;20;930
7;2025-11-14;21;568
7;2025-11-14;22;293
7;2025-11-14;23;213
7;2025-11-15;0;76
7;2025-11-15;1;19
7;2025-11-15;2;0
7;2025-11-15;3;0
7;2025-11-15;4;1
7;2025-11-15;5;41
7;2025-11-15;6;246
7;2025-11-15;7;404
7;2025-11-15;8;533
7;2025-11-15;9;543
7;2025-11-15;10;546
7;2025-11-15;11;698
7;2025-11-15;12;890
7;2025-11-15;13;941
7;2025-11-15;14;917
7;2025-11-15;15;847
7;2025-11-15;16;804
7;2025-11-15;17;778
7;2025-11-15;18;720
7;2025-11-15;19;691
7;2025-11-15;20;510
7;2025-11-15;21;386
7;2025-11-15;22;250
7;2025-11-15;23;178
7;2025-11-16;0;85
7;2025-11-16;1;13
7;2025-11-16;2;0
7;2025-11-16;3;0
7;2025-11-16;4;1
7;2025-11-16;5;19
7;2025-11-16;6;137
7;2025-11-16;7;243
7;2025-11-16;8;404
7;2025-11-16;9;459
7;2025-11-16;10;430
7;2025-11-16;11;551
7;2025-11-16;12;648
7;2025-11-16;13;697
7;2025-11-16;14;770
7;2025-11-16;15;683
7;2025-11-16;16;607
7;2025-11-16;17;693
7;2025-11-16;18;637
7;2025-11-16;19;529
7;2025-11-16;20;439
7;2025-11-16;21;374
7;2025-11-16;22;200
7;2025-11-16;23;127
7;2025-11-17;0;60
7;2025-11-17;1;6
7;2025-11-17;2;0
7;2025-11-17;3;0
7;2025-11-17;4;0
7;2025-11-17;5;181
7;2025-11-17;6;608
7;2025-11-17;7;1535
7;2025-11-17;8;2344
7;2025-11-17;9;1717
7;2025-11-17;10;1488
7;2025-11-17;11;1319
7;2025-11-17;12;1430
7;2025-11-17;13;1436
7;2025-11-17;14;1472
7;2025-11-17;15;1574
7;2025-11-17;16;1671
7;2025-11-17;17;2167
7;2025-11-17;18;2406
7;2025-11-17;19;1685
7;2025-11-17;20;1040
7;2025-11-17;21;514
7;2025-11-17;22;238
7;2025-11-17;23;163
7;2025-11-18;0;48
7;2025-11-18;1;4
7;2025-11-18;2;0
7;2025-11-18;3;0
7;2025-11-18;4;1
7;2025-11-18;5;185
7;2025-11-18;6;610
7;2025-11-18;7;1546
7;2025-11-18;8;2378
7;2025-11-18;9;1799
7;2025-11-18;10;1611
7;2025-11-18;11;1428
7;2025-11-18;12;1510
7;2025-11-18;13;1511
7;2025-11-18;14;1482
7;2025-11-18;15;1655
7;2025-11-18;16;1676
7;2025-11-18;17;2195
7;2025-11-18;18;2434
7;2025-11-18;19;1731
7;2025-11-18;20;1077
7;2025-11-18;21;572
7;2025-11-18;22;269
7;2025-11-18;23;168
7;2025-11-19;0;51
7;2025-11-19;1;6
7;2025-11-19;2;0
7;2025-11-19;3;0
7;2025-11-19;4;1
7;2025-11-19;5;187
7;2025-11-19;6;610
7;2025-11-19;7;1533
7;2025-11-19;8;2400
7;2025-11-19;9;1826
7;2025-11-19;10;1629
7;2025-11-19;11;1436
7;2025-11-19;12;1517
7;2025-11-19;13;1513
7;2025-11-19;14;1556
7;2025-11-19;15;1698
7;2025-11-19;16;1732
7;2025-11-19;17;2286
7;2025-11-19;18;2465
7;2025-11-19;19;1699
7;2025-11-19;20;1080
7;2025-11-19;21;572
7;2025-11-19;22;298
7;2025-11-19;23;187
7;2025-11-20;0;59
7;2025-11-20;1;6
7;2025-11-20;2;0
7;2025-11-20;3;0
7;2025-11-20;4;1
7;2025-11-20;5;170
7;2025-11-20;6;611
7;2025-11-20;7;1489
7;2025-11-20;8;2412
7;2025-11-20;9;1724
7;2025-11-20;10;1481
7;2025-11-20;11;1393
7;2025-11-20;12;1474
7;2025-11-20;13;1475
7;2025-11-20;14;1489
7;2025-11-20;15;1576
7;2025-11-20;16;1692
7;2025-11-20;17;2202
7;2025-11-20;18;2472
7;2025-11-20;19;1691
7;2025-11-20;20;1027
7;2025-11-20;21;563
7;2025-11-20;22;275
7;2025-11-20;23;178
7;2025-11-21;0;61
7;2025-11-21;1;6
7;2025-11-21;2;0
7;2025-11-21;3;0
7;2025-11-21;4;2
7;2025-11-21;5;169
7;2025-11-21;6;561
7;2025-11-21;7;1437
7;2025-11-21;8;2222
7;2025-11-21;9;1630
7;2025-11-21;10;1468
7;2025-11-21;11;1388
7;2025-11-21;12;1464
7;2025-11-21;13;1580
7;2025-11-21;14;1562
7;2025-11-21;15;1675
7;2025-11-21;16;1863
7;2025-11-21;17;2114
7;2025-11-21;18;1895
7;2025-11-21;19;1433
7;2025-11-21;20;926
7;2025-11-21;21;564
7;2025-11-21;22;293
7;2025-11-21;23;212
7;2025-11-22;0;76
7;2025-11-22;1;19
7;2025-11-22;2;0
7;2025-11-22;3;0
7;2025-11-22;4;1
7;2025-11-22;5;41
7;2025-11-22;6;244
7;2025-11-22;7;404
7;2025-11-22;8;529
7;2025-11-22;9;539
7;2025-11-22;10;542
7;2025-11-22;11;693
7;2025-11-22;12;885
7;2025-11-22;13;936
7;2025-11-22;14;912
7;2025-11-22;15;842
7;2025-11-22;16;799
7;2025-11-22;17;774
7;2025-11-22;18;716
7;2025-11-22;19;686
7;2025-11-22;20;505
7;2025-11-22;21;382
7;2025-11-22;22;248
7;2025-11-22;23;177
7;2025-11-23;0;85
7;2025-11-23;1;13
7;2025-11-23;2;0
7;2025-11-23;3;0
7;2025-11-23;4;1
7;2025-11-23;5;19
7;2025-11-23;6;135
7;2025-11-23;7;240
7;2025-11-23;8;404
7;2025-11-23;9;456
7;2025-11-23;10;426
7;2025-11-23;11;547
7;2025-11-23;12;644
7;2025-11-23;13;693
7;2025-11-23;14;766
7;2025-11-23;15;679
7;2025-11-23;16;602
7;2025-11-23;17;689
7;2025-11-23;18;633
7;2025-11-23;19;525
7;2025-11-23;20;435
7;2025-11-23;21;375
7;2025-11-23;22;198
7;2025-11-23;23;127
7;2025-11-24;0;60
7;2025-11-24;1;6
7;2025-11-24;2;0
7;2025-11-24;3;0
7;2025-11-24;4;0
7;2025-11-24;5;179
7;2025-11-24;6;608
7;2025-11-24;7;1530
7;2025-11-24;8;2345
7;2025-11-24;9;1712
7;2025-11-24;10;1478
7;2025-11-24;11;1309
7;2025-11-24;12;1419
7;2025-11-24;13;1425
7;2025-11-24;14;1462
7;2025-11-24;15;1564
7;2025-11-24;16;1660
7;2025-11-24;17;2161
7;2025-11-24;18;2406
7;2025-11-24;19;1675
7;2025-11-24;20;1030
7;2025-11-24;21;515
7;2025-11-24;22;235
7;2025-11-24;23;162
7;2025-11-25;0;49
7;2025-11-25;1;5
7;2025-11-25;2;0
7;2025-11-25;3;0
7;2025-11-25;4;1
7;2025-11-25;5;184
7;2025-11-25;6;610
7;2025-11-25;7;1541
7;2025-11-25;8;2378
7;2025-11-25;9;1793
7;2025-11-25;10;1601
7;2025-11-25;11;1417
7;2025-11-25;12;1500
7;2025-11-25;13;1500
7;2025-11-25;14;1471
7;2025-11-25;15;1644
7;2025-11-25;16;1665
7;2025-11-25;17;2189
7;2025-11-25;18;2434
7;2025-11-25;19;1721
7;2025-11-25;20;1067
7;2025-11-25;21;566
7;2025-11-25;22;267
7;2025-11-25;23;166
7;2025-11-26;0;52
7;2025-11-26;1;7
7;2025-11-26;2;0
7;2025-11-26;3;0
7;2025-11-26;4;1
7;2025-11-26;5;185
7;2025-11-26;6;610
7;2025-11-26;7;1528
7;2025-11-26;8;2400
7;2025-11-26;9;1821
7;2025-11-26;10;1619
7;2025-11-26;11;1425
7;2025-11-26;12;1507
7;2025-11-26;13;1502
7;2025-11-26;14;1545
7;2025-11-26;15;1687
7;2025-11-26;16;1721
7;2025-11-26;17;2286
7;2025-11-26;18;2465
7;2025-11-26;19;1689
7;2025-11-26;20;1070
7;2025-11-26;21;567
7;2025-11-26;22;298
7;2025-11-26;23;186
7;2025-11-27;0;59
7;2025-11-27;1;7
7;2025-11-27;2;0
7;2025-11-27;3;0
7;2025-11-27;4;1
7;2025-11-27;5;168
7;2025-11-27;6;612
7;2025-11-27;7;1480
7;2025-11-27;8;2412
7;2025-11-27;9;1719
7;2025-11-27;10;1472
7;2025-11-27;11;1384
7;2025-11-27;12;1465
7;2025-11-27;13;1466
7;2025-11-27;14;1480
7;2025-11-27;15;1567
7;2025-11-27;16;1687
7;2025-11-27;17;2202
7;2025-11-27;18;2472
7;2025-11-27;19;1686
7;2025-11-27;20;1018
7;2025-11-27;21;563
7;2025-11-27;22;272
7;2025-11-27;23;176
7;2025-11-28;0;61
7;2025-11-28;1;6
7;2025-11-28;2;0
7;2025-11-28;3;0
7;2025-11-28;4;2
7;2025-11-28;5;168
7;2025-11-28;6;561
7;2025-11-28;7;1432
7;2025-11-28;8;2222
7;2025-11-28;9;1630
7;2025-11-28;10;1463
7;2025-11-28;11;1384
7;2025-11-28;12;1460
7;2025-11-28;13;1576
7;2025-11-28;14;1558
7;2025-11-28;15;1675
7;2025-11-28;16;1863
7;2025-11-28;17;2114
7;2025-11-28;18;1895
7;2025-11-28;19;1429
7;2025-11-28;20;922
7;2025-11-28;21;564
7;2025-11-28;22;294
7;2025-11-28;23;211
7;2025-11-29;0;76
7;2025-11-29;1;19
7;2025-11-29;2;0
7;2025-11-29;3;0
7;2025-11-29;4;1
7;2025-11-29;5;41
7;2025-11-29;6;243
7;2025-11-29;7;404
7;2025-11-29;8;529
7;2025-11-29;9;539
7;2025-11-29;10;543
7;2025-11-29;11;694
7;2025-11-29;12;885
7;2025-11-29;13;936
7;2025-11-29;14;912
7;2025-11-29;15;842
7;2025-11-29;16;799
7;2025-11-29;17;774
7;2025-11-29;18;716
7;2025-11-29;19;687
7;2025-11-29;20;506
7;2025-11-29;21;382
7;2025-11-29;22;247
7;2025-11-29;23;177
7;2025-11-30;0;85
7;2025-11-30;1;13
7;2025-11-30;2;0
7;2025-11-30;3;0
7;2025-11-30;4;1
7;2025-11-30;5;19
7;2025-11-30;6;135
7;2025-11-30;7;240
7;2025-11-30;8;404
7;2025-11-30;9;456
7;2025-11-30;10;426
7;2025-11-30;11;547
7;2025-11-30;12;644
7;2025-11-30;13;693
7;2025-11-30;14;766
7;2025-11-30;15;679
7;2025-11-30;16;602
7;2025-11-30;17;689
7;2025-11-30;18;633
7;2025-11-30;19;525
7;2025-11-30;20;435
7;2025-11-30;21;375
7;2025-11-30;22;198
7;2025-11-30;23;127
7;2025-12-01;0;60
7;2025-12-01;1;6
7;2025-12-01;2;0
7;2025-12-01;3;0
7;2025-12-01;4;0
7;2025-12-01;5;179
7;2025-12-01;6;608
7;2025-12-01;7;1526
7;2025-12-01;8;2345
7;2025-12-01;9;1712
7;2025-12-01;10;1474
7;2025-12-01;11;1304
7;2025-12-01;12;1415
7;2025-12-01;13;1421
7;2025-12-01;14;1457
7;2025-12-01;15;1559
7;2025-12-01;16;1660
7;2025-12-01;17;2161
7;2025-12-01;18;2406
7;2025-12-01;19;1675
7;2025-12-01;20;1026
7;2025-12-01;21;515
7;2025-12-01;22;235
7;2025-12-01;23;162
7;2025-12-02;0;49
7;2025-12-02;1;5
7;2025-12-02;2;0
7;2025-12-02;3;0
7;2025-12-02;4;1
7;2025-12-02;5;184
7;2025-12-02;6;610
7;2025-12-02;7;1537
7;2025-12-02;8;2378
7;2025-12-02;9;1793
7;2025-12-02;10;1596
7;2025-12-02;11;1413
7;2025-12-02;12;1495
7;2025-12-02;13;1496
7;2025-12-02;14;1467
7;2025-12-02;15;1644
7;2025-12-02;16;1665
7;2025-12-02;17;2189
7;2025-12-02;18;2434
7;2025-12-02;19;1721
7;2025-12-02;20;1062
7;2025-12-02;21;566
7;2025-12-02;22;267
7;2025-12-02;23;166
7;2025-12-03;0;52
7;2025-12-03;1;7
7;2025-12-03;2;0
7;2025-12-03;3;0
7;2025-12-03;4;1
7;2025-12-03;5;185
7;2025-12-03;6;610
7;2025-12-03;7;1524
7;2025-12-03;8;2400
7;2025-12-03;9;1821
7;2025-12-03;10;1615
7;2025-12-03;11;1421
7;2025-12-03;12;1502
7;2025-12-03;13;1498
7;2025-12-03;14;1541
7;2025-12-03;15;1687
7;2025-12-03;16;1721
7;2025-12-03;17;2286
7;2025-12-03;18;2465
7;2025-12-03;19;1689
7;2025-12-03;20;1065
7;2025-12-03;21;567
7;2025-12-03;22;298
7;2025-12-03;23;186
7;2025-12-04;0;58
7;2025-12-04;1;6
7;2025-12-04;2;0
7;2025-12-04;3;0
7;2025-12-04;4;1
7;2025-12-04;5;168
7;2025-12-04;6;612
7;2025-12-04;7;1478
7;2025-12-04;8;2412
7;2025-12-04;9;1717
7;2025-12-04;10;1470
7;2025-12-04;11;1383
7;2025-12-04;12;1465
7;2025-12-04;13;1466
7;2025-12-04;14;1480
7;2025-12-04;15;1566
7;2025-12-04;16;1687
7;2025-12-04;17;2202
7;2025-12-04;18;2472
7;2025-12-04;19;1686
7;2025-12-04;20;1018
7;2025-12-04;21;562
7;2025-12-04;22;271
7;2025-12-04;23;175
7;2025-12-05;0;60
7;2025-12-05;1;5
7;2025-12-05;2;0
7;2025-12-05;3;0
7;2025-12-05;4;2
7;2025-12-05;5;168
7;2025-12-05;6;561
7;2025-12-05;7;1431
7;2025-12-05;8;2222
7;2025-12-05;9;1629
7;2025-12-05;10;1462
7;2025-12-05;11;1383
7;2025-12-05;12;1460
7;2025-12-05;13;1576
7;2025-12-05;14;1558
7;2025-12-05;15;1674
7;2025-12-05;16;1863
7;2025-12-05;17;2114
7;2025-12-05;18;1895
7;2025-12-05;19;1429
7;2025-12-05;20;922
7;2025-12-05;21;563
7;2025-12-05;22;292
7;2025-12-05;23;210
7;2025-12-06;0;75
7;2025-12-06;1;18
7;2025-12-06;2;0
7;2025-12-06;3;0
7;2025-12-06;4;1
7;2025-12-06;5;41
7;2025-12-06;6;243
7;2025-12-06;7;403
7;2025-12-06;8;529
7;2025-12-06;9;538
7;2025-12-06;10;541
7;2025-12-06;11;693
7;2025-12-06;12;885
7;2025-12-06;13;936
7;2025-12-06;14;912
7;2025-12-06;15;840
7;2025-12-06;16;799
7;2025-12-06;17;774
7;2025-12-06;18;716
7;2025-12-06;19;687
7;2025-12-06;20;506
7;2025-12-06;21;381
7;2025-12-06;22;246
7;2025-12-06;23;175
7;2025-12-07;0;84
7;2025-12-07;1;12
7;2025-12-07;2;0
7;2025-12-07;3;0
7;2025-12-07;4;1
7;2025-12-07;5;19
7;2025-12-07;6;136
7;2025-12-07;7;239
7;2025-12-07;8;405
7;2025-12-07;9;455
7;2025-12-07;10;425
7;2025-12-07;11;546
7;2025-12-07;12;644
7;2025-12-07;13;693
7;2025-12-07;14;766
7;2025-12-07;15;678
7;2025-12-07;16;602
7;2025-12-07;17;689
7;2025-12-07;18;633
7;2025-12-07;19;525
7;2025-12-07;20;435
7;2025-12-07;21;374
7;2025-12-07;22;197
7;2025-12-07;23;126
7;2025-12-08;0;60
7;2025-12-08;1;5
7;2025-12-08;2;0
7;2025-12-08;3;0
7;2025-12-08;4;0
7;2025-12-08;5;183
7;2025-12-08;6;612
7;2025-12-08;7;1537
7;2025-12-08;8;2353
7;2025-12-08;9;1718
7;2025-12-08;10;1479
7;2025-12-08;11;1306
7;2025-12-08;12;1415
7;2025-12-08;13;1428
7;2025-12-08;14;1470
7;2025-12-08;15;1571
7;2025-12-08;16;1674
7;2025-12-08;17;2170
7;2025-12-08;18;2413
7;2025-12-08;19;1667
7;2025-12-08;20;1023
7;2025-12-08;21;511
7;2025-12-08;22;242
7;2025-12-08;23;160
7;2025-12-09;0;49
7;2025-12-09;1;3
7;2025-12-09;2;0
7;2025-12-09;3;0
7;2025-12-09;4;1
7;2025-12-09;5;187
7;2025-12-09;6;613
7;2025-12-09;7;1547
7;2025-12-09;8;2386
7;2025-12-09;9;1799
7;2025-12-09;10;1601
7;2025-12-09;11;1414
7;2025-12-09;12;1495
7;2025-12-09;13;1502
7;2025-12-09;14;1480
7;2025-12-09;15;1656
7;2025-12-09;16;1679
7;2025-12-09;17;2198
7;2025-12-09;18;2441
7;2025-12-09;19;1713
7;2025-12-09;20;1059
7;2025-12-09;21;563
7;2025-12-09;22;273
7;2025-12-09;23;164
7;2025-12-10;0;51
7;2025-12-10;1;5
7;2025-12-10;2;0
7;2025-12-10;3;0
7;2025-12-10;4;1
7;2025-12-10;5;188
7;2025-12-10;6;614
7;2025-12-10;7;1535
7;2025-12-10;8;2408
7;2025-12-10;9;1827
7;2025-12-10;10;1621
7;2025-12-10;11;1423
7;2025-12-10;12;1502
7;2025-12-10;13;1505
7;2025-12-10;14;1554
7;2025-12-10;15;1699
7;2025-12-10;16;1734
7;2025-12-10;17;2295
7;2025-12-10;18;2471
7;2025-12-10;19;1681
7;2025-12-10;20;1062
7;2025-12-10;21;563
7;2025-12-10;22;304
7;2025-12-10;23;183
7;2025-12-11;0;59
7;2025-12-11;1;6
7;2025-12-11;2;0
7;2025-12-11;3;0
7;2025-12-11;4;1
7;2025-12-11;5;172
7;2025-12-11;6;616
7;2025-12-11;7;1491
7;2025-12-11;8;2420
7;2025-12-11;9;1726
7;2025-12-11;10;1478
7;2025-12-11;11;1391
7;2025-12-11;12;1467
7;2025-12-11;13;1476
7;2025-12-11;14;1496
7;2025-12-11;15;1579
7;2025-12-11;16;1704
7;2025-12-11;17;2214
7;2025-12-11;18;2479
7;2025-12-11;19;1681
7;2025-12-11;20;1017
7;2025-12-11;21;561
7;2025-12-11;22;279
7;2025-12-11;23;175
7;2025-12-12;0;61
7;2025-12-12;1;5
7;2025-12-12;2;0
7;2025-12-12;3;0
7;2025-12-12;4;2
7;2025-12-12;5;172
7;2025-12-12;6;566
7;2025-12-12;7;1444
7;2025-12-12;8;2231
7;2025-12-12;9;1638
7;2025-12-12;10;1470
7;2025-12-12;11;1389
7;2025-12-12;12;1460
7;2025-12-12;13;1587
7;2025-12-12;14;1573
7;2025-12-12;15;1687
7;2025-12-12;16;1879
7;2025-12-12;17;2126
7;2025-12-12;18;1902
7;2025-12-12;19;1425
7;2025-12-12;20;920
7;2025-12-12;21;562
7;2025-12-12;22;301
7;2025-12-12;23;209
7;2025-12-13;0;75
7;2025-12-13;1;18
7;2025-12-13;2;0
7;2025-12-13;3;0
7;2025-12-13;4;1
7;2025-12-13;5;41
7;2025-12-13;6;246
7;2025-12-13;7;411
7;2025-12-13;8;534
7;2025-12-13;9;547
7;2025-12-13;10;547
7;2025-12-13;11;702
7;2025-12-13;12;890
7;2025-12-13;13;948
7;2025-12-13;14;932
7;2025-12-13;15;858
7;2025-12-13;16;819
7;2025-12-13;17;786
7;2025-12-13;18;722
7;2025-12-13;19;685
7;2025-12-13;20;504
7;2025-12-13;21;381
7;2025-12-13;22;254
7;2025-12-13;23;177
7;2025-12-14;0;90
7;2025-12-14;1;25
7;2025-12-14;2;0
7;2025-12-14;3;1
7;2025-12-14;4;1
7;2025-12-14;5;21
7;2025-12-14;6;148
7;2025-12-14;7;249
7;2025-12-14;8;439
7;2025-12-14;9;503
7;2025-12-14;10;466
7;2025-12-14;11;588
7;2025-12-14;12;692
7;2025-12-14;13;750
7;2025-12-14;14;831
7;2025-12-14;15;740
7;2025-12-14;16;674
7;2025-12-14;17;747
7;2025-12-14;18;655
7;2025-12-14;19;526
7;2025-12-14;20;439
7;2025-12-14;21;382
7;2025-12-14;22;210
7;2025-12-14;23;133
7;2025-12-15;0;59
7;2025-12-15;1;15
7;2025-12-15;2;0
7;2025-12-15;3;0
7;2025-12-15;4;0
7;2025-12-15;5;188
7;2025-12-15;6;618
7;2025-12-15;7;1537
7;2025-12-15;8;2365
7;2025-12-15;9;1737
7;2025-12-15;10;1492
7;2025-12-15;11;1318
7;2025-12-15;12;1428
7;2025-12-15;13;1448
7;2025-12-15;14;1492
7;2025-12-15;15;1592
7;2025-12-15;16;1694
7;2025-12-15;17;2189
7;2025-12-15;18;2419
7;2025-12-15;19;1668
7;2025-12-15;20;1028
7;2025-12-15;21;514
7;2025-12-15;22;249
7;2025-12-15;23;166
7;2025-12-16;0;48
7;2025-12-16;1;13
7;2025-12-16;2;0
7;2025-12-16;3;0
7;2025-12-16;4;2
7;2025-12-16;5;191
7;2025-12-16;6;619
7;2025-12-16;7;1549
7;2025-12-16;8;2399
7;2025-12-16;9;1818
7;2025-12-16;10;1614
7;2025-12-16;11;1420
7;2025-12-16;12;1508
7;2025-12-16;13;1520
7;2025-12-16;14;1500
7;2025-12-16;15;1676
7;2025-12-16;16;1699
7;2025-12-16;17;2217
7;2025-12-16;18;2447
7;2025-12-16;19;1713
7;2025-12-16;20;1062
7;2025-12-16;21;567
7;2025-12-16;22;281
7;2025-12-16;23;169
7;2025-12-17;0;49
7;2025-12-17;1;9
7;2025-12-17;2;0
7;2025-12-17;3;0
7;2025-12-17;4;1
7;2025-12-17;5;191
7;2025-12-17;6;618
7;2025-12-17;7;1536
7;2025-12-17;8;2415
7;2025-12-17;9;1844
7;2025-12-17;10;1625
7;2025-12-17;11;1421
7;2025-12-17;12;1506
7;2025-12-17;13;1515
7;2025-12-17;14;1565
7;2025-12-17;15;1710
7;2025-12-17;16;1746
7;2025-12-17;17;2306
7;2025-12-17;18;2471
7;2025-12-17;19;1679
7;2025-12-17;20;1062
7;2025-12-17;21;565
7;2025-12-17;22;306
7;2025-12-17;23;185
7;2025-12-18;0;59
7;2025-12-18;1;8
7;2025-12-18;2;0
7;2025-12-18;3;0
7;2025-12-18;4;1
7;2025-12-18;5;176
7;2025-12-18;6;620
7;2025-12-18;7;1488
7;2025-12-18;8;2423
7;2025-12-18;9;1742
7;2025-12-18;10;1477
7;2025-12-18;11;1382
7;2025-12-18;12;1464
7;2025-12-18;13;1480
7;2025-12-18;14;1502
7;2025-12-18;15;1589
7;2025-12-18;16;1714
7;2025-12-18;17;2224
7;2025-12-18;18;2477
7;2025-12-18;19;1682
7;2025-12-18;20;1013
7;2025-12-18;21;564
7;2025-12-18;22;281
7;2025-12-18;23;178
7;2025-12-19;0;59
7;2025-12-19;1;12
7;2025-12-19;2;0
7;2025-12-19;3;0
7;2025-12-19;4;2
7;2025-12-19;5;174
7;2025-12-19;6;570
7;2025-12-19;7;1439
7;2025-12-19;8;2238
7;2025-12-19;9;1656
7;2025-12-19;10;1474
7;2025-12-19;11;1385
7;2025-12-19;12;1463
7;2025-12-19;13;1601
7;2025-12-19;14;1589
7;2025-12-19;15;1703
7;2025-12-19;16;1892
7;2025-12-19;17;2141
7;2025-12-19;18;1906
7;2025-12-19;19;1417
7;2025-12-19;20;915
7;2025-12-19;21;564
7;2025-12-19;22;307
7;2025-12-19;23;212
7;2025-12-20;0;73
7;2025-12-20;1;26
7;2025-12-20;2;0
7;2025-12-20;3;0
7;2025-12-20;4;1
7;2025-12-20;5;41
7;2025-12-20;6;248
7;2025-12-20;7;417
7;2025-12-20;8;555
7;2025-12-20;9;574
7;2025-12-20;10;570
7;2025-12-20;11;715
7;2025-12-20;12;907
7;2025-12-20;13;965
7;2025-12-20;14;957
7;2025-12-20;15;883
7;2025-12-20;16;844
7;2025-12-20;17;811
7;2025-12-20;18;727
7;2025-12-20;19;682
7;2025-12-20;20;507
7;2025-12-20;21;388
7;2025-12-20;22;255
7;2025-12-20;23;174
7;2025-12-21;0;87
7;2025-12-21;1;25
7;2025-12-21;2;0
7;2025-12-21;3;3
7;2025-12-21;4;1
7;2025-12-21;5;21
7;2025-12-21;6;144
7;2025-12-21;7;250
7;2025-12-21;8;439
7;2025-12-21;9;502
7;2025-12-21;10;465
7;2025-12-21;11;587
7;2025-12-21;12;692
7;2025-12-21;13;750
7;2025-12-21;14;831
7;2025-12-21;15;740
7;2025-12-21;16;674
7;2025-12-21;17;747
7;2025-12-21;18;655
7;2025-12-21;19;526
7;2025-12-21;20;439
7;2025-12-21;21;381
7;2025-12-21;22;208
7;2025-12-21;23;129
7;2025-12-22;0;58
7;2025-12-22;1;15
7;2025-12-22;2;0
7;2025-12-22;3;0
7;2025-12-22;4;0
7;2025-12-22;5;183
7;2025-12-22;6;618
7;2025-12-22;7;1533
7;2025-12-22;8;2351
7;2025-12-22;9;1732
7;2025-12-22;10;1485
7;2025-12-22;11;1311
7;2025-12-22;12;1421
7;2025-12-22;13;1441
7;2025-12-22;14;1485
7;2025-12-22;15;1585
7;2025-12-22;16;1687
7;2025-12-22;17;2184
7;2025-12-22;18;2406
7;2025-12-22;19;1661
7;2025-12-22;20;1021
7;2025-12-22;21;515
7;2025-12-22;22;248
7;2025-12-22;23;162
7;2025-12-23;0;48
7;2025-12-23;1;13
7;2025-12-23;2;0
7;2025-12-23;3;0
7;2025-12-23;4;2
7;2025-12-23;5;186
7;2025-12-23;6;619
7;2025-12-23;7;1542
7;2025-12-23;8;2385
7;2025-12-23;9;1818
7;2025-12-23;10;1608
7;2025-12-23;11;1413
7;2025-12-23;12;1501
7;2025-12-23;13;1513
7;2025-12-23;14;1493
7;2025-12-23;15;1669
7;2025-12-23;16;1692
7;2025-12-23;17;2212
7;2025-12-23;18;2434
7;2025-12-23;19;1706
7;2025-12-23;20;1056
7;2025-12-23;21;567
7;2025-12-23;22;279
7;2025-12-23;23;165
7;2025-12-24;0;49
7;2025-12-24;1;9
7;2025-12-24;2;0
7;2025-12-24;3;0
7;2025-12-24;4;1
7;2025-12-24;5;184
7;2025-12-24;6;618
7;2025-12-24;7;1529
7;2025-12-24;8;2401
7;2025-12-24;9;1844
7;2025-12-24;10;1618
7;2025-12-24;11;1414
7;2025-12-24;12;1499
7;2025-12-24;13;1508
7;2025-12-24;14;1558
7;2025-12-24;15;1703
7;2025-12-24;16;1739
7;2025-12-24;17;2301
7;2025-12-24;18;2458
7;2025-12-24;19;1672
7;2025-12-24;20;1055
7;2025-12-24;21;565
7;2025-12-24;22;302
7;2025-12-24;23;178
7;2025-12-25;0;55
7;2025-12-25;1;8
7;2025-12-25;2;0
7;2025-12-25;3;0
7;2025-12-25;4;1
7;2025-12-25;5;169
7;2025-12-25;6;621
7;2025-12-25;7;1482
7;2025-12-25;8;2409
7;2025-12-25;9;1735
7;2025-12-25;10;1471
7;2025-12-25;11;1376
7;2025-12-25;12;1458
7;2025-12-25;13;1474
7;2025-12-25;14;1496
7;2025-12-25;15;1582
7;2025-12-25;16;1707
7;2025-12-25;17;2218
7;2025-12-25;18;2464
7;2025-12-25;19;1675
7;2025-12-25;20;1007
7;2025-12-25;21;565
7;2025-12-25;22;277
7;2025-12-25;23;171
7;2025-12-26;0;59
7;2025-12-26;1;17
7;2025-12-26;2;0
7;2025-12-26;3;0
7;2025-12-26;4;2
7;2025-12-26;5;169
7;2025-12-26;6;571
7;2025-12-26;7;1432
7;2025-12-26;8;2223
7;2025-12-26;9;1649
7;2025-12-26;10;1467
7;2025-12-26;11;1380
7;2025-12-26;12;1457
7;2025-12-26;13;1594
7;2025-12-26;14;1586
7;2025-12-26;15;1696
7;2025-12-26;16;1892
7;2025-12-26;17;2136
7;2025-12-26;18;1897
7;2025-12-26;19;1418
7;2025-12-26;20;923
7;2025-12-26;21;573
7;2025-12-26;22;313
7;2025-12-26;23;213
7;2025-12-27;0;74
7;2025-12-27;1;31
7;2025-12-27;2;0
7;2025-12-27;3;0
7;2025-12-27;4;1
7;2025-12-27;5;39
7;2025-12-27;6;248
7;2025-12-27;7;422
7;2025-12-27;8;561
7;2025-12-27;9;580
7;2025-12-27;10;575
7;2025-12-27;11;721
7;2025-12-27;12;912
7;2025-12-27;13;972
7;2025-12-27;14;967
7;2025-12-27;15;889
7;2025-12-27;16;849
7;2025-12-27;17;819
7;2025-12-27;18;738
7;2025-12-27;19;695
7;2025-12-27;20;521
7;2025-12-27;21;403
7;2025-12-27;22;262
7;2025-12-27;23;180
7;2025-12-28;0;87
7;2025-12-28;1;31
7;2025-12-28;2;0
7;2025-12-28;3;3
7;2025-12-28;4;1
7;2025-12-28;5;19
7;2025-12-28;6;144
7;2025-12-28;7;249
7;2025-12-28;8;444
7;2025-12-28;9;539
7;2025-12-28;10;501
7;2025-12-28;11;619
7;2025-12-28;12;711
7;2025-12-28;13;764
7;2025-12-28;14;842
7;2025-12-28;15;753
7;2025-12-28;16;693
7;2025-12-28;17;761
7;2025-12-28;18;679
7;2025-12-28;19;564
7;2025-12-28;20;484
7;2025-12-28;21;397
7;2025-12-28;22;215
7;2025-12-28;23;135
7;2025-12-29;0;59
7;2025-12-29;1;21
7;2025-12-29;2;0
7;2025-12-29;3;0
7;2025-12-29;4;0
7;2025-12-29;5;182
7;2025-12-29;6;618
7;2025-12-29;7;1532
7;2025-12-29;8;2350
7;2025-12-29;9;1732
7;2025-12-29;10;1485
7;2025-12-29;11;1312
7;2025-12-29;12;1422
7;2025-12-29;13;1442
7;2025-12-29;14;1490
7;2025-12-29;15;1585
7;2025-12-29;16;1687
7;2025-12-29;17;2184
7;2025-12-29;18;2411
7;2025-12-29;19;1668
7;2025-12-29;20;1017
7;2025-12-29;21;524
7;2025-12-29;22;255
7;2025-12-29;23;168
7;2025-12-30;0;49
7;2025-12-30;1;19
7;2025-12-30;2;0
7;2025-12-30;3;0
7;2025-12-30;4;2
7;2025-12-30;5;185
7;2025-12-30;6;618
7;2025-12-30;7;1540
7;2025-12-30;8;2381
7;2025-12-30;9;1817
7;2025-12-30;10;1605
7;2025-12-30;11;1413
7;2025-12-30;12;1501
7;2025-12-30;13;1514
7;2025-12-30;14;1498
7;2025-12-30;15;1669
7;2025-12-30;16;1691
7;2025-12-30;17;2209
7;2025-12-30;18;2436
7;2025-12-30;19;1709
7;2025-12-30;20;1052
7;2025-12-30;21;587
7;2025-12-30;22;287
7;2025-12-30;23;171
7;2025-12-31;0;54
7;2025-12-31;1;13
7;2025-12-31;2;0
7;2025-12-31;3;0
7;2025-12-31;4;0
7;2025-12-31;5;112
7;2025-12-31;6;271
7;2025-12-31;7;507
7;2025-12-31;8;655
7;2025-12-31;9;720
7;2025-12-31;10;751
7;2025-12-31;11;787
7;2025-12-31;12;877
7;2025-12-31;13;903
7;2025-12-31;14;898
7;2025-12-31;15;911
7;2025-12-31;16;889
7;2025-12-31;17;986
7;2025-12-31;18;904
7;2025-12-31;19;821
7;2025-12-31;20;655
7;2025-12-31;21;349
7;2025-12-31;22;274
7;2025-12-31;23;181
11;2025-11-01;0;96
11;2025-11-01;1;0
11;2025-11-01;2;0
11;2025-11-01;3;0
11;2025-11-01;4;4
11;2025-11-01;5;204
11;2025-11-01;6;764
11;2025-11-01;7;679
11;2025-11-01;8;961
11;2025-11-01;9;1109
11;2025-11-01;10;1230
11;2025-11-01;11;1671
11;2025-11-01;12;1891
11;2025-11-01;13;1778
11;2025-11-01;14;1852
11;2025-11-01;15;1846
11;2025-11-01;16;1848
11;2025-11-01;17;1859
11;2025-11-01;18;1583
11;2025-11-01;19;1520
11;2025-11-01;20;1111
11;2025-11-01;21;762
11;2025-11-01;22;409
11;2025-11-01;23;339
11;2025-11-02;0;96
11;2025-11-02;1;11
11;2025-11-02;2;0
11;2025-11-02;3;0
11;2025-11-02;4;0
11;2025-11-02;5;104
11;2025-11-02;6;493
11;2025-11-02;7;479
11;2025-11-02;8;675
11;2025-11-02;9;889
11;2025-11-02;10;1023
11;2025-11-02;11;1458
11;2025-11-02;12;1614
11;2025-11-02;13;1570
11;2025-11-02;14;1619
11;2025-11-02;15;1658
11;2025-11-02;16;1614
11;2025-11-02;17;1725
11;2025-11-02;18;1384
11;2025-11-02;19;1111
11;2025-11-02;20;912
11;2025-11-02;21;663
11;2025-11-02;22;355
11;2025-11-02;23;238
11;2025-11-03;0;75
11;2025-11-03;1;7
11;2025-11-03;2;0
11;2025-11-03;3;0
11;2025-11-03;4;5
11;2025-11-03;5;160
11;2025-11-03;6;639
11;2025-11-03;7;682
11;2025-11-03;8;768
11;2025-11-03;9;749
11;2025-11-03;10;811
11;2025-11-03;11;979
11;2025-11-03;12;1031
11;2025-11-03;13;1117
11;2025-11-03;14;1117
11;2025-11-03;15;1096
11;2025-11-03;16;1135
11;2025-11-03;17;1333
11;2025-11-03;18;1287
11;2025-11-03;19;1111
11;2025-11-03;20;920
11;2025-11-03;21;573
11;2025-11-03;22;331
11;2025-11-03;23;216
11;2025-11-04;0;69
11;2025-11-04;1;1
11;2025-11-04;2;0
11;2025-11-04;3;0
11;2025-11-04;4;2
11;2025-11-04;5;147
11;2025-11-04;6;635
11;2025-11-04;7;662
11;2025-11-04;8;778
11;2025-11-04;9;732
11;2025-11-04;10;839
11;2025-11-04;11;974
11;2025-11-04;12;1120
11;2025-11-04;13;1136
11;2025-11-04;14;1125
11;2025-11-04;15;1116
11;2025-11-04;16;1141
11;2025-11-04;17;1353
11;2025-11-04;18;1299
11;2025-11-04;19;1104
11;2025-11-04;20;921
11;2025-11-04;21;638
11;2025-11-04;22;282
11;2025-11-04;23;192
11;2025-11-05;0;58
11;2025-11-05;1;0
11;2025-11-05;2;0
11;2025-11-05;3;0
11;2025-11-05;4;0
11;2025-11-05;5;261
11;2025-11-05;6;1354
11;2025-11-05;7;2364
11;2025-11-05;8;3076
11;2025-11-05;9;2316
11;2025-11-05;10;1843
11;2025-11-05;11;1840
11;2025-11-05;12;1895
11;2025-11-05;13;1953
11;2025-11-05;14;1883
11;2025-11-05;15;1926
11;2025-11-05;16;2140
11;2025-11-05;17;2711
11;2025-11-05;18;2983
11;2025-11-05;19;2316
11;2025-11-05;20;1549
11;2025-11-05;21;867
11;2025-11-05;22;375
11;2025-11-05;23;244
11;2025-11-06;0;58
11;2025-11-06;1;0
11;2025-11-06;2;0
11;2025-11-06;3;0
11;2025-11-06;4;1
11;2025-11-06;5;281
11;2025-11-06;6;1366
11;2025-11-06;7;2329
11;2025-11-06;8;2952
11;2025-11-06;9;2376
11;2025-11-06;10;1938
11;2025-11-06;11;1853
11;2025-11-06;12;1871
11;2025-11-06;13;1964
11;2025-11-06;14;1908
11;2025-11-06;15;1954
11;2025-11-06;16;2182
11;2025-11-06;17;2707
11;2025-11-06;18;3035
11;2025-11-06;19;2326
11;2025-11-06;20;1546
11;2025-11-06;21;859
11;2025-11-06;22;382
11;2025-11-06;23;248
11;2025-11-07;0;63
11;2025-11-07;1;0
11;2025-11-07;2;0
11;2025-11-07;3;0
11;2025-11-07;4;3
11;2025-11-07;5;267
11;2025-11-07;6;1342
11;2025-11-07;7;2221
11;2025-11-07;8;2935
11;2025-11-07;9;2249
11;2025-11-07;10;1850
11;2025-11-07;11;1820
11;2025-11-07;12;1842
11;2025-11-07;13;1896
11;2025-11-07;14;1921
11;2025-11-07;15;2135
11;2025-11-07;16;2325
11;2025-11-07;17;2869
11;2025-11-07;18;2472
11;2025-11-07;19;2152
11;2025-11-07;20;1468
11;2025-11-07;21;858
11;2025-11-07;22;380
11;2025-11-07;23;289
11;2025-11-08;0;85
11;2025-11-08;1;1
11;2025-11-08;2;0
11;2025-11-08;3;0
11;2025-11-08;4;2
11;2025-11-08;5;194
11;2025-11-08;6;758
11;2025-11-08;7;662
11;2025-11-08;8;938
11;2025-11-08;9;1081
11;2025-11-08;10;1198
11;2025-11-08;11;1626
11;2025-11-08;12;1841
11;2025-11-08;13;1713
11;2025-11-08;14;1748
11;2025-11-08;15;1736
11;2025-11-08;16;1742
11;2025-11-08;17;1841
11;2025-11-08;18;1594
11;2025-11-08;19;1543
11;2025-11-08;20;1085
11;2025-11-08;21;747
11;2025-11-08;22;380
11;2025-11-08;23;313
11;2025-11-09;0;96
11;2025-11-09;1;10
11;2025-11-09;2;0
11;2025-11-09;3;0
11;2025-11-09;4;0
11;2025-11-09;5;104
11;2025-11-09;6;493
11;2025-11-09;7;481
11;2025-11-09;8;675
11;2025-11-09;9;889
11;2025-11-09;10;1023
11;2025-11-09;11;1458
11;2025-11-09;12;1614
11;2025-11-09;13;1570
11;2025-11-09;14;1619
11;2025-11-09;15;1658
11;2025-11-09;16;1614
11;2025-11-09;17;1725
11;2025-11-09;18;1384
11;2025-11-09;19;1111
11;2025-11-09;20;912
11;2025-11-09;21;663
11;2025-11-09;22;357
11;2025-11-09;23;237
11;2025-11-10;0;63
11;2025-11-10;1;6
11;2025-11-10;2;0
11;2025-11-10;3;0
11;2025-11-10;4;2
11;2025-11-10;5;274
11;2025-11-10;6;1391
11;2025-11-10;7;2323
11;2025-11-10;8;3025
11;2025-11-10;9;2287
11;2025-11-10;10;1747
11;2025-11-10;11;1795
11;2025-11-10;12;1694
11;2025-11-10;13;1812
11;2025-11-10;14;1804
11;2025-11-10;15;1860
11;2025-11-10;16;2129
11;2025-11-10;17;2665
11;2025-11-10;18;3039
11;2025-11-10;19;2294
11;2025-11-10;20;1521
11;2025-11-10;21;827
11;2025-11-10;22;389
11;2025-11-10;23;207
11;2025-11-11;0;56
11;2025-11-11;1;0
11;2025-11-11;2;0
11;2025-11-11;3;0
11;2025-11-11;4;0
11;2025-11-11;5;261
11;2025-11-11;6;1394
11;2025-11-11;7;2346
11;2025-11-11;8;3144
11;2025-11-11;9;2317
11;2025-11-11;10;1839
11;2025-11-11;11;1800
11;2025-11-11;12;1822
11;2025-11-11;13;1892
11;2025-11-11;14;1873
11;2025-11-11;15;1917
11;2025-11-11;16;2204
11;2025-11-11;17;2794
11;2025-11-11;18;3031
11;2025-11-11;19;2307
11;2025-11-11;20;1528
11;2025-11-11;21;829
11;2025-11-11;22;388
11;2025-11-11;23;223
11;2025-11-12;0;58
11;2025-11-12;1;0
11;2025-11-12;2;0
11;2025-11-12;3;0
11;2025-11-12;4;0
11;2025-11-12;5;263
11;2025-11-12;6;1350
11;2025-11-12;7;2364
11;2025-11-12;8;3075
11;2025-11-12;9;2316
11;2025-11-12;10;1839
11;2025-11-12;11;1836
11;2025-11-12;12;1891
11;2025-11-12;13;1949
11;2025-11-12;14;1876
11;2025-11-12;15;1920
11;2025-11-12;16;2133
11;2025-11-12;17;2711
11;2025-11-12;18;2983
11;2025-11-12;19;2316
11;2025-11-12;20;1545
11;2025-11-12;21;867
11;2025-11-12;22;391
11;2025-11-12;23;244
11;2025-11-13;0;56
11;2025-11-13;1;0
11;2025-11-13;2;0
11;2025-11-13;3;0
11;2025-11-13;4;1
11;2025-11-13;5;279
11;2025-11-13;6;1357
11;2025-11-13;7;2328
11;2025-11-13;8;2949
11;2025-11-13;9;2372
11;2025-11-13;10;1931
11;2025-11-13;11;1845
11;2025-11-13;12;1865
11;2025-11-13;13;1958
11;2025-11-13;14;1899
11;2025-11-13;15;1946
11;2025-11-13;16;2174
11;2025-11-13;17;2704
11;2025-11-13;18;3032
11;2025-11-13;19;2322
11;2025-11-13;20;1538
11;2025-11-13;21;855
11;2025-11-13;22;395
11;2025-11-13;23;246
11;2025-11-14;0;62
11;2025-11-14;1;0
11;2025-11-14;2;0
11;2025-11-14;3;0
11;2025-11-14;4;3
11;2025-11-14;5;265
11;2025-11-14;6;1339
11;2025-11-14;7;2214
11;2025-11-14;8;2932
11;2025-11-14;9;2246
11;2025-11-14;10;1850
11;2025-11-14;11;1818
11;2025-11-14;12;1842
11;2025-11-14;13;1894
11;2025-11-14;14;1914
11;2025-11-14;15;2128
11;2025-11-14;16;2324
11;2025-11-14;17;2867
11;2025-11-14;18;2470
11;2025-11-14;19;2145
11;2025-11-14;20;1466
11;2025-11-14;21;855
11;2025-11-14;22;394
11;2025-11-14;23;287
11;2025-11-15;0;84
11;2025-11-15;1;1
11;2025-11-15;2;0
11;2025-11-15;3;0
11;2025-11-15;4;1
11;2025-11-15;5;192
11;2025-11-15;6;754
11;2025-11-15;7;662
11;2025-11-15;8;934
11;2025-11-15;9;1077
11;2025-11-15;10;1196
11;2025-11-15;11;1617
11;2025-11-15;12;1835
11;2025-11-15;13;1706
11;2025-11-15;14;1740
11;2025-11-15;15;1729
11;2025-11-15;16;1734
11;2025-11-15;17;1834
11;2025-11-15;18;1586
11;2025-11-15;19;1534
11;2025-11-15;20;1081
11;2025-11-15;21;743
11;2025-11-15;22;390
11;2025-11-15;23;311
11;2025-11-16;0;94
11;2025-11-16;1;9
11;2025-11-16;2;0
11;2025-11-16;3;0
11;2025-11-16;4;0
11;2025-11-16;5;100
11;2025-11-16;6;488
11;2025-11-16;7;479
11;2025-11-16;8;671
11;2025-11-16;9;885
11;2025-11-16;10;1020
11;2025-11-16;11;1449
11;2025-11-16;12;1607
11;2025-11-16;13;1562
11;2025-11-16;14;1609
11;2025-11-16;15;1650
11;2025-11-16;16;1605
11;2025-11-16;17;1717
11;2025-11-16;18;1375
11;2025-11-16;19;1106
11;2025-11-16;20;907
11;2025-11-16;21;658
11;2025-11-16;22;355
11;2025-11-16;23;236
11;2025-11-17;0;63
11;2025-11-17;1;6
11;2025-11-17;2;0
11;2025-11-17;3;0
11;2025-11-17;4;2
11;2025-11-17;5;274
11;2025-11-17;6;1386
11;2025-11-17;7;2323
11;2025-11-17;8;3024
11;2025-11-17;9;2286
11;2025-11-17;10;1747
11;2025-11-17;11;1796
11;2025-11-17;12;1694
11;2025-11-17;13;1812
11;2025-11-17;14;1797
11;2025-11-17;15;1853
11;2025-11-17;16;2122
11;2025-11-17;17;2664
11;2025-11-17;18;3039
11;2025-11-17;19;2293
11;2025-11-17;20;1521
11;2025-11-17;21;827
11;2025-11-17;22;389
11;2025-11-17;23;207
11;2025-11-18;0;56
11;2025-11-18;1;0
11;2025-11-18;2;0
11;2025-11-18;3;0
11;2025-11-18;4;0
11;2025-11-18;5;259
11;2025-11-18;6;1387
11;2025-11-18;7;2346
11;2025-11-18;8;3141
11;2025-11-18;9;2315
11;2025-11-18;10;1839
11;2025-11-18;11;1797
11;2025-11-18;12;1821
11;2025-11-18;13;1890
11;2025-11-18;14;1866
11;2025-11-18;15;1910
11;2025-11-18;16;2204
11;2025-11-18;17;2792
11;2025-11-18;18;3028
11;2025-11-18;19;2304
11;2025-11-18;20;1526
11;2025-11-18;21;826
11;2025-11-18;22;388
11;2025-11-18;23;223
11;2025-11-19;0;57
11;2025-11-19;1;0
11;2025-11-19;2;0
11;2025-11-19;3;0
11;2025-11-19;4;0
11;2025-11-19;5;261
11;2025-11-19;6;1346
11;2025-11-19;7;2363
11;2025-11-19;8;3072
11;2025-11-19;9;2312
11;2025-11-19;10;1837
11;2025-11-19;11;1832
11;2025-11-19;12;1889
11;2025-11-19;13;1946
11;2025-11-19;14;1875
11;2025-11-19;15;1919
11;2025-11-19;16;2132
11;2025-11-19;17;2709
11;2025-11-19;18;2979
11;2025-11-19;19;2312
11;2025-11-19;20;1541
11;2025-11-19;21;863
11;2025-11-19;22;390
11;2025-11-19;23;243
11;2025-11-20;0;56
11;2025-11-20;1;0
11;2025-11-20;2;0
11;2025-11-20;3;0
11;2025-11-20;4;1
11;2025-11-20;5;279
11;2025-11-20;6;1357
11;2025-11-20;7;2328
11;2025-11-20;8;2949
11;2025-11-20;9;2372
11;2025-11-20;10;1931
11;2025-11-20;11;1845
11;2025-11-20;12;1865
11;2025-11-20;13;1958
11;2025-11-20;14;1899
11;2025-11-20;15;1946
11;2025-11-20;16;2174
11;2025-11-20;17;2704
11;2025-11-20;18;3032
11;2025-11-20;19;2322
11;2025-11-20;20;1538
11;2025-11-20;21;855
11;2025-11-20;22;395
11;2025-11-20;23;246
11;2025-11-21;0;62
11;2025-11-21;1;0
11;2025-11-21;2;0
11;2025-11-21;3;0
11;2025-11-21;4;3
11;2025-11-21;5;263
11;2025-11-21;6;1339
11;2025-11-21;7;2214
11;2025-11-21;8;2922
11;2025-11-21;9;2246
11;2025-11-21;10;1850
11;2025-11-21;11;1818
11;2025-11-21;12;1842
11;2025-11-21;13;1894
11;2025-11-21;14;1914
11;2025-11-21;15;2128
11;2025-11-21;16;2324
11;2025-11-21;17;2857
11;2025-11-21;18;2470
11;2025-11-21;19;2145
11;2025-11-21;20;1466
11;2025-11-21;21;855
11;2025-11-21;22;394
11;2025-11-21;23;286
11;2025-11-22;0;84
11;2025-11-22;1;1
11;2025-11-22;2;0
11;2025-11-22;3;0
11;2025-11-22;4;1
11;2025-11-22;5;191
11;2025-11-22;6;749
11;2025-11-22;7;657
11;2025-11-22;8;934
11;2025-11-22;9;1077
11;2025-11-22;10;1196
11;2025-11-22;11;1617
11;2025-11-22;12;1835
11;2025-11-22;13;1706
11;2025-11-22;14;1740
11;2025-11-22;15;1729
11;2025-11-22;16;1734
11;2025-11-22;17;1834
11;2025-11-22;18;1586
11;2025-11-22;19;1534
11;2025-11-22;20;1081
11;2025-11-22;21;738
11;2025-11-22;22;390
11;2025-11-22;23;310
11;2025-11-23;0;94
11;2025-11-23;1;9
11;2025-11-23;2;0
11;2025-11-23;3;0
11;2025-11-23;4;0
11;2025-11-23;5;101
11;2025-11-23;6;488
11;2025-11-23;7;480
11;2025-11-23;8;666
11;2025-11-23;9;883
11;2025-11-23;10;1019
11;2025-11-23;11;1449
11;2025-11-23;12;1607
11;2025-11-23;13;1563
11;2025-11-23;14;1609
11;2025-11-23;15;1650
11;2025-11-23;16;1605
11;2025-11-23;17;1717
11;2025-11-23;18;1375
11;2025-11-23;19;1105
11;2025-11-23;20;905
11;2025-11-23;21;653
11;2025-11-23;22;355
11;2025-11-23;23;233
11;2025-11-24;0;63
11;2025-11-24;1;7
11;2025-11-24;2;0
11;2025-11-24;3;0
11;2025-11-24;4;2
11;2025-11-24;5;271
11;2025-11-24;6;1386
11;2025-11-24;7;2324
11;2025-11-24;8;3014
11;2025-11-24;9;2285
11;2025-11-24;10;1746
11;2025-11-24;11;1796
11;2025-11-24;12;1694
11;2025-11-24;13;1812
11;2025-11-24;14;1797
11;2025-11-24;15;1853
11;2025-11-24;16;2122
11;2025-11-24;17;2655
11;2025-11-24;18;3029
11;2025-11-24;19;2292
11;2025-11-24;20;1519
11;2025-11-24;21;827
11;2025-11-24;22;389
11;2025-11-24;23;205
11;2025-11-25;0;56
11;2025-11-25;1;0
11;2025-11-25;2;0
11;2025-11-25;3;0
11;2025-11-25;4;0
11;2025-11-25;5;257
11;2025-11-25;6;1387
11;2025-11-25;7;2346
11;2025-11-25;8;3131
11;2025-11-25;9;2313
11;2025-11-25;10;1837
11;2025-11-25;11;1798
11;2025-11-25;12;1821
11;2025-11-25;13;1890
11;2025-11-25;14;1866
11;2025-11-25;15;1910
11;2025-11-25;16;2204
11;2025-11-25;17;2782
11;2025-11-25;18;3019
11;2025-11-25;19;2302
11;2025-11-25;20;1524
11;2025-11-25;21;826
11;2025-11-25;22;388
11;2025-11-25;23;221
11;2025-11-26;0;57
11;2025-11-26;1;0
11;2025-11-26;2;0
11;2025-11-26;3;0
11;2025-11-26;4;0
11;2025-11-26;5;258
11;2025-11-26;6;1346
11;2025-11-26;7;2364
11;2025-11-26;8;3062
11;2025-11-26;9;2310
11;2025-11-26;10;1835
11;2025-11-26;11;1832
11;2025-11-26;12;1889
11;2025-11-26;13;1946
11;2025-11-26;14;1875
11;2025-11-26;15;1919
11;2025-11-26;16;2132
11;2025-11-26;17;2699
11;2025-11-26;18;2970
11;2025-11-26;19;2311
11;2025-11-26;20;1539
11;2025-11-26;21;863
11;2025-11-26;22;391
11;2025-11-26;23;240
11;2025-11-27;0;57
11;2025-11-27;1;0
11;2025-11-27;2;0
11;2025-11-27;3;0
11;2025-11-27;4;1
11;2025-11-27;5;277
11;2025-11-27;6;1353
11;2025-11-27;7;2329
11;2025-11-27;8;2939
11;2025-11-27;9;2371
11;2025-11-27;10;1930
11;2025-11-27;11;1845
11;2025-11-27;12;1865
11;2025-11-27;13;1958
11;2025-11-27;14;1899
11;2025-11-27;15;1946
11;2025-11-27;16;2175
11;2025-11-27;17;2694
11;2025-11-27;18;3022
11;2025-11-27;19;2321
11;2025-11-27;20;1532
11;2025-11-27;21;855
11;2025-11-27;22;395
11;2025-11-27;23;244
11;2025-11-28;0;62
11;2025-11-28;1;0
11;2025-11-28;2;0
11;2025-11-28;3;0
11;2025-11-28;4;3
11;2025-11-28;5;262
11;2025-11-28;6;1333
11;2025-11-28;7;2211
11;2025-11-28;8;2919
11;2025-11-28;9;2243
11;2025-11-28;10;1846
11;2025-11-28;11;1816
11;2025-11-28;12;1839
11;2025-11-28;13;1891
11;2025-11-28;14;1911
11;2025-11-28;15;2125
11;2025-11-28;16;2321
11;2025-11-28;17;2854
11;2025-11-28;18;2467
11;2025-11-28;19;2140
11;2025-11-28;20;1458
11;2025-11-28;21;853
11;2025-11-28;22;394
11;2025-11-28;23;284
11;2025-11-29;0;84
11;2025-11-29;1;1
11;2025-11-29;2;0
11;2025-11-29;3;0
11;2025-11-29;4;1
11;2025-11-29;5;190
11;2025-11-29;6;748
11;2025-11-29;7;657
11;2025-11-29;8;931
11;2025-11-29;9;1074
11;2025-11-29;10;1193
11;2025-11-29;11;1616
11;2025-11-29;12;1832
11;2025-11-29;13;1703
11;2025-11-29;14;1737
11;2025-11-29;15;1726
11;2025-11-29;16;1731
11;2025-11-29;17;1831
11;2025-11-29;18;1583
11;2025-11-29;19;1530
11;2025-11-29;20;1078
11;2025-11-29;21;737
11;2025-11-29;22;390
11;2025-11-29;23;309
11;2025-11-30;0;94
11;2025-11-30;1;9
11;2025-11-30;2;0
11;2025-11-30;3;0
11;2025-11-30;4;0
11;2025-11-30;5;101
11;2025-11-30;6;488
11;2025-11-30;7;480
11;2025-11-30;8;666
11;2025-11-30;9;881
11;2025-11-30;10;1017
11;2025-11-30;11;1447
11;2025-11-30;12;1610
11;2025-11-30;13;1565
11;2025-11-30;14;1612
11;2025-11-30;15;1652
11;2025-11-30;16;1608
11;2025-11-30;17;1720
11;2025-11-30;18;1377
11;2025-11-30;19;1107
11;2025-11-30;20;904
11;2025-11-30;21;653
11;2025-11-30;22;355
11;2025-11-30;23;233
11;2025-12-01;0;63
11;2025-12-01;1;7
11;2025-12-01;2;0
11;2025-12-01;3;0
11;2025-12-01;4;2
11;2025-12-01;5;271
11;2025-12-01;6;1380
11;2025-12-01;7;2320
11;2025-12-01;8;3011
11;2025-12-01;9;2283
11;2025-12-01;10;1744
11;2025-12-01;11;1794
11;2025-12-01;12;1691
11;2025-12-01;13;1809
11;2025-12-01;14;1794
11;2025-12-01;15;1850
11;2025-12-01;16;2119
11;2025-12-01;17;2651
11;2025-12-01;18;3029
11;2025-12-01;19;2289
11;2025-12-01;20;1513
11;2025-12-01;21;825
11;2025-12-01;22;389
11;2025-12-01;23;205
11;2025-12-02;0;56
11;2025-12-02;1;0
11;2025-12-02;2;0
11;2025-12-02;3;0
11;2025-12-02;4;0
11;2025-12-02;5;257
11;2025-12-02;6;1381
11;2025-12-02;7;2343
11;2025-12-02;8;3128
11;2025-12-02;9;2311
11;2025-12-02;10;1836
11;2025-12-02;11;1796
11;2025-12-02;12;1818
11;2025-12-02;13;1887
11;2025-12-02;14;1863
11;2025-12-02;15;1907
11;2025-12-02;16;2201
11;2025-12-02;17;2779
11;2025-12-02;18;3016
11;2025-12-02;19;2299
11;2025-12-02;20;1518
11;2025-12-02;21;824
11;2025-12-02;22;388
11;2025-12-02;23;221
11;2025-12-03;0;57
11;2025-12-03;1;0
11;2025-12-03;2;0
11;2025-12-03;3;0
11;2025-12-03;4;0
11;2025-12-03;5;258
11;2025-12-03;6;1340
11;2025-12-03;7;2361
11;2025-12-03;8;3059
11;2025-12-03;9;2308
11;2025-12-03;10;1834
11;2025-12-03;11;1830
11;2025-12-03;12;1886
11;2025-12-03;13;1943
11;2025-12-03;14;1872
11;2025-12-03;15;1916
11;2025-12-03;16;2129
11;2025-12-03;17;2696
11;2025-12-03;18;2967
11;2025-12-03;19;2308
11;2025-12-03;20;1533
11;2025-12-03;21;862
11;2025-12-03;22;391
11;2025-12-03;23;240
11;2025-12-04;0;55
11;2025-12-04;1;0
11;2025-12-04;2;0
11;2025-12-04;3;0
11;2025-12-04;4;1
11;2025-12-04;5;277
11;2025-12-04;6;1353
11;2025-12-04;7;2327
11;2025-12-04;8;2939
11;2025-12-04;9;2369
11;2025-12-04;10;1928
11;2025-12-04;11;1844
11;2025-12-04;12;1865
11;2025-12-04;13;1958
11;2025-12-04;14;1899
11;2025-12-04;15;1945
11;2025-12-04;16;2175
11;2025-12-04;17;2694
11;2025-12-04;18;3022
11;2025-12-04;19;2321
11;2025-12-04;20;1532
11;2025-12-04;21;854
11;2025-12-04;22;394
11;2025-12-04;23;242
11;2025-12-05;0;61
11;2025-12-05;1;0
11;2025-12-05;2;0
11;2025-12-05;3;0
11;2025-12-05;4;3
11;2025-12-05;5;262
11;2025-12-05;6;1333
11;2025-12-05;7;2210
11;2025-12-05;8;2919
11;2025-12-05;9;2242
11;2025-12-05;10;1845
11;2025-12-05;11;1815
11;2025-12-05;12;1839
11;2025-12-05;13;1891
11;2025-12-05;14;1911
11;2025-12-05;15;2124
11;2025-12-05;16;2321
11;2025-12-05;17;2854
11;2025-12-05;18;2467
11;2025-12-05;19;2140
11;2025-12-05;20;1458
11;2025-12-05;21;852
11;2025-12-05;22;393
11;2025-12-05;23;283
11;2025-12-06;0;83
11;2025-12-06;1;1
11;2025-12-06;2;0
11;2025-12-06;3;0
11;2025-12-06;4;1
11;2025-12-06;5;190
11;2025-12-06;6;748
11;2025-12-06;7;656
11;2025-12-06;8;931
11;2025-12-06;9;1072
11;2025-12-06;10;1191
11;2025-12-06;11;1615
11;2025-12-06;12;1832
11;2025-12-06;13;1703
11;2025-12-06;14;1737
11;2025-12-06;15;1724
11;2025-12-06;16;1731
11;2025-12-06;17;1831
11;2025-12-06;18;1583
11;2025-12-06;19;1530
11;2025-12-06;20;1078
11;2025-12-06;21;736
11;2025-12-06;22;389
11;2025-12-06;23;308
11;2025-12-07;0;92
11;2025-12-07;1;7
11;2025-12-07;2;0
11;2025-12-07;3;0
11;2025-12-07;4;0
11;2025-12-07;5;99
11;2025-12-07;6;485
11;2025-12-07;7;475
11;2025-12-07;8;664
11;2025-12-07;9;879
11;2025-12-07;10;1014
11;2025-12-07;11;1445
11;2025-12-07;12;1609
11;2025-12-07;13;1564
11;2025-12-07;14;1611
11;2025-12-07;15;1650
11;2025-12-07;16;1607
11;2025-12-07;17;1719
11;2025-12-07;18;1376
11;2025-12-07;19;1106
11;2025-12-07;20;902
11;2025-12-07;21;651
11;2025-12-07;22;353
11;2025-12-07;23;232
11;2025-12-08;0;64
11;2025-12-08;1;5
11;2025-12-08;2;0
11;2025-12-08;3;0
11;2025-12-08;4;2
11;2025-12-08;5;273
11;2025-12-08;6;1380
11;2025-12-08;7;2324
11;2025-12-08;8;3013
11;2025-12-08;9;2289
11;2025-12-08;10;1743
11;2025-12-08;11;1795
11;2025-12-08;12;1690
11;2025-12-08;13;1814
11;2025-12-08;14;1804
11;2025-12-08;15;1859
11;2025-12-08;16;2128
11;2025-12-08;17;2655
11;2025-12-08;18;3030
11;2025-12-08;19;2281
11;2025-12-08;20;1506
11;2025-12-08;21;824
11;2025-12-08;22;390
11;2025-12-08;23;204
11;2025-12-09;0;57
11;2025-12-09;1;0
11;2025-12-09;2;0
11;2025-12-09;3;0
11;2025-12-09;4;0
11;2025-12-09;5;259
11;2025-12-09;6;1382
11;2025-12-09;7;2348
11;2025-12-09;8;3131
11;2025-12-09;9;2318
11;2025-12-09;10;1837
11;2025-12-09;11;1798
11;2025-12-09;12;1818
11;2025-12-09;13;1894
11;2025-12-09;14;1874
11;2025-12-09;15;1916
11;2025-12-09;16;2212
11;2025-12-09;17;2782
11;2025-12-09;18;3018
11;2025-12-09;19;2291
11;2025-12-09;20;1511
11;2025-12-09;21;824
11;2025-12-09;22;390
11;2025-12-09;23;220
11;2025-12-10;0;57
11;2025-12-10;1;0
11;2025-12-10;2;0
11;2025-12-10;3;0
11;2025-12-10;4;0
11;2025-12-10;5;258
11;2025-12-10;6;1341
11;2025-12-10;7;2365
11;2025-12-10;8;3059
11;2025-12-10;9;2317
11;2025-12-10;10;1834
11;2025-12-10;11;1833
11;2025-12-10;12;1886
11;2025-12-10;13;1950
11;2025-12-10;14;1885
11;2025-12-10;15;1926
11;2025-12-10;16;2141
11;2025-12-10;17;2700
11;2025-12-10;18;2967
11;2025-12-10;19;2301
11;2025-12-10;20;1527
11;2025-12-10;21;861
11;2025-12-10;22;392
11;2025-12-10;23;240
11;2025-12-11;0;57
11;2025-12-11;1;0
11;2025-12-11;2;0
11;2025-12-11;3;0
11;2025-12-11;4;1
11;2025-12-11;5;278
11;2025-12-11;6;1355
11;2025-12-11;7;2333
11;2025-12-11;8;2937
11;2025-12-11;9;2380
11;2025-12-11;10;1931
11;2025-12-11;11;1849
11;2025-12-11;12;1866
11;2025-12-11;13;1969
11;2025-12-11;14;1914
11;2025-12-11;15;1961
11;2025-12-11;16;2191
11;2025-12-11;17;2703
11;2025-12-11;18;3027
11;2025-12-11;19;2316
11;2025-12-11;20;1526
11;2025-12-11;21;857
11;2025-12-11;22;398
11;2025-12-11;23;243
11;2025-12-12;0;63
11;2025-12-12;1;0
11;2025-12-12;2;0
11;2025-12-12;3;0
11;2025-12-12;4;3
11;2025-12-12;5;264
11;2025-12-12;6;1335
11;2025-12-12;7;2216
11;2025-12-12;8;2921
11;2025-12-12;9;2251
11;2025-12-12;10;1849
11;2025-12-12;11;1819
11;2025-12-12;12;1840
11;2025-12-12;13;1901
11;2025-12-12;14;1924
11;2025-12-12;15;2139
11;2025-12-12;16;2337
11;2025-12-12;17;2863
11;2025-12-12;18;2471
11;2025-12-12;19;2134
11;2025-12-12;20;1455
11;2025-12-12;21;855
11;2025-12-12;22;397
11;2025-12-12;23;284
11;2025-12-13;0;84
11;2025-12-13;1;1
11;2025-12-13;2;0
11;2025-12-13;3;0
11;2025-12-13;4;1
11;2025-12-13;5;192
11;2025-12-13;6;749
11;2025-12-13;7;661
11;2025-12-13;8;928
11;2025-12-13;9;1082
11;2025-12-13;10;1195
11;2025-12-13;11;1620
11;2025-12-13;12;1835
11;2025-12-13;13;1712
11;2025-12-13;14;1755
11;2025-12-13;15;1744
11;2025-12-13;16;1751
11;2025-12-13;17;1839
11;2025-12-13;18;1583
11;2025-12-13;19;1524
11;2025-12-13;20;1079
11;2025-12-13;21;740
11;2025-12-13;22;392
11;2025-12-13;23;308
11;2025-12-14;0;96
11;2025-12-14;1;19
11;2025-12-14;2;0
11;2025-12-14;3;0
11;2025-12-14;4;0
11;2025-12-14;5;102
11;2025-12-14;6;490
11;2025-12-14;7;487
11;2025-12-14;8;678
11;2025-12-14;9;913
11;2025-12-14;10;1036
11;2025-12-14;11;1471
11;2025-12-14;12;1635
11;2025-12-14;13;1605
11;2025-12-14;14;1662
11;2025-12-14;15;1700
11;2025-12-14;16;1659
11;2025-12-14;17;1760
11;2025-12-14;18;1388
11;2025-12-14;19;1110
11;2025-12-14;20;910
11;2025-12-14;21;653
11;2025-12-14;22;359
11;2025-12-14;23;235
11;2025-12-15;0;63
11;2025-12-15;1;6
11;2025-12-15;2;0
11;2025-12-15;3;0
11;2025-12-15;4;2
11;2025-12-15;5;274
11;2025-12-15;6;1378
11;2025-12-15;7;2325
11;2025-12-15;8;3017
11;2025-12-15;9;2294
11;2025-12-15;10;1747
11;2025-12-15;11;1796
11;2025-12-15;12;1694
11;2025-12-15;13;1822
11;2025-12-15;14;1816
11;2025-12-15;15;1866
11;2025-12-15;16;2136
11;2025-12-15;17;2661
11;2025-12-15;18;3028
11;2025-12-15;19;2284
11;2025-12-15;20;1504
11;2025-12-15;21;822
11;2025-12-15;22;386
11;2025-12-15;23;202
11;2025-12-16;0;57
11;2025-12-16;1;0
11;2025-12-16;2;0
11;2025-12-16;3;0
11;2025-12-16;4;0
11;2025-12-16;5;259
11;2025-12-16;6;1380
11;2025-12-16;7;2351
11;2025-12-16;8;3130
11;2025-12-16;9;2323
11;2025-12-16;10;1843
11;2025-12-16;11;1800
11;2025-12-16;12;1823
11;2025-12-16;13;1897
11;2025-12-16;14;1882
11;2025-12-16;15;1924
11;2025-12-16;16;2220
11;2025-12-16;17;2789
11;2025-12-16;18;3017
11;2025-12-16;19;2293
11;2025-12-16;20;1508
11;2025-12-16;21;823
11;2025-12-16;22;390
11;2025-12-16;23;218
11;2025-12-17;0;57
11;2025-12-17;1;0
11;2025-12-17;2;0
11;2025-12-17;3;0
11;2025-12-17;4;0
11;2025-12-17;5;258
11;2025-12-17;6;1345
11;2025-12-17;7;2367
11;2025-12-17;8;3065
11;2025-12-17;9;2327
11;2025-12-17;10;1840
11;2025-12-17;11;1842
11;2025-12-17;12;1899
11;2025-12-17;13;1964
11;2025-12-17;14;1902
11;2025-12-17;15;1940
11;2025-12-17;16;2158
11;2025-12-17;17;2717
11;2025-12-17;18;2969
11;2025-12-17;19;2301
11;2025-12-17;20;1527
11;2025-12-17;21;860
11;2025-12-17;22;392
11;2025-12-17;23;239
11;2025-12-18;0;57
11;2025-12-18;1;0
11;2025-12-18;2;0
11;2025-12-18;3;0
11;2025-12-18;4;1
11;2025-12-18;5;277
11;2025-12-18;6;1347
11;2025-12-18;7;2335
11;2025-12-18;8;2930
11;2025-12-18;9;2381
11;2025-12-18;10;1932
11;2025-12-18;11;1846
11;2025-12-18;12;1867
11;2025-12-18;13;1969
11;2025-12-18;14;1919
11;2025-12-18;15;1965
11;2025-12-18;16;2195
11;2025-12-18;17;2698
11;2025-12-18;18;3016
11;2025-12-18;19;2314
11;2025-12-18;20;1524
11;2025-12-18;21;849
11;2025-12-18;22;393
11;2025-12-18;23;242
11;2025-12-19;0;62
11;2025-12-19;1;0
11;2025-12-19;2;0
11;2025-12-19;3;0
11;2025-12-19;4;2
11;2025-12-19;5;263
11;2025-12-19;6;1329
11;2025-12-19;7;2218
11;2025-12-19;8;2917
11;2025-12-19;9;2258
11;2025-12-19;10;1854
11;2025-12-19;11;1820
11;2025-12-19;12;1844
11;2025-12-19;13;1904
11;2025-12-19;14;1930
11;2025-12-19;15;2146
11;2025-12-19;16;2338
11;2025-12-19;17;2862
11;2025-12-19;18;2469
11;2025-12-19;19;2132
11;2025-12-19;20;1449
11;2025-12-19;21;849
11;2025-12-19;22;399
11;2025-12-19;23;283
11;2025-12-20;0;77
11;2025-12-20;1;1
11;2025-12-20;2;0
11;2025-12-20;3;0
11;2025-12-20;4;1
11;2025-12-20;5;184
11;2025-12-20;6;750
11;2025-12-20;7;659
11;2025-12-20;8;932
11;2025-12-20;9;1094
11;2025-12-20;10;1194
11;2025-12-20;11;1619
11;2025-12-20;12;1844
11;2025-12-20;13;1720
11;2025-12-20;14;1766
11;2025-12-20;15;1755
11;2025-12-20;16;1762
11;2025-12-20;17;1856
11;2025-12-20;18;1577
11;2025-12-20;19;1515
11;2025-12-20;20;1073
11;2025-12-20;21;737
11;2025-12-20;22;392
11;2025-12-20;23;303
11;2025-12-21;0;92
11;2025-12-21;1;19
11;2025-12-21;2;0
11;2025-12-21;3;0
11;2025-12-21;4;0
11;2025-12-21;5;98
11;2025-12-21;6;490
11;2025-12-21;7;489
11;2025-12-21;8;678
11;2025-12-21;9;913
11;2025-12-21;10;1030
11;2025-12-21;11;1464
11;2025-12-21;12;1628
11;2025-12-21;13;1598
11;2025-12-21;14;1655
11;2025-12-21;15;1693
11;2025-12-21;16;1652
11;2025-12-21;17;1753
11;2025-12-21;18;1381
11;2025-12-21;19;1103
11;2025-12-21;20;910
11;2025-12-21;21;655
11;2025-12-21;22;361
11;2025-12-21;23;234
11;2025-12-22;0;59
11;2025-12-22;1;6
11;2025-12-22;2;0
11;2025-12-22;3;0
11;2025-12-22;4;2
11;2025-12-22;5;271
11;2025-12-22;6;1371
11;2025-12-22;7;2305
11;2025-12-22;8;2987
11;2025-12-22;9;2291
11;2025-12-22;10;1740
11;2025-12-22;11;1796
11;2025-12-22;12;1687
11;2025-12-22;13;1822
11;2025-12-22;14;1816
11;2025-12-22;15;1870
11;2025-12-22;16;2141
11;2025-12-22;17;2651
11;2025-12-22;18;3003
11;2025-12-22;19;2271
11;2025-12-22;20;1497
11;2025-12-22;21;822
11;2025-12-22;22;386
11;2025-12-22;23;198
11;2025-12-23;0;55
11;2025-12-23;1;0
11;2025-12-23;2;0
11;2025-12-23;3;0
11;2025-12-23;4;0
11;2025-12-23;5;256
11;2025-12-23;6;1373
11;2025-12-23;7;2330
11;2025-12-23;8;3100
11;2025-12-23;9;2317
11;2025-12-23;10;1843
11;2025-12-23;11;1800
11;2025-12-23;12;1823
11;2025-12-23;13;1901
11;2025-12-23;14;1886
11;2025-12-23;15;1928
11;2025-12-23;16;2225
11;2025-12-23;17;2779
11;2025-12-23;18;2992
11;2025-12-23;19;2280
11;2025-12-23;20;1501
11;2025-12-23;21;823
11;2025-12-23;22;390
11;2025-12-23;23;216
11;2025-12-24;0;53
11;2025-12-24;1;0
11;2025-12-24;2;0
11;2025-12-24;3;0
11;2025-12-24;4;0
11;2025-12-24;5;252
11;2025-12-24;6;1338
11;2025-12-24;7;2345
11;2025-12-24;8;3030
11;2025-12-24;9;2321
11;2025-12-24;10;1840
11;2025-12-24;11;1842
11;2025-12-24;12;1899
11;2025-12-24;13;1968
11;2025-12-24;14;1906
11;2025-12-24;15;1944
11;2025-12-24;16;2162
11;2025-12-24;17;2708
11;2025-12-24;18;2944
11;2025-12-24;19;2288
11;2025-12-24;20;1520
11;2025-12-24;21;860
11;2025-12-24;22;392
11;2025-12-24;23;235
11;2025-12-25;0;51
11;2025-12-25;1;0
11;2025-12-25;2;0
11;2025-12-25;3;0
11;2025-12-25;4;1
11;2025-12-25;5;272
11;2025-12-25;6;1340
11;2025-12-25;7;2313
11;2025-12-25;8;2917
11;2025-12-25;9;2376
11;2025-12-25;10;1932
11;2025-12-25;11;1846
11;2025-12-25;12;1867
11;2025-12-25;13;1973
11;2025-12-25;14;1923
11;2025-12-25;15;1969
11;2025-12-25;16;2199
11;2025-12-25;17;2693
11;2025-12-25;18;2992
11;2025-12-25;19;2301
11;2025-12-25;20;1517
11;2025-12-25;21;849
11;2025-12-25;22;393
11;2025-12-25;23;238
11;2025-12-26;0;59
11;2025-12-26;1;0
11;2025-12-26;2;0
11;2025-12-26;3;0
11;2025-12-26;4;2
11;2025-12-26;5;259
11;2025-12-26;6;1322
11;2025-12-26;7;2194
11;2025-12-26;8;2902
11;2025-12-26;9;2252
11;2025-12-26;10;1853
11;2025-12-26;11;1821
11;2025-12-26;12;1845
11;2025-12-26;13;1904
11;2025-12-26;14;1934
11;2025-12-26;15;2150
11;2025-12-26;16;2343
11;2025-12-26;17;2853
11;2025-12-26;18;2460
11;2025-12-26;19;2126
11;2025-12-26;20;1449
11;2025-12-26;21;855
11;2025-12-26;22;405
11;2025-12-26;23;284
11;2025-12-27;0;78
11;2025-12-27;1;1
11;2025-12-27;2;0
11;2025-12-27;3;0
11;2025-12-27;4;1
11;2025-12-27;5;182
11;2025-12-27;6;748
11;2025-12-27;7;656
11;2025-12-27;8;931
11;2025-12-27;9;1093
11;2025-12-27;10;1192
11;2025-12-27;11;1618
11;2025-12-27;12;1843
11;2025-12-27;13;1721
11;2025-12-27;14;1766
11;2025-12-27;15;1755
11;2025-12-27;16;1761
11;2025-12-27;17;1857
11;2025-12-27;18;1580
11;2025-12-27;19;1522
11;2025-12-27;20;1079
11;2025-12-27;21;743
11;2025-12-27;22;398
11;2025-12-27;23;306
11;2025-12-28;0;93
11;2025-12-28;1;21
11;2025-12-28;2;0
11;2025-12-28;3;0
11;2025-12-28;4;0
11;2025-12-28;5;97
11;2025-12-28;6;490
11;2025-12-28;7;488
11;2025-12-28;8;676
11;2025-12-28;9;913
11;2025-12-28;10;1030
11;2025-12-28;11;1464
11;2025-12-28;12;1629
11;2025-12-28;13;1598
11;2025-12-28;14;1655
11;2025-12-28;15;1693
11;2025-12-28;16;1653
11;2025-12-28;17;1753
11;2025-12-28;18;1384
11;2025-12-28;19;1110
11;2025-12-28;20;916
11;2025-12-28;21;660
11;2025-12-28;22;367
11;2025-12-28;23;236
11;2025-12-29;0;60
11;2025-12-29;1;8
11;2025-12-29;2;0
11;2025-12-29;3;0
11;2025-12-29;4;2
11;2025-12-29;5;270
11;2025-12-29;6;1370
11;2025-12-29;7;2304
11;2025-12-29;8;2985
11;2025-12-29;9;2291
11;2025-12-29;10;1739
11;2025-12-29;11;1797
11;2025-12-29;12;1687
11;2025-12-29;13;1823
11;2025-12-29;14;1817
11;2025-12-29;15;1870
11;2025-12-29;16;2141
11;2025-12-29;17;2651
11;2025-12-29;18;3007
11;2025-12-29;19;2278
11;2025-12-29;20;1504
11;2025-12-29;21;810
11;2025-12-29;22;392
11;2025-12-29;23;201
11;2025-12-30;0;56
11;2025-12-30;1;0
11;2025-12-30;2;0
11;2025-12-30;3;0
11;2025-12-30;4;0
11;2025-12-30;5;254
11;2025-12-30;6;1371
11;2025-12-30;7;2327
11;2025-12-30;8;3096
11;2025-12-30;9;2316
11;2025-12-30;10;1841
11;2025-12-30;11;1799
11;2025-12-30;12;1818
11;2025-12-30;13;1898
11;2025-12-30;14;1883
11;2025-12-30;15;1925
11;2025-12-30;16;2224
11;2025-12-30;17;2776
11;2025-12-30;18;2993
11;2025-12-30;19;2284
11;2025-12-30;20;1508
11;2025-12-30;21;811
11;2025-12-30;22;396
11;2025-12-30;23;219
11;2025-12-31;0;66
11;2025-12-31;1;0
11;2025-12-31;2;0
11;2025-12-31;3;0
11;2025-12-31;4;2
11;2025-12-31;5;139
11;2025-12-31;6;605
11;2025-12-31;7;629
11;2025-12-31;8;669
11;2025-12-31;9;694
11;2025-12-31;10;843
11;2025-12-31;11;1009
11;2025-12-31;12;1148
11;2025-12-31;13;1183
11;2025-12-31;14;1164
11;2025-12-31;15;1154
11;2025-12-31;16;1143
11;2025-12-31;17;1287
11;2025-12-31;18;1232
11;2025-12-31;19;1094
11;2025-12-31;20;911
11;2025-12-31;21;612
11;2025-12-31;22;277
11;2025-12-31;23;206
12;2025-11-01;0;75
12;2025-11-01;1;0
12;2025-11-01;2;0
12;2025-11-01;3;0
12;2025-11-01;4;3
12;2025-11-01;5;239
12;2025-11-01;6;824
12;2025-11-01;7;883
12;2025-11-01;8;976
12;2025-11-01;9;1115
12;2025-11-01;10;1415
12;2025-11-01;11;1502
12;2025-11-01;12;1459
12;2025-11-01;13;1728
12;2025-11-01;14;1697
12;2025-11-01;15;1574
12;2025-11-01;16;1614
12;2025-11-01;17;1498
12;2025-11-01;18;1453
12;2025-11-01;19;1434
12;2025-11-01;20;955
12;2025-11-01;21;681
12;2025-11-01;22;421
12;2025-11-01;23;280
12;2025-11-02;0;86
12;2025-11-02;1;5
12;2025-11-02;2;0
12;2025-11-02;3;0
12;2025-11-02;4;1
12;2025-11-02;5;155
12;2025-11-02;6;489
12;2025-11-02;7;589
12;2025-11-02;8;711
12;2025-11-02;9;868
12;2025-11-02;10;1105
12;2025-11-02;11;1283
12;2025-11-02;12;1333
12;2025-11-02;13;1566
12;2025-11-02;14;1476
12;2025-11-02;15;1364
12;2025-11-02;16;1481
12;2025-11-02;17;1608
12;2025-11-02;18;1307
12;2025-11-02;19;1053
12;2025-11-02;20;795
12;2025-11-02;21;591
12;2025-11-02;22;364
12;2025-11-02;23;207
12;2025-11-03;0;71
12;2025-11-03;1;4
12;2025-11-03;2;0
12;2025-11-03;3;0
12;2025-11-03;4;1
12;2025-11-03;5;204
12;2025-11-03;6;647
12;2025-11-03;7;739
12;2025-11-03;8;807
12;2025-11-03;9;757
12;2025-11-03;10;849
12;2025-11-03;11;971
12;2025-11-03;12;1042
12;2025-11-03;13;1044
12;2025-11-03;14;1031
12;2025-11-03;15;1067
12;2025-11-03;16;1189
12;2025-11-03;17;1264
12;2025-11-03;18;1216
12;2025-11-03;19;1059
12;2025-11-03;20;849
12;2025-11-03;21;648
12;2025-11-03;22;287
12;2025-11-03;23;185
12;2025-11-04;0;48
12;2025-11-04;1;2
12;2025-11-04;2;0
12;2025-11-04;3;0
12;2025-11-04;4;0
12;2025-11-04;5;222
12;2025-11-04;6;641
12;2025-11-04;7;722
12;2025-11-04;8;850
12;2025-11-04;9;770
12;2025-11-04;10;855
12;2025-11-04;11;988
12;2025-11-04;12;1058
12;2025-11-04;13;1074
12;2025-11-04;14;1057
12;2025-11-04;15;1083
12;2025-11-04;16;1262
12;2025-11-04;17;1320
12;2025-11-04;18;1205
12;2025-11-04;19;1202
12;2025-11-04;20;847
12;2025-11-04;21;660
12;2025-11-04;22;288
12;2025-11-04;23;188
12;2025-11-05;0;48
12;2025-11-05;1;1
12;2025-11-05;2;0
12;2025-11-05;3;0
12;2025-11-05;4;5
12;2025-11-05;5;322
12;2025-11-05;6;1469
12;2025-11-05;7;2594
12;2025-11-05;8;3485
12;2025-11-05;9;2469
12;2025-11-05;10;2073
12;2025-11-05;11;1924
12;2025-11-05;12;1938
12;2025-11-05;13;1945
12;2025-11-05;14;1906
12;2025-11-05;15;2154
12;2025-11-05;16;2610
12;2025-11-05;17;2970
12;2025-11-05;18;3098
12;2025-11-05;19;2462
12;2025-11-05;20;1596
12;2025-11-05;21;975
12;2025-11-05;22;428
12;2025-11-05;23;248
12;2025-11-06;0;46
12;2025-11-06;1;2
12;2025-11-06;2;0
12;2025-11-06;3;0
12;2025-11-06;4;6
12;2025-11-06;5;327
12;2025-11-06;6;1416
12;2025-11-06;7;2592
12;2025-11-06;8;3562
12;2025-11-06;9;2381
12;2025-11-06;10;1931
12;2025-11-06;11;1904
12;2025-11-06;12;1948
12;2025-11-06;13;1917
12;2025-11-06;14;1886
12;2025-11-06;15;2148
12;2025-11-06;16;2577
12;2025-11-06;17;2890
12;2025-11-06;18;3142
12;2025-11-06;19;2455
12;2025-11-06;20;1599
12;2025-11-06;21;924
12;2025-11-06;22;428
12;2025-11-06;23;259
12;2025-11-07;0;48
12;2025-11-07;1;2
12;2025-11-07;2;0
12;2025-11-07;3;0
12;2025-11-07;4;4
12;2025-11-07;5;327
12;2025-11-07;6;1413
12;2025-11-07;7;2571
12;2025-11-07;8;3301
12;2025-11-07;9;2256
12;2025-11-07;10;1896
12;2025-11-07;11;1870
12;2025-11-07;12;1876
12;2025-11-07;13;1886
12;2025-11-07;14;1903
12;2025-11-07;15;2288
12;2025-11-07;16;2839
12;2025-11-07;17;2881
12;2025-11-07;18;2494
12;2025-11-07;19;2173
12;2025-11-07;20;1462
12;2025-11-07;21;1010
12;2025-11-07;22;444
12;2025-11-07;23;288
12;2025-11-08;0;65
12;2025-11-08;1;3
12;2025-11-08;2;0
12;2025-11-08;3;0
12;2025-11-08;4;3
12;2025-11-08;5;230
12;2025-11-08;6;814
12;2025-11-08;7;865
12;2025-11-08;8;950
12;2025-11-08;9;1089
12;2025-11-08;10;1380
12;2025-11-08;11;1445
12;2025-11-08;12;1387
12;2025-11-08;13;1648
12;2025-11-08;14;1574
12;2025-11-08;15;1452
12;2025-11-08;16;1492
12;2025-11-08;17;1477
12;2025-11-08;18;1457
12;2025-11-08;19;1451
12;2025-11-08;20;933
12;2025-11-08;21;665
12;2025-11-08;22;389
12;2025-11-08;23;259
12;2025-11-09;0;85
12;2025-11-09;1;5
12;2025-11-09;2;0
12;2025-11-09;3;0
12;2025-11-09;4;1
12;2025-11-09;5;155
12;2025-11-09;6;489
12;2025-11-09;7;589
12;2025-11-09;8;710
12;2025-11-09;9;868
12;2025-11-09;10;1105
12;2025-11-09;11;1283
12;2025-11-09;12;1333
12;2025-11-09;13;1566
12;2025-11-09;14;1476
12;2025-11-09;15;1364
12;2025-11-09;16;1481
12;2025-11-09;17;1608
12;2025-11-09;18;1307
12;2025-11-09;19;1053
12;2025-11-09;20;796
12;2025-11-09;21;591
12;2025-11-09;22;358
12;2025-11-09;23;207
12;2025-11-10;0;60
12;2025-11-10;1;3
12;2025-11-10;2;0
12;2025-11-10;3;0
12;2025-11-10;4;5
12;2025-11-10;5;321
12;2025-11-10;6;1457
12;2025-11-10;7;2541
12;2025-11-10;8;3445
12;2025-11-10;9;2311
12;2025-11-10;10;1868
12;2025-11-10;11;1846
12;2025-11-10;12;1900
12;2025-11-10;13;1859
12;2025-11-10;14;1788
12;2025-11-10;15;2097
12;2025-11-10;16;2475
12;2025-11-10;17;2826
12;2025-11-10;18;3058
12;2025-11-10;19;2431
12;2025-11-10;20;1568
12;2025-11-10;21;895
12;2025-11-10;22;423
12;2025-11-10;23;226
12;2025-11-11;0;45
12;2025-11-11;1;1
12;2025-11-11;2;0
12;2025-11-11;3;0
12;2025-11-11;4;2
12;2025-11-11;5;331
12;2025-11-11;6;1459
12;2025-11-11;7;2713
12;2025-11-11;8;3666
12;2025-11-11;9;2442
12;2025-11-11;10;2048
12;2025-11-11;11;1906
12;2025-11-11;12;1916
12;2025-11-11;13;1923
12;2025-11-11;14;1893
12;2025-11-11;15;2113
12;2025-11-11;16;2588
12;2025-11-11;17;2987
12;2025-11-11;18;3066
12;2025-11-11;19;2585
12;2025-11-11;20;1572
12;2025-11-11;21;923
12;2025-11-11;22;427
12;2025-11-11;23;230
12;2025-11-12;0;48
12;2025-11-12;1;1
12;2025-11-12;2;0
12;2025-11-12;3;0
12;2025-11-12;4;5
12;2025-11-12;5;324
12;2025-11-12;6;1464
12;2025-11-12;7;2594
12;2025-11-12;8;3485
12;2025-11-12;9;2469
12;2025-11-12;10;2068
12;2025-11-12;11;1920
12;2025-11-12;12;1933
12;2025-11-12;13;1941
12;2025-11-12;14;1899
12;2025-11-12;15;2147
12;2025-11-12;16;2610
12;2025-11-12;17;2970
12;2025-11-12;18;3098
12;2025-11-12;19;2462
12;2025-11-12;20;1591
12;2025-11-12;21;975
12;2025-11-12;22;427
12;2025-11-12;23;248
12;2025-11-13;0;47
12;2025-11-13;1;3
12;2025-11-13;2;0
12;2025-11-13;3;0
12;2025-11-13;4;6
12;2025-11-13;5;327
12;2025-11-13;6;1411
12;2025-11-13;7;2592
12;2025-11-13;8;3562
12;2025-11-13;9;2380
12;2025-11-13;10;1927
12;2025-11-13;11;1899
12;2025-11-13;12;1944
12;2025-11-13;13;1913
12;2025-11-13;14;1879
12;2025-11-13;15;2142
12;2025-11-13;16;2577
12;2025-11-13;17;2890
12;2025-11-13;18;3141
12;2025-11-13;19;2454
12;2025-11-13;20;1595
12;2025-11-13;21;923
12;2025-11-13;22;427
12;2025-11-13;23;258
12;2025-11-14;0;48
12;2025-11-14;1;2
12;2025-11-14;2;0
12;2025-11-14;3;0
12;2025-11-14;4;3
12;2025-11-14;5;327
12;2025-11-14;6;1407
12;2025-11-14;7;2570
12;2025-11-14;8;3299
12;2025-11-14;9;2254
12;2025-11-14;10;1895
12;2025-11-14;11;1868
12;2025-11-14;12;1874
12;2025-11-14;13;1886
12;2025-11-14;14;1896
12;2025-11-14;15;2288
12;2025-11-14;16;2840
12;2025-11-14;17;2879
12;2025-11-14;18;2494
12;2025-11-14;19;2166
12;2025-11-14;20;1461
12;2025-11-14;21;1008
12;2025-11-14;22;442
12;2025-11-14;23;287
12;2025-11-15;0;65
12;2025-11-15;1;3
12;2025-11-15;2;0
12;2025-11-15;3;0
12;2025-11-15;4;3
12;2025-11-15;5;230
12;2025-11-15;6;814
12;2025-11-15;7;865
12;2025-11-15;8;949
12;2025-11-15;9;1088
12;2025-11-15;10;1376
12;2025-11-15;11;1440
12;2025-11-15;12;1383
12;2025-11-15;13;1644
12;2025-11-15;14;1568
12;2025-11-15;15;1444
12;2025-11-15;16;1484
12;2025-11-15;17;1472
12;2025-11-15;18;1452
12;2025-11-15;19;1445
12;2025-11-15;20;933
12;2025-11-15;21;664
12;2025-11-15;22;385
12;2025-11-15;23;258
12;2025-11-16;0;84
12;2025-11-16;1;5
12;2025-11-16;2;0
12;2025-11-16;3;0
12;2025-11-16;4;1
12;2025-11-16;5;153
12;2025-11-16;6;488
12;2025-11-16;7;588
12;2025-11-16;8;709
12;2025-11-16;9;867
12;2025-11-16;10;1104
12;2025-11-16;11;1282
12;2025-11-16;12;1328
12;2025-11-16;13;1560
12;2025-11-16;14;1467
12;2025-11-16;15;1354
12;2025-11-16;16;1471
12;2025-11-16;17;1602
12;2025-11-16;18;1305
12;2025-11-16;19;1052
12;2025-11-16;20;794
12;2025-11-16;21;589
12;2025-11-16;22;357
12;2025-11-16;23;206
12;2025-11-17;0;60
12;2025-11-17;1;3
12;2025-11-17;2;0
12;2025-11-17;3;0
12;2025-11-17;4;5
12;2025-11-17;5;321
12;2025-11-17;6;1451
12;2025-11-17;7;2540
12;2025-11-17;8;3443
12;2025-11-17;9;2310
12;2025-11-17;10;1868
12;2025-11-17;11;1845
12;2025-11-17;12;1898
12;2025-11-17;13;1859
12;2025-11-17;14;1781
12;2025-11-17;15;2090
12;2025-11-17;16;2476
12;2025-11-17;17;2824
12;2025-11-17;18;3058
12;2025-11-17;19;2430
12;2025-11-17;20;1568
12;2025-11-17;21;893
12;2025-11-17;22;422
12;2025-11-17;23;226
12;2025-11-18;0;45
12;2025-11-18;1;1
12;2025-11-18;2;0
12;2025-11-18;3;0
12;2025-11-18;4;2
12;2025-11-18;5;331
12;2025-11-18;6;1452
12;2025-11-18;7;2712
12;2025-11-18;8;3668
12;2025-11-18;9;2440
12;2025-11-18;10;2048
12;2025-11-18;11;1904
12;2025-11-18;12;1918
12;2025-11-18;13;1927
12;2025-11-18;14;1886
12;2025-11-18;15;2106
12;2025-11-18;16;2589
12;2025-11-18;17;2985
12;2025-11-18;18;3066
12;2025-11-18;19;2584
12;2025-11-18;20;1572
12;2025-11-18;21;921
12;2025-11-18;22;425
12;2025-11-18;23;229
12;2025-11-19;0;48
12;2025-11-19;1;1
12;2025-11-19;2;0
12;2025-11-19;3;0
12;2025-11-19;4;5
12;2025-11-19;5;324
12;2025-11-19;6;1464
12;2025-11-19;7;2595
12;2025-11-19;8;3489
12;2025-11-19;9;2468
12;2025-11-19;10;2068
12;2025-11-19;11;1919
12;2025-11-19;12;1937
12;2025-11-19;13;1945
12;2025-11-19;14;1900
12;2025-11-19;15;2148
12;2025-11-19;16;2611
12;2025-11-19;17;2970
12;2025-11-19;18;3098
12;2025-11-19;19;2462
12;2025-11-19;20;1592
12;2025-11-19;21;975
12;2025-11-19;22;427
12;2025-11-19;23;247
12;2025-11-20;0;47
12;2025-11-20;1;3
12;2025-11-20;2;0
12;2025-11-20;3;0
12;2025-11-20;4;6
12;2025-11-20;5;327
12;2025-11-20;6;1411
12;2025-11-20;7;2592
12;2025-11-20;8;3562
12;2025-11-20;9;2380
12;2025-11-20;10;1927
12;2025-11-20;11;1899
12;2025-11-20;12;1944
12;2025-11-20;13;1913
12;2025-11-20;14;1879
12;2025-11-20;15;2142
12;2025-11-20;16;2577
12;2025-11-20;17;2890
12;2025-11-20;18;3141
12;2025-11-20;19;2454
12;2025-11-20;20;1595
12;2025-11-20;21;923
12;2025-11-20;22;427
12;2025-11-20;23;258
12;2025-11-21;0;48
12;2025-11-21;1;2
12;2025-11-21;2;0
12;2025-11-21;3;0
12;2025-11-21;4;3
12;2025-11-21;5;326
12;2025-11-21;6;1407
12;2025-11-21;7;2570
12;2025-11-21;8;3293
12;2025-11-21;9;2254
12;2025-11-21;10;1895
12;2025-11-21;11;1868
12;2025-11-21;12;1878
12;2025-11-21;13;1890
12;2025-11-21;14;1896
12;2025-11-21;15;2288
12;2025-11-21;16;2830
12;2025-11-21;17;2869
12;2025-11-21;18;2494
12;2025-11-21;19;2167
12;2025-11-21;20;1462
12;2025-11-21;21;1008
12;2025-11-21;22;442
12;2025-11-21;23;286
12;2025-11-22;0;65
12;2025-11-22;1;3
12;2025-11-22;2;0
12;2025-11-22;3;0
12;2025-11-22;4;3
12;2025-11-22;5;228
12;2025-11-22;6;814
12;2025-11-22;7;865
12;2025-11-22;8;949
12;2025-11-22;9;1088
12;2025-11-22;10;1376
12;2025-11-22;11;1440
12;2025-11-22;12;1386
12;2025-11-22;13;1647
12;2025-11-22;14;1568
12;2025-11-22;15;1444
12;2025-11-22;16;1484
12;2025-11-22;17;1472
12;2025-11-22;18;1452
12;2025-11-22;19;1446
12;2025-11-22;20;933
12;2025-11-22;21;659
12;2025-11-22;22;385
12;2025-11-22;23;257
12;2025-11-23;0;84
12;2025-11-23;1;5
12;2025-11-23;2;0
12;2025-11-23;3;0
12;2025-11-23;4;1
12;2025-11-23;5;152
12;2025-11-23;6;488
12;2025-11-23;7;575
12;2025-11-23;8;703
12;2025-11-23;9;866
12;2025-11-23;10;1103
12;2025-11-23;11;1282
12;2025-11-23;12;1328
12;2025-11-23;13;1561
12;2025-11-23;14;1467
12;2025-11-23;15;1354
12;2025-11-23;16;1471
12;2025-11-23;17;1602
12;2025-11-23;18;1305
12;2025-11-23;19;1051
12;2025-11-23;20;788
12;2025-11-23;21;575
12;2025-11-23;22;358
12;2025-11-23;23;204
12;2025-11-24;0;60
12;2025-11-24;1;3
12;2025-11-24;2;0
12;2025-11-24;3;0
12;2025-11-24;4;4
12;2025-11-24;5;318
12;2025-11-24;6;1452
12;2025-11-24;7;2540
12;2025-11-24;8;3442
12;2025-11-24;9;2309
12;2025-11-24;10;1867
12;2025-11-24;11;1846
12;2025-11-24;12;1899
12;2025-11-24;13;1860
12;2025-11-24;14;1781
12;2025-11-24;15;2090
12;2025-11-24;16;2476
12;2025-11-24;17;2815
12;2025-11-24;18;3048
12;2025-11-24;19;2429
12;2025-11-24;20;1567
12;2025-11-24;21;892
12;2025-11-24;22;423
12;2025-11-24;23;225
12;2025-11-25;0;45
12;2025-11-25;1;1
12;2025-11-25;2;0
12;2025-11-25;3;0
12;2025-11-25;4;0
12;2025-11-25;5;331
12;2025-11-25;6;1452
12;2025-11-25;7;2703
12;2025-11-25;8;3667
12;2025-11-25;9;2439
12;2025-11-25;10;2047
12;2025-11-25;11;1904
12;2025-11-25;12;1918
12;2025-11-25;13;1927
12;2025-11-25;14;1887
12;2025-11-25;15;2107
12;2025-11-25;16;2579
12;2025-11-25;17;2975
12;2025-11-25;18;3056
12;2025-11-25;19;2573
12;2025-11-25;20;1571
12;2025-11-25;21;920
12;2025-11-25;22;425
12;2025-11-25;23;228
12;2025-11-26;0;48
12;2025-11-26;1;1
12;2025-11-26;2;0
12;2025-11-26;3;0
12;2025-11-26;4;4
12;2025-11-26;5;321
12;2025-11-26;6;1464
12;2025-11-26;7;2595
12;2025-11-26;8;3488
12;2025-11-26;9;2467
12;2025-11-26;10;2067
12;2025-11-26;11;1920
12;2025-11-26;12;1937
12;2025-11-26;13;1945
12;2025-11-26;14;1900
12;2025-11-26;15;2148
12;2025-11-26;16;2601
12;2025-11-26;17;2960
12;2025-11-26;18;3088
12;2025-11-26;19;2461
12;2025-11-26;20;1591
12;2025-11-26;21;973
12;2025-11-26;22;427
12;2025-11-26;23;245
12;2025-11-27;0;47
12;2025-11-27;1;3
12;2025-11-27;2;0
12;2025-11-27;3;0
12;2025-11-27;4;6
12;2025-11-27;5;324
12;2025-11-27;6;1406
12;2025-11-27;7;2592
12;2025-11-27;8;3562
12;2025-11-27;9;2380
12;2025-11-27;10;1927
12;2025-11-27;11;1899
12;2025-11-27;12;1944
12;2025-11-27;13;1913
12;2025-11-27;14;1880
12;2025-11-27;15;2142
12;2025-11-27;16;2577
12;2025-11-27;17;2880
12;2025-11-27;18;3131
12;2025-11-27;19;2454
12;2025-11-27;20;1595
12;2025-11-27;21;919
12;2025-11-27;22;427
12;2025-11-27;23;255
12;2025-11-28;0;49
12;2025-11-28;1;2
12;2025-11-28;2;0
12;2025-11-28;3;0
12;2025-11-28;4;3
12;2025-11-28;5;325
12;2025-11-28;6;1401
12;2025-11-28;7;2567
12;2025-11-28;8;3293
12;2025-11-28;9;2252
12;2025-11-28;10;1894
12;2025-11-28;11;1867
12;2025-11-28;12;1875
12;2025-11-28;13;1887
12;2025-11-28;14;1893
12;2025-11-28;15;2285
12;2025-11-28;16;2826
12;2025-11-28;17;2866
12;2025-11-28;18;2491
12;2025-11-28;19;2164
12;2025-11-28;20;1456
12;2025-11-28;21;1002
12;2025-11-28;22;442
12;2025-11-28;23;285
12;2025-11-29;0;65
12;2025-11-29;1;3
12;2025-11-29;2;0
12;2025-11-29;3;0
12;2025-11-29;4;3
12;2025-11-29;5;227
12;2025-11-29;6;812
12;2025-11-29;7;862
12;2025-11-29;8;945
12;2025-11-29;9;1085
12;2025-11-29;10;1373
12;2025-11-29;11;1439
12;2025-11-29;12;1383
12;2025-11-29;13;1644
12;2025-11-29;14;1565
12;2025-11-29;15;1440
12;2025-11-29;16;1480
12;2025-11-29;17;1469
12;2025-11-29;18;1449
12;2025-11-29;19;1442
12;2025-11-29;20;930
12;2025-11-29;21;658
12;2025-11-29;22;385
12;2025-11-29;23;256
12;2025-11-30;0;84
12;2025-11-30;1;5
12;2025-11-30;2;0
12;2025-11-30;3;0
12;2025-11-30;4;1
12;2025-11-30;5;152
12;2025-11-30;6;488
12;2025-11-30;7;575
12;2025-11-30;8;703
12;2025-11-30;9;864
12;2025-11-30;10;1101
12;2025-11-30;11;1281
12;2025-11-30;12;1325
12;2025-11-30;13;1557
12;2025-11-30;14;1463
12;2025-11-30;15;1351
12;2025-11-30;16;1468
12;2025-11-30;17;1599
12;2025-11-30;18;1302
12;2025-11-30;19;1047
12;2025-11-30;20;787
12;2025-11-30;21;575
12;2025-11-30;22;358
12;2025-11-30;23;204
12;2025-12-01;0;60
12;2025-12-01;1;3
12;2025-12-01;2;0
12;2025-12-01;3;0
12;2025-12-01;4;4
12;2025-12-01;5;318
12;2025-12-01;6;1446
12;2025-12-01;7;2537
12;2025-12-01;8;3442
12;2025-12-01;9;2307
12;2025-12-01;10;1865
12;2025-12-01;11;1844
12;2025-12-01;12;1895
12;2025-12-01;13;1856
12;2025-12-01;14;1778
12;2025-12-01;15;2087
12;2025-12-01;16;2472
12;2025-12-01;17;2811
12;2025-12-01;18;3048
12;2025-12-01;19;2426
12;2025-12-01;20;1565
12;2025-12-01;21;891
12;2025-12-01;22;423
12;2025-12-01;23;225
12;2025-12-02;0;45
12;2025-12-02;1;1
12;2025-12-02;2;0
12;2025-12-02;3;0
12;2025-12-02;4;0
12;2025-12-02;5;331
12;2025-12-02;6;1446
12;2025-12-02;7;2699
12;2025-12-02;8;3667
12;2025-12-02;9;2437
12;2025-12-02;10;2045
12;2025-12-02;11;1903
12;2025-12-02;12;1915
12;2025-12-02;13;1924
12;2025-12-02;14;1883
12;2025-12-02;15;2103
12;2025-12-02;16;2576
12;2025-12-02;17;2972
12;2025-12-02;18;3056
12;2025-12-02;19;2570
12;2025-12-02;20;1569
12;2025-12-02;21;914
12;2025-12-02;22;425
12;2025-12-02;23;228
12;2025-12-03;0;48
12;2025-12-03;1;1
12;2025-12-03;2;0
12;2025-12-03;3;0
12;2025-12-03;4;4
12;2025-12-03;5;321
12;2025-12-03;6;1458
12;2025-12-03;7;2592
12;2025-12-03;8;3488
12;2025-12-03;9;2466
12;2025-12-03;10;2065
12;2025-12-03;11;1918
12;2025-12-03;12;1934
12;2025-12-03;13;1942
12;2025-12-03;14;1896
12;2025-12-03;15;2144
12;2025-12-03;16;2597
12;2025-12-03;17;2957
12;2025-12-03;18;3088
12;2025-12-03;19;2458
12;2025-12-03;20;1589
12;2025-12-03;21;967
12;2025-12-03;22;427
12;2025-12-03;23;245
12;2025-12-04;0;45
12;2025-12-04;1;3
12;2025-12-04;2;0
12;2025-12-04;3;0
12;2025-12-04;4;6
12;2025-12-04;5;324
12;2025-12-04;6;1406
12;2025-12-04;7;2590
12;2025-12-04;8;3562
12;2025-12-04;9;2378
12;2025-12-04;10;1925
12;2025-12-04;11;1897
12;2025-12-04;12;1944
12;2025-12-04;13;1913
12;2025-12-04;14;1880
12;2025-12-04;15;2140
12;2025-12-04;16;2577
12;2025-12-04;17;2880
12;2025-12-04;18;3131
12;2025-12-04;19;2454
12;2025-12-04;20;1595
12;2025-12-04;21;917
12;2025-12-04;22;426
12;2025-12-04;23;253
12;2025-12-05;0;47
12;2025-12-05;1;2
12;2025-12-05;2;0
12;2025-12-05;3;0
12;2025-12-05;4;3
12;2025-12-05;5;325
12;2025-12-05;6;1401
12;2025-12-05;7;2565
12;2025-12-05;8;3293
12;2025-12-05;9;2250
12;2025-12-05;10;1892
12;2025-12-05;11;1865
12;2025-12-05;12;1875
12;2025-12-05;13;1887
12;2025-12-05;14;1893
12;2025-12-05;15;2283
12;2025-12-05;16;2826
12;2025-12-05;17;2866
12;2025-12-05;18;2491
12;2025-12-05;19;2164
12;2025-12-05;20;1456
12;2025-12-05;21;1000
12;2025-12-05;22;441
12;2025-12-05;23;282
12;2025-12-06;0;63
12;2025-12-06;1;3
12;2025-12-06;2;0
12;2025-12-06;3;0
12;2025-12-06;4;3
12;2025-12-06;5;227
12;2025-12-06;6;812
12;2025-12-06;7;860
12;2025-12-06;8;945
12;2025-12-06;9;1083
12;2025-12-06;10;1370
12;2025-12-06;11;1437
12;2025-12-06;12;1383
12;2025-12-06;13;1644
12;2025-12-06;14;1565
12;2025-12-06;15;1438
12;2025-12-06;16;1480
12;2025-12-06;17;1469
12;2025-12-06;18;1449
12;2025-12-06;19;1442
12;2025-12-06;20;930
12;2025-12-06;21;656
12;2025-12-06;22;384
12;2025-12-06;23;253
12;2025-12-07;0;83
12;2025-12-07;1;5
12;2025-12-07;2;0
12;2025-12-07;3;0
12;2025-12-07;4;1
12;2025-12-07;5;152
12;2025-12-07;6;489
12;2025-12-07;7;567
12;2025-12-07;8;696
12;2025-12-07;9;855
12;2025-12-07;10;1099
12;2025-12-07;11;1278
12;2025-12-07;12;1325
12;2025-12-07;13;1557
12;2025-12-07;14;1463
12;2025-12-07;15;1348
12;2025-12-07;16;1468
12;2025-12-07;17;1599
12;2025-12-07;18;1302
12;2025-12-07;19;1047
12;2025-12-07;20;780
12;2025-12-07;21;567
12;2025-12-07;22;356
12;2025-12-07;23;202
12;2025-12-08;0;60
12;2025-12-08;1;3
12;2025-12-08;2;0
12;2025-12-08;3;0
12;2025-12-08;4;3
12;2025-12-08;5;316
12;2025-12-08;6;1446
12;2025-12-08;7;2544
12;2025-12-08;8;3446
12;2025-12-08;9;2310
12;2025-12-08;10;1866
12;2025-12-08;11;1846
12;2025-12-08;12;1898
12;2025-12-08;13;1862
12;2025-12-08;14;1791
12;2025-12-08;15;2098
12;2025-12-08;16;2485
12;2025-12-08;17;2818
12;2025-12-08;18;3052
12;2025-12-08;19;2420
12;2025-12-08;20;1559
12;2025-12-08;21;883
12;2025-12-08;22;427
12;2025-12-08;23;221
12;2025-12-09;0;45
12;2025-12-09;1;1
12;2025-12-09;2;0
12;2025-12-09;3;0
12;2025-12-09;4;0
12;2025-12-09;5;329
12;2025-12-09;6;1448
12;2025-12-09;7;2708
12;2025-12-09;8;3672
12;2025-12-09;9;2441
12;2025-12-09;10;2048
12;2025-12-09;11;1906
12;2025-12-09;12;1919
12;2025-12-09;13;1931
12;2025-12-09;14;1897
12;2025-12-09;15;2114
12;2025-12-09;16;2590
12;2025-12-09;17;2979
12;2025-12-09;18;3061
12;2025-12-09;19;2564
12;2025-12-09;20;1563
12;2025-12-09;21;907
12;2025-12-09;22;431
12;2025-12-09;23;223
12;2025-12-10;0;45
12;2025-12-10;1;1
12;2025-12-10;2;0
12;2025-12-10;3;0
12;2025-12-10;4;2
12;2025-12-10;5;317
12;2025-12-10;6;1456
12;2025-12-10;7;2598
12;2025-12-10;8;3488
12;2025-12-10;9;2467
12;2025-12-10;10;2066
12;2025-12-10;11;1918
12;2025-12-10;12;1935
12;2025-12-10;13;1948
12;2025-12-10;14;1910
12;2025-12-10;15;2155
12;2025-12-10;16;2612
12;2025-12-10;17;2960
12;2025-12-10;18;3090
12;2025-12-10;19;2449
12;2025-12-10;20;1580
12;2025-12-10;21;957
12;2025-12-10;22;429
12;2025-12-10;23;240
12;2025-12-11;0;41
12;2025-12-11;1;3
12;2025-12-11;2;0
12;2025-12-11;3;0
12;2025-12-11;4;2
12;2025-12-11;5;318
12;2025-12-11;6;1403
12;2025-12-11;7;2596
12;2025-12-11;8;3560
12;2025-12-11;9;2380
12;2025-12-11;10;1926
12;2025-12-11;11;1902
12;2025-12-11;12;1943
12;2025-12-11;13;1925
12;2025-12-11;14;1900
12;2025-12-11;15;2159
12;2025-12-11;16;2601
12;2025-12-11;17;2889
12;2025-12-11;18;3135
12;2025-12-11;19;2444
12;2025-12-11;20;1584
12;2025-12-11;21;907
12;2025-12-11;22;427
12;2025-12-11;23;247
12;2025-12-12;0;45
12;2025-12-12;1;2
12;2025-12-12;2;0
12;2025-12-12;3;0
12;2025-12-12;4;0
12;2025-12-12;5;326
12;2025-12-12;6;1400
12;2025-12-12;7;2573
12;2025-12-12;8;3294
12;2025-12-12;9;2260
12;2025-12-12;10;1895
12;2025-12-12;11;1877
12;2025-12-12;12;1881
12;2025-12-12;13;1904
12;2025-12-12;14;1909
12;2025-12-12;15;2297
12;2025-12-12;16;2845
12;2025-12-12;17;2883
12;2025-12-12;18;2498
12;2025-12-12;19;2156
12;2025-12-12;20;1451
12;2025-12-12;21;994
12;2025-12-12;22;445
12;2025-12-12;23;282
12;2025-12-13;0;60
12;2025-12-13;1;2
12;2025-12-13;2;0
12;2025-12-13;3;0
12;2025-12-13;4;2
12;2025-12-13;5;228
12;2025-12-13;6;803
12;2025-12-13;7;858
12;2025-12-13;8;936
12;2025-12-13;9;1091
12;2025-12-13;10;1373
12;2025-12-13;11;1447
12;2025-12-13;12;1388
12;2025-12-13;13;1660
12;2025-12-13;14;1589
12;2025-12-13;15;1461
12;2025-12-13;16;1509
12;2025-12-13;17;1484
12;2025-12-13;18;1452
12;2025-12-13;19;1434
12;2025-12-13;20;919
12;2025-12-13;21;648
12;2025-12-13;22;386
12;2025-12-13;23;252
12;2025-12-14;0;81
12;2025-12-14;1;15
12;2025-12-14;2;0
12;2025-12-14;3;0
12;2025-12-14;4;1
12;2025-12-14;5;153
12;2025-12-14;6;483
12;2025-12-14;7;577
12;2025-12-14;8;718
12;2025-12-14;9;892
12;2025-12-14;10;1127
12;2025-12-14;11;1306
12;2025-12-14;12;1358
12;2025-12-14;13;1602
12;2025-12-14;14;1521
12;2025-12-14;15;1408
12;2025-12-14;16;1528
12;2025-12-14;17;1646
12;2025-12-14;18;1316
12;2025-12-14;19;1044
12;2025-12-14;20;780
12;2025-12-14;21;564
12;2025-12-14;22;363
12;2025-12-14;23;205
12;2025-12-15;0;56
12;2025-12-15;1;8
12;2025-12-15;2;0
12;2025-12-15;3;0
12;2025-12-15;4;2
12;2025-12-15;5;314
12;2025-12-15;6;1443
12;2025-12-15;7;2543
12;2025-12-15;8;3453
12;2025-12-15;9;2321
12;2025-12-15;10;1881
12;2025-12-15;11;1853
12;2025-12-15;12;1912
12;2025-12-15;13;1876
12;2025-12-15;14;1810
12;2025-12-15;15;2114
12;2025-12-15;16;2500
12;2025-12-15;17;2835
12;2025-12-15;18;3054
12;2025-12-15;19;2422
12;2025-12-15;20;1560
12;2025-12-15;21;881
12;2025-12-15;22;427
12;2025-12-15;23;222
12;2025-12-16;0;41
12;2025-12-16;1;5
12;2025-12-16;2;0
12;2025-12-16;3;0
12;2025-12-16;4;0
12;2025-12-16;5;326
12;2025-12-16;6;1445
12;2025-12-16;7;2708
12;2025-12-16;8;3677
12;2025-12-16;9;2450
12;2025-12-16;10;2062
12;2025-12-16;11;1911
12;2025-12-16;12;1932
12;2025-12-16;13;1942
12;2025-12-16;14;1914
12;2025-12-16;15;2128
12;2025-12-16;16;2603
12;2025-12-16;17;2996
12;2025-12-16;18;3064
12;2025-12-16;19;2565
12;2025-12-16;20;1564
12;2025-12-16;21;905
12;2025-12-16;22;431
12;2025-12-16;23;224
12;2025-12-17;0;42
12;2025-12-17;1;0
12;2025-12-17;2;0
12;2025-12-17;3;0
12;2025-12-17;4;1
12;2025-12-17;5;313
12;2025-12-17;6;1452
12;2025-12-17;7;2598
12;2025-12-17;8;3490
12;2025-12-17;9;2475
12;2025-12-17;10;2072
12;2025-12-17;11;1917
12;2025-12-17;12;1941
12;2025-12-17;13;1953
12;2025-12-17;14;1921
12;2025-12-17;15;2163
12;2025-12-17;16;2619
12;2025-12-17;17;2967
12;2025-12-17;18;3088
12;2025-12-17;19;2447
12;2025-12-17;20;1579
12;2025-12-17;21;954
12;2025-12-17;22;424
12;2025-12-17;23;238
12;2025-12-18;0;41
12;2025-12-18;1;2
12;2025-12-18;2;0
12;2025-12-18;3;0
12;2025-12-18;4;3
12;2025-12-18;5;317
12;2025-12-18;6;1397
12;2025-12-18;7;2596
12;2025-12-18;8;3552
12;2025-12-18;9;2383
12;2025-12-18;10;1931
12;2025-12-18;11;1901
12;2025-12-18;12;1950
12;2025-12-18;13;1932
12;2025-12-18;14;1912
12;2025-12-18;15;2167
12;2025-12-18;16;2606
12;2025-12-18;17;2892
12;2025-12-18;18;3128
12;2025-12-18;19;2448
12;2025-12-18;20;1585
12;2025-12-18;21;899
12;2025-12-18;22;424
12;2025-12-18;23;250
12;2025-12-19;0;44
12;2025-12-19;1;6
12;2025-12-19;2;0
12;2025-12-19;3;0
12;2025-12-19;4;1
12;2025-12-19;5;325
12;2025-12-19;6;1394
12;2025-12-19;7;2573
12;2025-12-19;8;3294
12;2025-12-19;9;2271
12;2025-12-19;10;1908
12;2025-12-19;11;1882
12;2025-12-19;12;1895
12;2025-12-19;13;1916
12;2025-12-19;14;1926
12;2025-12-19;15;2312
12;2025-12-19;16;2852
12;2025-12-19;17;2889
12;2025-12-19;18;2501
12;2025-12-19;19;2155
12;2025-12-19;20;1447
12;2025-12-19;21;987
12;2025-12-19;22;448
12;2025-12-19;23;285
12;2025-12-20;0;53
12;2025-12-20;1;7
12;2025-12-20;2;0
12;2025-12-20;3;0
12;2025-12-20;4;2
12;2025-12-20;5;224
12;2025-12-20;6;799
12;2025-12-20;7;858
12;2025-12-20;8;951
12;2025-12-20;9;1105
12;2025-12-20;10;1381
12;2025-12-20;11;1447
12;2025-12-20;12;1397
12;2025-12-20;13;1671
12;2025-12-20;14;1605
12;2025-12-20;15;1475
12;2025-12-20;16;1524
12;2025-12-20;17;1499
12;2025-12-20;18;1449
12;2025-12-20;19;1427
12;2025-12-20;20;923
12;2025-12-20;21;644
12;2025-12-20;22;388
12;2025-12-20;23;252
12;2025-12-21;0;76
12;2025-12-21;1;14
12;2025-12-21;2;0
12;2025-12-21;3;0
12;2025-12-21;4;0
12;2025-12-21;5;149
12;2025-12-21;6;483
12;2025-12-21;7;579
12;2025-12-21;8;718
12;2025-12-21;9;891
12;2025-12-21;10;1119
12;2025-12-21;11;1298
12;2025-12-21;12;1351
12;2025-12-21;13;1595
12;2025-12-21;14;1514
12;2025-12-21;15;1401
12;2025-12-21;16;1521
12;2025-12-21;17;1639
12;2025-12-21;18;1310
12;2025-12-21;19;1037
12;2025-12-21;20;780
12;2025-12-21;21;563
12;2025-12-21;22;362
12;2025-12-21;23;201
12;2025-12-22;0;54
12;2025-12-22;1;8
12;2025-12-22;2;0
12;2025-12-22;3;0
12;2025-12-22;4;2
12;2025-12-22;5;313
12;2025-12-22;6;1436
12;2025-12-22;7;2523
12;2025-12-22;8;3436
12;2025-12-22;9;2314
12;2025-12-22;10;1874
12;2025-12-22;11;1851
12;2025-12-22;12;1916
12;2025-12-22;13;1880
12;2025-12-22;14;1810
12;2025-12-22;15;2116
12;2025-12-22;16;2504
12;2025-12-22;17;2825
12;2025-12-22;18;3030
12;2025-12-22;19;2409
12;2025-12-22;20;1553
12;2025-12-22;21;879
12;2025-12-22;22;426
12;2025-12-22;23;220
12;2025-12-23;0;41
12;2025-12-23;1;5
12;2025-12-23;2;0
12;2025-12-23;3;0
12;2025-12-23;4;0
12;2025-12-23;5;324
12;2025-12-23;6;1438
12;2025-12-23;7;2686
12;2025-12-23;8;3624
12;2025-12-23;9;2445
12;2025-12-23;10;2057
12;2025-12-23;11;1906
12;2025-12-23;12;1936
12;2025-12-23;13;1946
12;2025-12-23;14;1918
12;2025-12-23;15;2133
12;2025-12-23;16;2607
12;2025-12-23;17;2970
12;2025-12-23;18;3039
12;2025-12-23;19;2552
12;2025-12-23;20;1557
12;2025-12-23;21;905
12;2025-12-23;22;431
12;2025-12-23;23;221
12;2025-12-24;0;42
12;2025-12-24;1;0
12;2025-12-24;2;0
12;2025-12-24;3;0
12;2025-12-24;4;1
12;2025-12-24;5;310
12;2025-12-24;6;1445
12;2025-12-24;7;2577
12;2025-12-24;8;3468
12;2025-12-24;9;2469
12;2025-12-24;10;2067
12;2025-12-24;11;1912
12;2025-12-24;12;1945
12;2025-12-24;13;1958
12;2025-12-24;14;1925
12;2025-12-24;15;2168
12;2025-12-24;16;2623
12;2025-12-24;17;2957
12;2025-12-24;18;3063
12;2025-12-24;19;2434
12;2025-12-24;20;1572
12;2025-12-24;21;954
12;2025-12-24;22;424
12;2025-12-24;23;234
12;2025-12-25;0;41
12;2025-12-25;1;2
12;2025-12-25;2;0
12;2025-12-25;3;0
12;2025-12-25;4;3
12;2025-12-25;5;314
12;2025-12-25;6;1390
12;2025-12-25;7;2575
12;2025-12-25;8;3530
12;2025-12-25;9;2378
12;2025-12-25;10;1926
12;2025-12-25;11;1896
12;2025-12-25;12;1954
12;2025-12-25;13;1936
12;2025-12-25;14;1916
12;2025-12-25;15;2171
12;2025-12-25;16;2610
12;2025-12-25;17;2882
12;2025-12-25;18;3103
12;2025-12-25;19;2435
12;2025-12-25;20;1578
12;2025-12-25;21;899
12;2025-12-25;22;424
12;2025-12-25;23;246
12;2025-12-26;0;45
12;2025-12-26;1;6
12;2025-12-26;2;0
12;2025-12-26;3;0
12;2025-12-26;4;1
12;2025-12-26;5;324
12;2025-12-26;6;1387
12;2025-12-26;7;2550
12;2025-12-26;8;3259
12;2025-12-26;9;2266
12;2025-12-26;10;1902
12;2025-12-26;11;1876
12;2025-12-26;12;1899
12;2025-12-26;13;1920
12;2025-12-26;14;1930
12;2025-12-26;15;2316
12;2025-12-26;16;2852
12;2025-12-26;17;2880
12;2025-12-26;18;2488
12;2025-12-26;19;2142
12;2025-12-26;20;1440
12;2025-12-26;21;986
12;2025-12-26;22;450
12;2025-12-26;23;284
12;2025-12-27;0;54
12;2025-12-27;1;7
12;2025-12-27;2;0
12;2025-12-27;3;0
12;2025-12-27;4;2
12;2025-12-27;5;224
12;2025-12-27;6;798
12;2025-12-27;7;855
12;2025-12-27;8;951
12;2025-12-27;9;1104
12;2025-12-27;10;1379
12;2025-12-27;11;1444
12;2025-12-27;12;1396
12;2025-12-27;13;1672
12;2025-12-27;14;1605
12;2025-12-27;15;1475
12;2025-12-27;16;1523
12;2025-12-27;17;1500
12;2025-12-27;18;1449
12;2025-12-27;19;1427
12;2025-12-27;20;923
12;2025-12-27;21;643
12;2025-12-27;22;390
12;2025-12-27;23;253
12;2025-12-28;0;77
12;2025-12-28;1;15
12;2025-12-28;2;0
12;2025-12-28;3;0
12;2025-12-28;4;0
12;2025-12-28;5;149
12;2025-12-28;6;483
12;2025-12-28;7;584
12;2025-12-28;8;717
12;2025-12-28;9;885
12;2025-12-28;10;1118
12;2025-12-28;11;1297
12;2025-12-28;12;1352
12;2025-12-28;13;1596
12;2025-12-28;14;1515
12;2025-12-28;15;1401
12;2025-12-28;16;1522
12;2025-12-28;17;1640
12;2025-12-28;18;1310
12;2025-12-28;19;1037
12;2025-12-28;20;778
12;2025-12-28;21;571
12;2025-12-28;22;363
12;2025-12-28;23;202
12;2025-12-29;0;54
12;2025-12-29;1;7
12;2025-12-29;2;0
12;2025-12-29;3;0
12;2025-12-29;4;2
12;2025-12-29;5;313
12;2025-12-29;6;1435
12;2025-12-29;7;2522
12;2025-12-29;8;3437
12;2025-12-29;9;2314
12;2025-12-29;10;1873
12;2025-12-29;11;1850
12;2025-12-29;12;1917
12;2025-12-29;13;1881
12;2025-12-29;14;1810
12;2025-12-29;15;2116
12;2025-12-29;16;2505
12;2025-12-29;17;2825
12;2025-12-29;18;3030
12;2025-12-29;19;2409
12;2025-12-29;20;1553
12;2025-12-29;21;866
12;2025-12-29;22;428
12;2025-12-29;23;222
12;2025-12-30;0;42
12;2025-12-30;1;5
12;2025-12-30;2;0
12;2025-12-30;3;0
12;2025-12-30;4;0
12;2025-12-30;5;324
12;2025-12-30;6;1436
12;2025-12-30;7;2684
12;2025-12-30;8;3621
12;2025-12-30;9;2444
12;2025-12-30;10;2055
12;2025-12-30;11;1903
12;2025-12-30;12;1932
12;2025-12-30;13;1944
12;2025-12-30;14;1915
12;2025-12-30;15;2130
12;2025-12-30;16;2606
12;2025-12-30;17;2967
12;2025-12-30;18;3036
12;2025-12-30;19;2549
12;2025-12-30;20;1556
12;2025-12-30;21;892
12;2025-12-30;22;433
12;2025-12-30;23;222
12;2025-12-31;0;46
12;2025-12-31;1;1
12;2025-12-31;2;0
12;2025-12-31;3;0
12;2025-12-31;4;0
12;2025-12-31;5;193
12;2025-12-31;6;626
12;2025-12-31;7;694
12;2025-12-31;8;749
12;2025-12-31;9;735
12;2025-12-31;10;835
12;2025-12-31;11;976
12;2025-12-31;12;1067
12;2025-12-31;13;1087
12;2025-12-31;14;1068
12;2025-12-31;15;1117
12;2025-12-31;16;1259
12;2025-12-31;17;1264
12;2025-12-31;18;1153
12;2025-12-31;19;1013
12;2025-12-31;20;827
12;2025-12-31;21;641
12;2025-12-31;22;282
12;2025-12-31;23;193
17;2025-11-01;0;204
17;2025-11-01;1;24
17;2025-11-01;2;0
17;2025-11-01;3;0
17;2025-11-01;4;7
17;2025-11-01;5;134
17;2025-11-01;6;498
17;2025-11-01;7;1143
17;2025-11-01;8;1761
17;2025-11-01;9;2068
17;2025-11-01;10;2334
17;2025-11-01;11;2721
17;2025-11-01;12;3104
17;2025-11-01;13;3264
17;2025-11-01;14;3334
17;2025-11-01;15;3349
17;2025-11-01;16;3335
17;2025-11-01;17;3242
17;2025-11-01;18;2885
17;2025-11-01;19;2352
17;2025-11-01;20;1899
17;2025-11-01;21;1429
17;2025-11-01;22;816
17;2025-11-01;23;471
17;2025-11-02;0;168
17;2025-11-02;1;19
17;2025-11-02;2;0
17;2025-11-02;3;0
17;2025-11-02;4;4
17;2025-11-02;5;107
17;2025-11-02;6;423
17;2025-11-02;7;694
17;2025-11-02;8;1186
17;2025-11-02;9;1676
17;2025-11-02;10;1934
17;2025-11-02;11;2396
17;2025-11-02;12;2766
17;2025-11-02;13;2964
17;2025-11-02;14;3025
17;2025-11-02;15;3004
17;2025-11-02;16;2996
17;2025-11-02;17;2898
17;2025-11-02;18;2490
17;2025-11-02;19;2131
17;2025-11-02;20;1640
17;2025-11-02;21;1130
17;2025-11-02;22;662
17;2025-11-02;23;316
17;2025-11-03;0;118
17;2025-11-03;1;6
17;2025-11-03;2;0
17;2025-11-03;3;0
17;2025-11-03;4;7
17;2025-11-03;5;165
17;2025-11-03;6;661
17;2025-11-03;7;1530
17;2025-11-03;8;2783
17;2025-11-03;9;1539
17;2025-11-03;10;1574
17;2025-11-03;11;1863
17;2025-11-03;12;1922
17;2025-11-03;13;1969
17;2025-11-03;14;1975
17;2025-11-03;15;2003
17;2025-11-03;16;2010
17;2025-11-03;17;2792
17;2025-11-03;18;3043
17;2025-11-03;19;1901
17;2025-11-03;20;1432
17;2025-11-03;21;819
17;2025-11-03;22;573
17;2025-11-03;23;289
17;2025-11-04;0;127
17;2025-11-04;1;5
17;2025-11-04;2;0
17;2025-11-04;3;0
17;2025-11-04;4;8
17;2025-11-04;5;164
17;2025-11-04;6;665
17;2025-11-04;7;1521
17;2025-11-04;8;2795
17;2025-11-04;9;1808
17;2025-11-04;10;1608
17;2025-11-04;11;1873
17;2025-11-04;12;1964
17;2025-11-04;13;2020
17;2025-11-04;14;2030
17;2025-11-04;15;2033
17;2025-11-04;16;2033
17;2025-11-04;17;2790
17;2025-11-04;18;3052
17;2025-11-04;19;1875
17;2025-11-04;20;1510
17;2025-11-04;21;846
17;2025-11-04;22;573
17;2025-11-04;23;312
17;2025-11-05;0;121
17;2025-11-05;1;10
17;2025-11-05;2;0
17;2025-11-05;3;0
17;2025-11-05;4;22
17;2025-11-05;5;310
17;2025-11-05;6;1510
17;2025-11-05;7;4007
17;2025-11-05;8;5188
17;2025-11-05;9;3722
17;2025-11-05;10;2861
17;2025-11-05;11;2850
17;2025-11-05;12;2908
17;2025-11-05;13;3002
17;2025-11-05;14;3031
17;2025-11-05;15;3168
17;2025-11-05;16;3574
17;2025-11-05;17;4165
17;2025-11-05;18;4788
17;2025-11-05;19;3366
17;2025-11-05;20;2300
17;2025-11-05;21;1512
17;2025-11-05;22;752
17;2025-11-05;23;398
17;2025-11-06;0;130
17;2025-11-06;1;7
17;2025-11-06;2;0
17;2025-11-06;3;0
17;2025-11-06;4;20
17;2025-11-06;5;303
17;2025-11-06;6;1510
17;2025-11-06;7;3804
17;2025-11-06;8;5187
17;2025-11-06;9;3767
17;2025-11-06;10;2870
17;2025-11-06;11;2856
17;2025-11-06;12;2920
17;2025-11-06;13;3010
17;2025-11-06;14;3056
17;2025-11-06;15;3173
17;2025-11-06;16;3614
17;2025-11-06;17;4481
17;2025-11-06;18;4845
17;2025-11-06;19;3454
17;2025-11-06;20;2397
17;2025-11-06;21;1555
17;2025-11-06;22;787
17;2025-11-06;23;406
17;2025-11-07;0;138
17;2025-11-07;1;14
17;2025-11-07;2;0
17;2025-11-07;3;0
17;2025-11-07;4;21
17;2025-11-07;5;289
17;2025-11-07;6;1441
17;2025-11-07;7;3786
17;2025-11-07;8;5076
17;2025-11-07;9;3683
17;2025-11-07;10;2864
17;2025-11-07;11;2845
17;2025-11-07;12;2999
17;2025-11-07;13;3053
17;2025-11-07;14;3143
17;2025-11-07;15;3460
17;2025-11-07;16;4014
17;2025-11-07;17;4491
17;2025-11-07;18;4115
17;2025-11-07;19;3111
17;2025-11-07;20;2274
17;2025-11-07;21;1551
17;2025-11-07;22;822
17;2025-11-07;23;452
17;2025-11-08;0;193
17;2025-11-08;1;24
17;2025-11-08;2;0
17;2025-11-08;3;0
17;2025-11-08;4;6
17;2025-11-08;5;125
17;2025-11-08;6;508
17;2025-11-08;7;1104
17;2025-11-08;8;1712
17;2025-11-08;9;2045
17;2025-11-08;10;2308
17;2025-11-08;11;2683
17;2025-11-08;12;3014
17;2025-11-08;13;3140
17;2025-11-08;14;3155
17;2025-11-08;15;3166
17;2025-11-08;16;3153
17;2025-11-08;17;3143
17;2025-11-08;18;2895
17;2025-11-08;19;2360
17;2025-11-08;20;1881
17;2025-11-08;21;1383
17;2025-11-08;22;784
17;2025-11-08;23;438
17;2025-11-09;0;167
17;2025-11-09;1;19
17;2025-11-09;2;0
17;2025-11-09;3;0
17;2025-11-09;4;4
17;2025-11-09;5;107
17;2025-11-09;6;417
17;2025-11-09;7;694
17;2025-11-09;8;1185
17;2025-11-09;9;1676
17;2025-11-09;10;1934
17;2025-11-09;11;2396
17;2025-11-09;12;2766
17;2025-11-09;13;2964
17;2025-11-09;14;3025
17;2025-11-09;15;3004
17;2025-11-09;16;2996
17;2025-11-09;17;2898
17;2025-11-09;18;2490
17;2025-11-09;19;2131
17;2025-11-09;20;1640
17;2025-11-09;21;1130
17;2025-11-09;22;662
17;2025-11-09;23;315
17;2025-11-10;0;103
17;2025-11-10;1;8
17;2025-11-10;2;0
17;2025-11-10;3;0
17;2025-11-10;4;18
17;2025-11-10;5;303
17;2025-11-10;6;1497
17;2025-11-10;7;3944
17;2025-11-10;8;5177
17;2025-11-10;9;3649
17;2025-11-10;10;2821
17;2025-11-10;11;2808
17;2025-11-10;12;2808
17;2025-11-10;13;2867
17;2025-11-10;14;2877
17;2025-11-10;15;3040
17;2025-11-10;16;3452
17;2025-11-10;17;4439
17;2025-11-10;18;4832
17;2025-11-10;19;3405
17;2025-11-10;20;2266
17;2025-11-10;21;1403
17;2025-11-10;22;696
17;2025-11-10;23;325
17;2025-11-11;0;112
17;2025-11-11;1;6
17;2025-11-11;2;0
17;2025-11-11;3;0
17;2025-11-11;4;19
17;2025-11-11;5;303
17;2025-11-11;6;1528
17;2025-11-11;7;3963
17;2025-11-11;8;5193
17;2025-11-11;9;3921
17;2025-11-11;10;2980
17;2025-11-11;11;2825
17;2025-11-11;12;2884
17;2025-11-11;13;2971
17;2025-11-11;14;3022
17;2025-11-11;15;3136
17;2025-11-11;16;3544
17;2025-11-11;17;4446
17;2025-11-11;18;4845
17;2025-11-11;19;3444
17;2025-11-11;20;2395
17;2025-11-11;21;1484
17;2025-11-11;22;733
17;2025-11-11;23;339
17;2025-11-12;0;119
17;2025-11-12;1;10
17;2025-11-12;2;0
17;2025-11-12;3;0
17;2025-11-12;4;22
17;2025-11-12;5;308
17;2025-11-12;6;1506
17;2025-11-12;7;4007
17;2025-11-12;8;5188
17;2025-11-12;9;3722
17;2025-11-12;10;2861
17;2025-11-12;11;2850
17;2025-11-12;12;2908
17;2025-11-12;13;3002
17;2025-11-12;14;3031
17;2025-11-12;15;3168
17;2025-11-12;16;3574
17;2025-11-12;17;4165
17;2025-11-12;18;4788
17;2025-11-12;19;3366
17;2025-11-12;20;2300
17;2025-11-12;21;1508
17;2025-11-12;22;752
17;2025-11-12;23;393
17;2025-11-13;0;129
17;2025-11-13;1;6
17;2025-11-13;2;0
17;2025-11-13;3;0
17;2025-11-13;4;18
17;2025-11-13;5;300
17;2025-11-13;6;1504
17;2025-11-13;7;3804
17;2025-11-13;8;5187
17;2025-11-13;9;3767
17;2025-11-13;10;2869
17;2025-11-13;11;2855
17;2025-11-13;12;2920
17;2025-11-13;13;3008
17;2025-11-13;14;3056
17;2025-11-13;15;3173
17;2025-11-13;16;3614
17;2025-11-13;17;4481
17;2025-11-13;18;4845
17;2025-11-13;19;3454
17;2025-11-13;20;2395
17;2025-11-13;21;1548
17;2025-11-13;22;786
17;2025-11-13;23;402
17;2025-11-14;0;136
17;2025-11-14;1;14
17;2025-11-14;2;0
17;2025-11-14;3;0
17;2025-11-14;4;19
17;2025-11-14;5;287
17;2025-11-14;6;1434
17;2025-11-14;7;3786
17;2025-11-14;8;5075
17;2025-11-14;9;3683
17;2025-11-14;10;2863
17;2025-11-14;11;2844
17;2025-11-14;12;2999
17;2025-11-14;13;3051
17;2025-11-14;14;3143
17;2025-11-14;15;3459
17;2025-11-14;16;4013
17;2025-11-14;17;4491
17;2025-11-14;18;4114
17;2025-11-14;19;3110
17;2025-11-14;20;2271
17;2025-11-14;21;1548
17;2025-11-14;22;821
17;2025-11-14;23;452
17;2025-11-15;0;192
17;2025-11-15;1;23
17;2025-11-15;2;0
17;2025-11-15;3;0
17;2025-11-15;4;6
17;2025-11-15;5;122
17;2025-11-15;6;504
17;2025-11-15;7;1104
17;2025-11-15;8;1703
17;2025-11-15;9;2038
17;2025-11-15;10;2303
17;2025-11-15;11;2681
17;2025-11-15;12;3014
17;2025-11-15;13;3138
17;2025-11-15;14;3155
17;2025-11-15;15;3166
17;2025-11-15;16;3153
17;2025-11-15;17;3141
17;2025-11-15;18;2893
17;2025-11-15;19;2357
17;2025-11-15;20;1874
17;2025-11-15;21;1376
17;2025-11-15;22;783
17;2025-11-15;23;434
17;2025-11-16;0;167
17;2025-11-16;1;19
17;2025-11-16;2;0
17;2025-11-16;3;0
17;2025-11-16;4;4
17;2025-11-16;5;105
17;2025-11-16;6;415
17;2025-11-16;7;694
17;2025-11-16;8;1183
17;2025-11-16;9;1669
17;2025-11-16;10;1929
17;2025-11-16;11;2394
17;2025-11-16;12;2767
17;2025-11-16;13;2962
17;2025-11-16;14;3025
17;2025-11-16;15;3004
17;2025-11-16;16;2996
17;2025-11-16;17;2896
17;2025-11-16;18;2487
17;2025-11-16;19;2123
17;2025-11-16;20;1633
17;2025-11-16;21;1128
17;2025-11-16;22;661
17;2025-11-16;23;315
17;2025-11-17;0;103
17;2025-11-17;1;8
17;2025-11-17;2;0
17;2025-11-17;3;0
17;2025-11-17;4;18
17;2025-11-17;5;302
17;2025-11-17;6;1492
17;2025-11-17;7;3943
17;2025-11-17;8;5177
17;2025-11-17;9;3649
17;2025-11-17;10;2821
17;2025-11-17;11;2808
17;2025-11-17;12;2808
17;2025-11-17;13;2866
17;2025-11-17;14;2877
17;2025-11-17;15;3040
17;2025-11-17;16;3452
17;2025-11-17;17;4438
17;2025-11-17;18;4832
17;2025-11-17;19;3405
17;2025-11-17;20;2266
17;2025-11-17;21;1402
17;2025-11-17;22;695
17;2025-11-17;23;324
17;2025-11-18;0;112
17;2025-11-18;1;5
17;2025-11-18;2;0
17;2025-11-18;3;0
17;2025-11-18;4;17
17;2025-11-18;5;300
17;2025-11-18;6;1522
17;2025-11-18;7;3963
17;2025-11-18;8;5193
17;2025-11-18;9;3921
17;2025-11-18;10;2979
17;2025-11-18;11;2823
17;2025-11-18;12;2884
17;2025-11-18;13;2969
17;2025-11-18;14;3023
17;2025-11-18;15;3136
17;2025-11-18;16;3544
17;2025-11-18;17;4445
17;2025-11-18;18;4845
17;2025-11-18;19;3444
17;2025-11-18;20;2392
17;2025-11-18;21;1481
17;2025-11-18;22;732
17;2025-11-18;23;339
17;2025-11-19;0;119
17;2025-11-19;1;10
17;2025-11-19;2;0
17;2025-11-19;3;0
17;2025-11-19;4;21
17;2025-11-19;5;305
17;2025-11-19;6;1504
17;2025-11-19;7;4007
17;2025-11-19;8;5187
17;2025-11-19;9;3722
17;2025-11-19;10;2860
17;2025-11-19;11;2849
17;2025-11-19;12;2908
17;2025-11-19;13;3001
17;2025-11-19;14;3032
17;2025-11-19;15;3168
17;2025-11-19;16;3574
17;2025-11-19;17;4165
17;2025-11-19;18;4787
17;2025-11-19;19;3366
17;2025-11-19;20;2298
17;2025-11-19;21;1505
17;2025-11-19;22;752
17;2025-11-19;23;394
17;2025-11-20;0;129
17;2025-11-20;1;6
17;2025-11-20;2;0
17;2025-11-20;3;0
17;2025-11-20;4;18
17;2025-11-20;5;300
17;2025-11-20;6;1504
17;2025-11-20;7;3804
17;2025-11-20;8;5181
17;2025-11-20;9;3767
17;2025-11-20;10;2869
17;2025-11-20;11;2855
17;2025-11-20;12;2920
17;2025-11-20;13;3008
17;2025-11-20;14;3056
17;2025-11-20;15;3173
17;2025-11-20;16;3614
17;2025-11-20;17;4481
17;2025-11-20;18;4839
17;2025-11-20;19;3454
17;2025-11-20;20;2395
17;2025-11-20;21;1548
17;2025-11-20;22;786
17;2025-11-20;23;402
17;2025-11-21;0;136
17;2025-11-21;1;14
17;2025-11-21;2;0
17;2025-11-21;3;0
17;2025-11-21;4;19
17;2025-11-21;5;285
17;2025-11-21;6;1434
17;2025-11-21;7;3786
17;2025-11-21;8;5069
17;2025-11-21;9;3683
17;2025-11-21;10;2853
17;2025-11-21;11;2834
17;2025-11-21;12;2989
17;2025-11-21;13;3041
17;2025-11-21;14;3133
17;2025-11-21;15;3459
17;2025-11-21;16;4013
17;2025-11-21;17;4491
17;2025-11-21;18;4108
17;2025-11-21;19;3100
17;2025-11-21;20;2271
17;2025-11-21;21;1548
17;2025-11-21;22;821
17;2025-11-21;23;452
17;2025-11-22;0;191
17;2025-11-22;1;23
17;2025-11-22;2;0
17;2025-11-22;3;0
17;2025-11-22;4;6
17;2025-11-22;5;122
17;2025-11-22;6;504
17;2025-11-22;7;1104
17;2025-11-22;8;1703
17;2025-11-22;9;2038
17;2025-11-22;10;2303
17;2025-11-22;11;2681
17;2025-11-22;12;3004
17;2025-11-22;13;3128
17;2025-11-22;14;3145
17;2025-11-22;15;3156
17;2025-11-22;16;3143
17;2025-11-22;17;3131
17;2025-11-22;18;2883
17;2025-11-22;19;2357
17;2025-11-22;20;1874
17;2025-11-22;21;1376
17;2025-11-22;22;783
17;2025-11-22;23;434
17;2025-11-23;0;165
17;2025-11-23;1;19
17;2025-11-23;2;0
17;2025-11-23;3;0
17;2025-11-23;4;4
17;2025-11-23;5;105
17;2025-11-23;6;415
17;2025-11-23;7;689
17;2025-11-23;8;1182
17;2025-11-23;9;1666
17;2025-11-23;10;1926
17;2025-11-23;11;2394
17;2025-11-23;12;2767
17;2025-11-23;13;2952
17;2025-11-23;14;3015
17;2025-11-23;15;2994
17;2025-11-23;16;2986
17;2025-11-23;17;2886
17;2025-11-23;18;2487
17;2025-11-23;19;2121
17;2025-11-23;20;1631
17;2025-11-23;21;1127
17;2025-11-23;22;657
17;2025-11-23;23;313
17;2025-11-24;0;103
17;2025-11-24;1;8
17;2025-11-24;2;0
17;2025-11-24;3;0
17;2025-11-24;4;17
17;2025-11-24;5;300
17;2025-11-24;6;1493
17;2025-11-24;7;3944
17;2025-11-24;8;5171
17;2025-11-24;9;3646
17;2025-11-24;10;2808
17;2025-11-24;11;2798
17;2025-11-24;12;2798
17;2025-11-24;13;2857
17;2025-11-24;14;2867
17;2025-11-24;15;3030
17;2025-11-24;16;3452
17;2025-11-24;17;4439
17;2025-11-24;18;4826
17;2025-11-24;19;3402
17;2025-11-24;20;2264
17;2025-11-24;21;1401
17;2025-11-24;22;691
17;2025-11-24;23;322
17;2025-11-25;0;112
17;2025-11-25;1;6
17;2025-11-25;2;0
17;2025-11-25;3;0
17;2025-11-25;4;16
17;2025-11-25;5;297
17;2025-11-25;6;1522
17;2025-11-25;7;3964
17;2025-11-25;8;5191
17;2025-11-25;9;3918
17;2025-11-25;10;2966
17;2025-11-25;11;2814
17;2025-11-25;12;2874
17;2025-11-25;13;2959
17;2025-11-25;14;3013
17;2025-11-25;15;3126
17;2025-11-25;16;3544
17;2025-11-25;17;4445
17;2025-11-25;18;4844
17;2025-11-25;19;3441
17;2025-11-25;20;2389
17;2025-11-25;21;1480
17;2025-11-25;22;732
17;2025-11-25;23;339
17;2025-11-26;0;120
17;2025-11-26;1;10
17;2025-11-26;2;0
17;2025-11-26;3;0
17;2025-11-26;4;19
17;2025-11-26;5;303
17;2025-11-26;6;1504
17;2025-11-26;7;4007
17;2025-11-26;8;5187
17;2025-11-26;9;3719
17;2025-11-26;10;2847
17;2025-11-26;11;2839
17;2025-11-26;12;2899
17;2025-11-26;13;2991
17;2025-11-26;14;3022
17;2025-11-26;15;3158
17;2025-11-26;16;3574
17;2025-11-26;17;4166
17;2025-11-26;18;4787
17;2025-11-26;19;3363
17;2025-11-26;20;2295
17;2025-11-26;21;1504
17;2025-11-26;22;752
17;2025-11-26;23;394
17;2025-11-27;0;129
17;2025-11-27;1;6
17;2025-11-27;2;0
17;2025-11-27;3;0
17;2025-11-27;4;18
17;2025-11-27;5;297
17;2025-11-27;6;1499
17;2025-11-27;7;3804
17;2025-11-27;8;5181
17;2025-11-27;9;3765
17;2025-11-27;10;2857
17;2025-11-27;11;2845
17;2025-11-27;12;2910
17;2025-11-27;13;2998
17;2025-11-27;14;3046
17;2025-11-27;15;3164
17;2025-11-27;16;3614
17;2025-11-27;17;4481
17;2025-11-27;18;4839
17;2025-11-27;19;3452
17;2025-11-27;20;2393
17;2025-11-27;21;1548
17;2025-11-27;22;786
17;2025-11-27;23;402
17;2025-11-28;0;136
17;2025-11-28;1;14
17;2025-11-28;2;0
17;2025-11-28;3;0
17;2025-11-28;4;19
17;2025-11-28;5;284
17;2025-11-28;6;1430
17;2025-11-28;7;3786
17;2025-11-28;8;5069
17;2025-11-28;9;3681
17;2025-11-28;10;2851
17;2025-11-28;11;2834
17;2025-11-28;12;2989
17;2025-11-28;13;3041
17;2025-11-28;14;3133
17;2025-11-28;15;3459
17;2025-11-28;16;4013
17;2025-11-28;17;4491
17;2025-11-28;18;4108
17;2025-11-28;19;3098
17;2025-11-28;20;2270
17;2025-11-28;21;1548
17;2025-11-28;22;817
17;2025-11-28;23;453
17;2025-11-29;0;190
17;2025-11-29;1;24
17;2025-11-29;2;0
17;2025-11-29;3;0
17;2025-11-29;4;6
17;2025-11-29;5;122
17;2025-11-29;6;504
17;2025-11-29;7;1104
17;2025-11-29;8;1702
17;2025-11-29;9;2035
17;2025-11-29;10;2300
17;2025-11-29;11;2681
17;2025-11-29;12;3004
17;2025-11-29;13;3128
17;2025-11-29;14;3145
17;2025-11-29;15;3157
17;2025-11-29;16;3143
17;2025-11-29;17;3131
17;2025-11-29;18;2883
17;2025-11-29;19;2354
17;2025-11-29;20;1871
17;2025-11-29;21;1375
17;2025-11-29;22;784
17;2025-11-29;23;434
17;2025-11-30;0;165
17;2025-11-30;1;19
17;2025-11-30;2;0
17;2025-11-30;3;0
17;2025-11-30;4;4
17;2025-11-30;5;105
17;2025-11-30;6;415
17;2025-11-30;7;689
17;2025-11-30;8;1182
17;2025-11-30;9;1666
17;2025-11-30;10;1926
17;2025-11-30;11;2394
17;2025-11-30;12;2767
17;2025-11-30;13;2952
17;2025-11-30;14;3015
17;2025-11-30;15;2994
17;2025-11-30;16;2986
17;2025-11-30;17;2886
17;2025-11-30;18;2487
17;2025-11-30;19;2121
17;2025-11-30;20;1631
17;2025-11-30;21;1127
17;2025-11-30;22;657
17;2025-11-30;23;313
17;2025-12-01;0;103
17;2025-12-01;1;8
17;2025-12-01;2;0
17;2025-12-01;3;0
17;2025-12-01;4;17
17;2025-12-01;5;300
17;2025-12-01;6;1488
17;2025-12-01;7;3944
17;2025-12-01;8;5171
17;2025-12-01;9;3646
17;2025-12-01;10;2808
17;2025-12-01;11;2798
17;2025-12-01;12;2798
17;2025-12-01;13;2857
17;2025-12-01;14;2867
17;2025-12-01;15;3030
17;2025-12-01;16;3452
17;2025-12-01;17;4439
17;2025-12-01;18;4826
17;2025-12-01;19;3402
17;2025-12-01;20;2264
17;2025-12-01;21;1397
17;2025-12-01;22;691
17;2025-12-01;23;322
17;2025-12-02;0;112
17;2025-12-02;1;6
17;2025-12-02;2;0
17;2025-12-02;3;0
17;2025-12-02;4;16
17;2025-12-02;5;297
17;2025-12-02;6;1518
17;2025-12-02;7;3964
17;2025-12-02;8;5191
17;2025-12-02;9;3918
17;2025-12-02;10;2966
17;2025-12-02;11;2814
17;2025-12-02;12;2874
17;2025-12-02;13;2959
17;2025-12-02;14;3013
17;2025-12-02;15;3126
17;2025-12-02;16;3544
17;2025-12-02;17;4445
17;2025-12-02;18;4844
17;2025-12-02;19;3441
17;2025-12-02;20;2389
17;2025-12-02;21;1475
17;2025-12-02;22;732
17;2025-12-02;23;339
17;2025-12-03;0;120
17;2025-12-03;1;10
17;2025-12-03;2;0
17;2025-12-03;3;0
17;2025-12-03;4;19
17;2025-12-03;5;303
17;2025-12-03;6;1500
17;2025-12-03;7;4007
17;2025-12-03;8;5187
17;2025-12-03;9;3719
17;2025-12-03;10;2847
17;2025-12-03;11;2839
17;2025-12-03;12;2899
17;2025-12-03;13;2991
17;2025-12-03;14;3022
17;2025-12-03;15;3158
17;2025-12-03;16;3574
17;2025-12-03;17;4166
17;2025-12-03;18;4787
17;2025-12-03;19;3363
17;2025-12-03;20;2295
17;2025-12-03;21;1500
17;2025-12-03;22;752
17;2025-12-03;23;394
17;2025-12-04;0;127
17;2025-12-04;1;5
17;2025-12-04;2;0
17;2025-12-04;3;0
17;2025-12-04;4;16
17;2025-12-04;5;297
17;2025-12-04;6;1499
17;2025-12-04;7;3803
17;2025-12-04;8;5181
17;2025-12-04;9;3763
17;2025-12-04;10;2855
17;2025-12-04;11;2843
17;2025-12-04;12;2910
17;2025-12-04;13;2998
17;2025-12-04;14;3046
17;2025-12-04;15;3161
17;2025-12-04;16;3614
17;2025-12-04;17;4481
17;2025-12-04;18;4839
17;2025-12-04;19;3452
17;2025-12-04;20;2393
17;2025-12-04;21;1546
17;2025-12-04;22;785
17;2025-12-04;23;400
17;2025-12-05;0;135
17;2025-12-05;1;12
17;2025-12-05;2;0
17;2025-12-05;3;0
17;2025-12-05;4;17
17;2025-12-05;5;284
17;2025-12-05;6;1430
17;2025-12-05;7;3784
17;2025-12-05;8;5069
17;2025-12-05;9;3679
17;2025-12-05;10;2849
17;2025-12-05;11;2832
17;2025-12-05;12;2989
17;2025-12-05;13;3041
17;2025-12-05;14;3133
17;2025-12-05;15;3457
17;2025-12-05;16;4013
17;2025-12-05;17;4491
17;2025-12-05;18;4108
17;2025-12-05;19;3098
17;2025-12-05;20;2270
17;2025-12-05;21;1546
17;2025-12-05;22;816
17;2025-12-05;23;448
17;2025-12-06;0;188
17;2025-12-06;1;21
17;2025-12-06;2;0
17;2025-12-06;3;0
17;2025-12-06;4;6
17;2025-12-06;5;122
17;2025-12-06;6;502
17;2025-12-06;7;1102
17;2025-12-06;8;1702
17;2025-12-06;9;2033
17;2025-12-06;10;2298
17;2025-12-06;11;2679
17;2025-12-06;12;3004
17;2025-12-06;13;3128
17;2025-12-06;14;3145
17;2025-12-06;15;3154
17;2025-12-06;16;3143
17;2025-12-06;17;3131
17;2025-12-06;18;2883
17;2025-12-06;19;2354
17;2025-12-06;20;1871
17;2025-12-06;21;1373
17;2025-12-06;22;782
17;2025-12-06;23;432
17;2025-12-07;0;163
17;2025-12-07;1;17
17;2025-12-07;2;0
17;2025-12-07;3;0
17;2025-12-07;4;4
17;2025-12-07;5;105
17;2025-12-07;6;415
17;2025-12-07;7;681
17;2025-12-07;8;1181
17;2025-12-07;9;1664
17;2025-12-07;10;1924
17;2025-12-07;11;2392
17;2025-12-07;12;2767
17;2025-12-07;13;2952
17;2025-12-07;14;3015
17;2025-12-07;15;2992
17;2025-12-07;16;2986
17;2025-12-07;17;2886
17;2025-12-07;18;2487
17;2025-12-07;19;2120
17;2025-12-07;20;1630
17;2025-12-07;21;1125
17;2025-12-07;22;649
17;2025-12-07;23;311
17;2025-12-08;0;104
17;2025-12-08;1;8
17;2025-12-08;2;0
17;2025-12-08;3;0
17;2025-12-08;4;15
17;2025-12-08;5;305
17;2025-12-08;6;1491
17;2025-12-08;7;3950
17;2025-12-08;8;5179
17;2025-12-08;9;3654
17;2025-12-08;10;2812
17;2025-12-08;11;2793
17;2025-12-08;12;2792
17;2025-12-08;13;2862
17;2025-12-08;14;2876
17;2025-12-08;15;3039
17;2025-12-08;16;3463
17;2025-12-08;17;4448
17;2025-12-08;18;4831
17;2025-12-08;19;3393
17;2025-12-08;20;2254
17;2025-12-08;21;1389
17;2025-12-08;22;690
17;2025-12-08;23;320
17;2025-12-09;0;112
17;2025-12-09;1;5
17;2025-12-09;2;0
17;2025-12-09;3;0
17;2025-12-09;4;14
17;2025-12-09;5;302
17;2025-12-09;6;1519
17;2025-12-09;7;3970
17;2025-12-09;8;5200
17;2025-12-09;9;3925
17;2025-12-09;10;2971
17;2025-12-09;11;2810
17;2025-12-09;12;2870
17;2025-12-09;13;2965
17;2025-12-09;14;3025
17;2025-12-09;15;3135
17;2025-12-09;16;3556
17;2025-12-09;17;4455
17;2025-12-09;18;4849
17;2025-12-09;19;3432
17;2025-12-09;20;2380
17;2025-12-09;21;1465
17;2025-12-09;22;732
17;2025-12-09;23;337
17;2025-12-10;0;120
17;2025-12-10;1;9
17;2025-12-10;2;0
17;2025-12-10;3;0
17;2025-12-10;4;17
17;2025-12-10;5;307
17;2025-12-10;6;1502
17;2025-12-10;7;4014
17;2025-12-10;8;5193
17;2025-12-10;9;3726
17;2025-12-10;10;2850
17;2025-12-10;11;2836
17;2025-12-10;12;2894
17;2025-12-10;13;2997
17;2025-12-10;14;3034
17;2025-12-10;15;3167
17;2025-12-10;16;3586
17;2025-12-10;17;4173
17;2025-12-10;18;4790
17;2025-12-10;19;3351
17;2025-12-10;20;2286
17;2025-12-10;21;1489
17;2025-12-10;22;752
17;2025-12-10;23;392
17;2025-12-11;0;127
17;2025-12-11;1;3
17;2025-12-11;2;0
17;2025-12-11;3;0
17;2025-12-11;4;14
17;2025-12-11;5;299
17;2025-12-11;6;1501
17;2025-12-11;7;3812
17;2025-12-11;8;5187
17;2025-12-11;9;3774
17;2025-12-11;10;2862
17;2025-12-11;11;2847
17;2025-12-11;12;2909
17;2025-12-11;13;3012
17;2025-12-11;14;3067
17;2025-12-11;15;3182
17;2025-12-11;16;3639
17;2025-12-11;17;4494
17;2025-12-11;18;4845
17;2025-12-11;19;3442
17;2025-12-11;20;2388
17;2025-12-11;21;1541
17;2025-12-11;22;788
17;2025-12-11;23;399
17;2025-12-12;0;134
17;2025-12-12;1;10
17;2025-12-12;2;0
17;2025-12-12;3;0
17;2025-12-12;4;15
17;2025-12-12;5;286
17;2025-12-12;6;1434
17;2025-12-12;7;3796
17;2025-12-12;8;5075
17;2025-12-12;9;3690
17;2025-12-12;10;2858
17;2025-12-12;11;2837
17;2025-12-12;12;2989
17;2025-12-12;13;3058
17;2025-12-12;14;3152
17;2025-12-12;15;3476
17;2025-12-12;16;4036
17;2025-12-12;17;4505
17;2025-12-12;18;4117
17;2025-12-12;19;3087
17;2025-12-12;20;2263
17;2025-12-12;21;1540
17;2025-12-12;22;819
17;2025-12-12;23;447
17;2025-12-13;0;187
17;2025-12-13;1;19
17;2025-12-13;2;0
17;2025-12-13;3;0
17;2025-12-13;4;5
17;2025-12-13;5;122
17;2025-12-13;6;503
17;2025-12-13;7;1108
17;2025-12-13;8;1701
17;2025-12-13;9;2044
17;2025-12-13;10;2305
17;2025-12-13;11;2690
17;2025-12-13;12;3010
17;2025-12-13;13;3144
17;2025-12-13;14;3173
17;2025-12-13;15;3182
17;2025-12-13;16;3174
17;2025-12-13;17;3145
17;2025-12-13;18;2889
17;2025-12-13;19;2346
17;2025-12-13;20;1864
17;2025-12-13;21;1371
17;2025-12-13;22;784
17;2025-12-13;23;434
17;2025-12-14;0;162
17;2025-12-14;1;19
17;2025-12-14;2;0
17;2025-12-14;3;0
17;2025-12-14;4;3
17;2025-12-14;5;106
17;2025-12-14;6;419
17;2025-12-14;7;688
17;2025-12-14;8;1202
17;2025-12-14;9;1692
17;2025-12-14;10;1943
17;2025-12-14;11;2413
17;2025-12-14;12;2782
17;2025-12-14;13;2980
17;2025-12-14;14;3052
17;2025-12-14;15;3027
17;2025-12-14;16;3026
17;2025-12-14;17;2916
17;2025-12-14;18;2497
17;2025-12-14;19;2114
17;2025-12-14;20;1622
17;2025-12-14;21;1125
17;2025-12-14;22;657
17;2025-12-14;23;310
17;2025-12-15;0;100
17;2025-12-15;1;2
17;2025-12-15;2;0
17;2025-12-15;3;0
17;2025-12-15;4;11
17;2025-12-15;5;305
17;2025-12-15;6;1486
17;2025-12-15;7;3948
17;2025-12-15;8;5167
17;2025-12-15;9;3651
17;2025-12-15;10;2807
17;2025-12-15;11;2787
17;2025-12-15;12;2786
17;2025-12-15;13;2858
17;2025-12-15;14;2872
17;2025-12-15;15;3035
17;2025-12-15;16;3458
17;2025-12-15;17;4439
17;2025-12-15;18;4821
17;2025-12-15;19;3393
17;2025-12-15;20;2254
17;2025-12-15;21;1386
17;2025-12-15;22;683
17;2025-12-15;23;316
17;2025-12-16;0;109
17;2025-12-16;1;0
17;2025-12-16;2;0
17;2025-12-16;3;0
17;2025-12-16;4;11
17;2025-12-16;5;302
17;2025-12-16;6;1513
17;2025-12-16;7;3967
17;2025-12-16;8;5187
17;2025-12-16;9;3919
17;2025-12-16;10;2967
17;2025-12-16;11;2802
17;2025-12-16;12;2862
17;2025-12-16;13;2960
17;2025-12-16;14;3020
17;2025-12-16;15;3131
17;2025-12-16;16;3550
17;2025-12-16;17;4446
17;2025-12-16;18;4838
17;2025-12-16;19;3432
17;2025-12-16;20;2380
17;2025-12-16;21;1464
17;2025-12-16;22;726
17;2025-12-16;23;332
17;2025-12-17;0;113
17;2025-12-17;1;4
17;2025-12-17;2;0
17;2025-12-17;3;0
17;2025-12-17;4;14
17;2025-12-17;5;303
17;2025-12-17;6;1500
17;2025-12-17;7;4009
17;2025-12-17;8;5182
17;2025-12-17;9;3718
17;2025-12-17;10;2845
17;2025-12-17;11;2833
17;2025-12-17;12;2891
17;2025-12-17;13;2992
17;2025-12-17;14;3033
17;2025-12-17;15;3161
17;2025-12-17;16;3583
17;2025-12-17;17;4165
17;2025-12-17;18;4780
17;2025-12-17;19;3345
17;2025-12-17;20;2280
17;2025-12-17;21;1487
17;2025-12-17;22;747
17;2025-12-17;23;384
17;2025-12-18;0;126
17;2025-12-18;1;1
17;2025-12-18;2;0
17;2025-12-18;3;0
17;2025-12-18;4;11
17;2025-12-18;5;302
17;2025-12-18;6;1492
17;2025-12-18;7;3800
17;2025-12-18;8;5177
17;2025-12-18;9;3757
17;2025-12-18;10;2858
17;2025-12-18;11;2835
17;2025-12-18;12;2901
17;2025-12-18;13;3006
17;2025-12-18;14;3061
17;2025-12-18;15;3178
17;2025-12-18;16;3621
17;2025-12-18;17;4474
17;2025-12-18;18;4837
17;2025-12-18;19;3443
17;2025-12-18;20;2389
17;2025-12-18;21;1539
17;2025-12-18;22;777
17;2025-12-18;23;395
17;2025-12-19;0;130
17;2025-12-19;1;8
17;2025-12-19;2;0
17;2025-12-19;3;0
17;2025-12-19;4;13
17;2025-12-19;5;286
17;2025-12-19;6;1427
17;2025-12-19;7;3783
17;2025-12-19;8;5051
17;2025-12-19;9;3671
17;2025-12-19;10;2854
17;2025-12-19;11;2823
17;2025-12-19;12;2980
17;2025-12-19;13;3046
17;2025-12-19;14;3144
17;2025-12-19;15;3467
17;2025-12-19;16;4016
17;2025-12-19;17;4479
17;2025-12-19;18;4093
17;2025-12-19;19;3082
17;2025-12-19;20;2258
17;2025-12-19;21;1540
17;2025-12-19;22;812
17;2025-12-19;23;439
17;2025-12-20;0;176
17;2025-12-20;1;16
17;2025-12-20;2;0
17;2025-12-20;3;0
17;2025-12-20;4;5
17;2025-12-20;5;112
17;2025-12-20;6;502
17;2025-12-20;7;1100
17;2025-12-20;8;1683
17;2025-12-20;9;2045
17;2025-12-20;10;2303
17;2025-12-20;11;2674
17;2025-12-20;12;2985
17;2025-12-20;13;3119
17;2025-12-20;14;3140
17;2025-12-20;15;3152
17;2025-12-20;16;3143
17;2025-12-20;17;3122
17;2025-12-20;18;2864
17;2025-12-20;19;2344
17;2025-12-20;20;1862
17;2025-12-20;21;1364
17;2025-12-20;22;779
17;2025-12-20;23;426
17;2025-12-21;0;158
17;2025-12-21;1;19
17;2025-12-21;2;0
17;2025-12-21;3;0
17;2025-12-21;4;3
17;2025-12-21;5;100
17;2025-12-21;6;418
17;2025-12-21;7;690
17;2025-12-21;8;1191
17;2025-12-21;9;1685
17;2025-12-21;10;1945
17;2025-12-21;11;2413
17;2025-12-21;12;2779
17;2025-12-21;13;2968
17;2025-12-21;14;3039
17;2025-12-21;15;3015
17;2025-12-21;16;3014
17;2025-12-21;17;2903
17;2025-12-21;18;2495
17;2025-12-21;19;2114
17;2025-12-21;20;1615
17;2025-12-21;21;1120
17;2025-12-21;22;658
17;2025-12-21;23;309
17;2025-12-22;0;96
17;2025-12-22;1;2
17;2025-12-22;2;0
17;2025-12-22;3;0
17;2025-12-22;4;11
17;2025-12-22;5;301
17;2025-12-22;6;1477
17;2025-12-22;7;3907
17;2025-12-22;8;5119
17;2025-12-22;9;3624
17;2025-12-22;10;2797
17;2025-12-22;11;2777
17;2025-12-22;12;2786
17;2025-12-22;13;2857
17;2025-12-22;14;2870
17;2025-12-22;15;3018
17;2025-12-22;16;3440
17;2025-12-22;17;4406
17;2025-12-22;18;4789
17;2025-12-22;19;3377
17;2025-12-22;20;2241
17;2025-12-22;21;1379
17;2025-12-22;22;683
17;2025-12-22;23;314
17;2025-12-23;0;104
17;2025-12-23;1;0
17;2025-12-23;2;0
17;2025-12-23;3;0
17;2025-12-23;4;11
17;2025-12-23;5;298
17;2025-12-23;6;1505
17;2025-12-23;7;3926
17;2025-12-23;8;5139
17;2025-12-23;9;3891
17;2025-12-23;10;2957
17;2025-12-23;11;2793
17;2025-12-23;12;2862
17;2025-12-23;13;2960
17;2025-12-23;14;3009
17;2025-12-23;15;3114
17;2025-12-23;16;3525
17;2025-12-23;17;4413
17;2025-12-23;18;4807
17;2025-12-23;19;3417
17;2025-12-23;20;2367
17;2025-12-23;21;1457
17;2025-12-23;22;726
17;2025-12-23;23;330
17;2025-12-24;0;107
17;2025-12-24;1;4
17;2025-12-24;2;0
17;2025-12-24;3;0
17;2025-12-24;4;14
17;2025-12-24;5;297
17;2025-12-24;6;1492
17;2025-12-24;7;3963
17;2025-12-24;8;5134
17;2025-12-24;9;3685
17;2025-12-24;10;2835
17;2025-12-24;11;2823
17;2025-12-24;12;2891
17;2025-12-24;13;2992
17;2025-12-24;14;3022
17;2025-12-24;15;3139
17;2025-12-24;16;3553
17;2025-12-24;17;4118
17;2025-12-24;18;4748
17;2025-12-24;19;3336
17;2025-12-24;20;2267
17;2025-12-24;21;1480
17;2025-12-24;22;747
17;2025-12-24;23;384
17;2025-12-25;0;120
17;2025-12-25;1;1
17;2025-12-25;2;0
17;2025-12-25;3;0
17;2025-12-25;4;11
17;2025-12-25;5;295
17;2025-12-25;6;1483
17;2025-12-25;7;3754
17;2025-12-25;8;5128
17;2025-12-25;9;3724
17;2025-12-25;10;2849
17;2025-12-25;11;2825
17;2025-12-25;12;2901
17;2025-12-25;13;3006
17;2025-12-25;14;3051
17;2025-12-25;15;3155
17;2025-12-25;16;3591
17;2025-12-25;17;4441
17;2025-12-25;18;4805
17;2025-12-25;19;3427
17;2025-12-25;20;2376
17;2025-12-25;21;1532
17;2025-12-25;22;777
17;2025-12-25;23;395
17;2025-12-26;0;133
17;2025-12-26;1;12
17;2025-12-26;2;0
17;2025-12-26;3;0
17;2025-12-26;4;12
17;2025-12-26;5;280
17;2025-12-26;6;1419
17;2025-12-26;7;3744
17;2025-12-26;8;5005
17;2025-12-26;9;3646
17;2025-12-26;10;2853
17;2025-12-26;11;2822
17;2025-12-26;12;2989
17;2025-12-26;13;3053
17;2025-12-26;14;3146
17;2025-12-26;15;3455
17;2025-12-26;16;3984
17;2025-12-26;17;4450
17;2025-12-26;18;4081
17;2025-12-26;19;3080
17;2025-12-26;20;2270
17;2025-12-26;21;1548
17;2025-12-26;22;825
17;2025-12-26;23;449
17;2025-12-27;0;182
17;2025-12-27;1;19
17;2025-12-27;2;0
17;2025-12-27;3;0
17;2025-12-27;4;5
17;2025-12-27;5;111
17;2025-12-27;6;501
17;2025-12-27;7;1097
17;2025-12-27;8;1688
17;2025-12-27;9;2044
17;2025-12-27;10;2301
17;2025-12-27;11;2681
17;2025-12-27;12;2994
17;2025-12-27;13;3134
17;2025-12-27;14;3152
17;2025-12-27;15;3147
17;2025-12-27;16;3137
17;2025-12-27;17;3137
17;2025-12-27;18;2886
17;2025-12-27;19;2369
17;2025-12-27;20;1877
17;2025-12-27;21;1379
17;2025-12-27;22;791
17;2025-12-27;23;436
17;2025-12-28;0;165
17;2025-12-28;1;23
17;2025-12-28;2;0
17;2025-12-28;3;0
17;2025-12-28;4;3
17;2025-12-28;5;99
17;2025-12-28;6;418
17;2025-12-28;7;688
17;2025-12-28;8;1195
17;2025-12-28;9;1685
17;2025-12-28;10;1944
17;2025-12-28;11;2412
17;2025-12-28;12;2789
17;2025-12-28;13;2984
17;2025-12-28;14;3053
17;2025-12-28;15;3025
17;2025-12-28;16;3024
17;2025-12-28;17;2919
17;2025-12-28;18;2517
17;2025-12-28;19;2130
17;2025-12-28;20;1631
17;2025-12-28;21;1136
17;2025-12-28;22;670
17;2025-12-28;23;319
17;2025-12-29;0;103
17;2025-12-29;1;6
17;2025-12-29;2;0
17;2025-12-29;3;0
17;2025-12-29;4;10
17;2025-12-29;5;300
17;2025-12-29;6;1477
17;2025-12-29;7;3914
17;2025-12-29;8;5121
17;2025-12-29;9;3633
17;2025-12-29;10;2806
17;2025-12-29;11;2786
17;2025-12-29;12;2796
17;2025-12-29;13;2873
17;2025-12-29;14;2884
17;2025-12-29;15;3028
17;2025-12-29;16;3450
17;2025-12-29;17;4410
17;2025-12-29;18;4800
17;2025-12-29;19;3402
17;2025-12-29;20;2267
17;2025-12-29;21;1395
17;2025-12-29;22;683
17;2025-12-29;23;325
17;2025-12-30;0;111
17;2025-12-30;1;4
17;2025-12-30;2;0
17;2025-12-30;3;0
17;2025-12-30;4;10
17;2025-12-30;5;296
17;2025-12-30;6;1503
17;2025-12-30;7;3932
17;2025-12-30;8;5141
17;2025-12-30;9;3899
17;2025-12-30;10;2964
17;2025-12-30;11;2800
17;2025-12-30;12;2867
17;2025-12-30;13;2972
17;2025-12-30;14;3019
17;2025-12-30;15;3121
17;2025-12-30;16;3534
17;2025-12-30;17;4417
17;2025-12-30;18;4818
17;2025-12-30;19;3440
17;2025-12-30;20;2392
17;2025-12-30;21;1473
17;2025-12-30;22;721
17;2025-12-30;23;341
17;2025-12-31;0;125
17;2025-12-31;1;5
17;2025-12-31;2;0
17;2025-12-31;3;0
17;2025-12-31;4;1
17;2025-12-31;5;152
17;2025-12-31;6;651
17;2025-12-31;7;1481
17;2025-12-31;8;2713
17;2025-12-31;9;1502
17;2025-12-31;10;1549
17;2025-12-31;11;1878
17;2025-12-31;12;1982
17;2025-12-31;13;2053
17;2025-12-31;14;2042
17;2025-12-31;15;1983
17;2025-12-31;16;2037
17;2025-12-31;17;2346
17;2025-12-31;18;2940
17;2025-12-31;19;1898
17;2025-12-31;20;1451
17;2025-12-31;21;851
17;2025-12-31;22;611
17;2025-12-31;23;360
25;2025-11-01;0;2
25;2025-11-01;1;0
25;2025-11-01;2;0
25;2025-11-01;3;0
25;2025-11-01;4;0
25;2025-11-01;5;8
25;2025-11-01;6;65
25;2025-11-01;7;115
25;2025-11-01;8;283
25;2025-11-01;9;259
25;2025-11-01;10;255
25;2025-11-01;11;362
25;2025-11-01;12;388
25;2025-11-01;13;524
25;2025-11-01;14;572
25;2025-11-01;15;613
25;2025-11-01;16;577
25;2025-11-01;17;460
25;2025-11-01;18;419
25;2025-11-01;19;366
25;2025-11-01;20;264
25;2025-11-01;21;222
25;2025-11-01;22;132
25;2025-11-01;23;74
25;2025-11-02;0;19
25;2025-11-02;1;0
25;2025-11-02;2;0
25;2025-11-02;3;0
25;2025-11-02;4;0
25;2025-11-02;5;7
25;2025-11-02;6;52
25;2025-11-02;7;85
25;2025-11-02;8;182
25;2025-11-02;9;185
25;2025-11-02;10;205
25;2025-11-02;11;279
25;2025-11-02;12;346
25;2025-11-02;13;407
25;2025-11-02;14;459
25;2025-11-02;15;547
25;2025-11-02;16;463
25;2025-11-02;17;432
25;2025-11-02;18;384
25;2025-11-02;19;322
25;2025-11-02;20;225
25;2025-11-02;21;171
25;2025-11-02;22;87
25;2025-11-02;23;38
25;2025-11-03;0;14
25;2025-11-03;1;0
25;2025-11-03;2;0
25;2025-11-03;3;0
25;2025-11-03;4;0
25;2025-11-03;5;12
25;2025-11-03;6;95
25;2025-11-03;7;249
25;2025-11-03;8;242
25;2025-11-03;9;300
25;2025-11-03;10;188
25;2025-11-03;11;220
25;2025-11-03;12;242
25;2025-11-03;13;393
25;2025-11-03;14;317
25;2025-11-03;15;394
25;2025-11-03;16;363
25;2025-11-03;17;367
25;2025-11-03;18;330
25;2025-11-03;19;386
25;2025-11-03;20;219
25;2025-11-03;21;188
25;2025-11-03;22;81
25;2025-11-03;23;22
25;2025-11-04;0;3
25;2025-11-04;1;0
25;2025-11-04;2;0
25;2025-11-04;3;0
25;2025-11-04;4;0
25;2025-11-04;5;17
25;2025-11-04;6;91
25;2025-11-04;7;249
25;2025-11-04;8;239
25;2025-11-04;9;310
25;2025-11-04;10;226
25;2025-11-04;11;262
25;2025-11-04;12;259
25;2025-11-04;13;378
25;2025-11-04;14;359
25;2025-11-04;15;367
25;2025-11-04;16;362
25;2025-11-04;17;366
25;2025-11-04;18;333
25;2025-11-04;19;360
25;2025-11-04;20;239
25;2025-11-04;21;190
25;2025-11-04;22;96
25;2025-11-04;23;21
25;2025-11-05;0;0
25;2025-11-05;1;0
25;2025-11-05;2;0
25;2025-11-05;3;0
25;2025-11-05;4;0
25;2025-11-05;5;17
25;2025-11-05;6;161
25;2025-11-05;7;487
25;2025-11-05;8;799
25;2025-11-05;9;425
25;2025-11-05;10;351
25;2025-11-05;11;387
25;2025-11-05;12;406
25;2025-11-05;13;505
25;2025-11-05;14;426
25;2025-11-05;15;520
25;2025-11-05;16;598
25;2025-11-05;17;684
25;2025-11-05;18;739
25;2025-11-05;19;508
25;2025-11-05;20;324
25;2025-11-05;21;219
25;2025-11-05;22;88
25;2025-11-05;23;12
25;2025-11-06;0;0
25;2025-11-06;1;0
25;2025-11-06;2;0
25;2025-11-06;3;0
25;2025-11-06;4;0
25;2025-11-06;5;17
25;2025-11-06;6;156
25;2025-11-06;7;455
25;2025-11-06;8;799
25;2025-11-06;9;410
25;2025-11-06;10;344
25;2025-11-06;11;350
25;2025-11-06;12;376
25;2025-11-06;13;431
25;2025-11-06;14;421
25;2025-11-06;15;514
25;2025-11-06;16;587
25;2025-11-06;17;659
25;2025-11-06;18;713
25;2025-11-06;19;500
25;2025-11-06;20;308
25;2025-11-06;21;211
25;2025-11-06;22;93
25;2025-11-06;23;10
25;2025-11-07;0;0
25;2025-11-07;1;0
25;2025-11-07;2;0
25;2025-11-07;3;0
25;2025-11-07;4;0
25;2025-11-07;5;14
25;2025-11-07;6;150
25;2025-11-07;7;452
25;2025-11-07;8;752
25;2025-11-07;9;407
25;2025-11-07;10;321
25;2025-11-07;11;364
25;2025-11-07;12;365
25;2025-11-07;13;443
25;2025-11-07;14;440
25;2025-11-07;15;564
25;2025-11-07;16;652
25;2025-11-07;17;653
25;2025-11-07;18;570
25;2025-11-07;19;451
25;2025-11-07;20;305
25;2025-11-07;21;209
25;2025-11-07;22;95
25;2025-11-07;23;15
25;2025-11-08;0;1
25;2025-11-08;1;0
25;2025-11-08;2;0
25;2025-11-08;3;0
25;2025-11-08;4;0
25;2025-11-08;5;8
25;2025-11-08;6;67
25;2025-11-08;7;109
25;2025-11-08;8;268
25;2025-11-08;9;261
25;2025-11-08;10;248
25;2025-11-08;11;343
25;2025-11-08;12;358
25;2025-11-08;13;487
25;2025-11-08;14;507
25;2025-11-08;15;574
25;2025-11-08;16;535
25;2025-11-08;17;451
25;2025-11-08;18;439
25;2025-11-08;19;397
25;2025-11-08;20;262
25;2025-11-08;21;215
25;2025-11-08;22;112
25;2025-11-08;23;55
25;2025-11-09;0;19
25;2025-11-09;1;0
25;2025-11-09;2;0
25;2025-11-09;3;0
25;2025-11-09;4;0
25;2025-11-09;5;7
25;2025-11-09;6;52
25;2025-11-09;7;85
25;2025-11-09;8;182
25;2025-11-09;9;185
25;2025-11-09;10;205
25;2025-11-09;11;276
25;2025-11-09;12;343
25;2025-11-09;13;405
25;2025-11-09;14;453
25;2025-11-09;15;520
25;2025-11-09;16;453
25;2025-11-09;17;422
25;2025-11-09;18;384
25;2025-11-09;19;322
25;2025-11-09;20;225
25;2025-11-09;21;171
25;2025-11-09;22;87
25;2025-11-09;23;38
25;2025-11-10;0;12
25;2025-11-10;1;0
25;2025-11-10;2;0
25;2025-11-10;3;0
25;2025-11-10;4;0
25;2025-11-10;5;11
25;2025-11-10;6;156
25;2025-11-10;7;436
25;2025-11-10;8;796
25;2025-11-10;9;409
25;2025-11-10;10;308
25;2025-11-10;11;343
25;2025-11-10;12;366
25;2025-11-10;13;461
25;2025-11-10;14;381
25;2025-11-10;15;464
25;2025-11-10;16;591
25;2025-11-10;17;647
25;2025-11-10;18;733
25;2025-11-10;19;448
25;2025-11-10;20;291
25;2025-11-10;21;194
25;2025-11-10;22;71
25;2025-11-10;23;15
25;2025-11-11;0;0
25;2025-11-11;1;0
25;2025-11-11;2;0
25;2025-11-11;3;0
25;2025-11-11;4;0
25;2025-11-11;5;17
25;2025-11-11;6;160
25;2025-11-11;7;444
25;2025-11-11;8;794
25;2025-11-11;9;431
25;2025-11-11;10;348
25;2025-11-11;11;379
25;2025-11-11;12;377
25;2025-11-11;13;431
25;2025-11-11;14;405
25;2025-11-11;15;472
25;2025-11-11;16;591
25;2025-11-11;17;647
25;2025-11-11;18;710
25;2025-11-11;19;480
25;2025-11-11;20;312
25;2025-11-11;21;196
25;2025-11-11;22;86
25;2025-11-11;23;14
25;2025-11-12;0;0
25;2025-11-12;1;0
25;2025-11-12;2;0
25;2025-11-12;3;0
25;2025-11-12;4;0
25;2025-11-12;5;17
25;2025-11-12;6;161
25;2025-11-12;7;438
25;2025-11-12;8;799
25;2025-11-12;9;419
25;2025-11-12;10;349
25;2025-11-12;11;384
25;2025-11-12;12;403
25;2025-11-12;13;456
25;2025-11-12;14;423
25;2025-11-12;15;473
25;2025-11-12;16;598
25;2025-11-12;17;684
25;2025-11-12;18;739
25;2025-11-12;19;481
25;2025-11-12;20;323
25;2025-11-12;21;219
25;2025-11-12;22;88
25;2025-11-12;23;12
25;2025-11-13;0;0
25;2025-11-13;1;0
25;2025-11-13;2;0
25;2025-11-13;3;0
25;2025-11-13;4;0
25;2025-11-13;5;15
25;2025-11-13;6;154
25;2025-11-13;7;452
25;2025-11-13;8;795
25;2025-11-13;9;404
25;2025-11-13;10;343
25;2025-11-13;11;347
25;2025-11-13;12;376
25;2025-11-13;13;424
25;2025-11-13;14;418
25;2025-11-13;15;467
25;2025-11-13;16;587
25;2025-11-13;17;657
25;2025-11-13;18;709
25;2025-11-13;19;471
25;2025-11-13;20;306
25;2025-11-13;21;209
25;2025-11-13;22;92
25;2025-11-13;23;10
25;2025-11-14;0;0
25;2025-11-14;1;0
25;2025-11-14;2;0
25;2025-11-14;3;0
25;2025-11-14;4;0
25;2025-11-14;5;12
25;2025-11-14;6;148
25;2025-11-14;7;449
25;2025-11-14;8;749
25;2025-11-14;9;400
25;2025-11-14;10;321
25;2025-11-14;11;362
25;2025-11-14;12;364
25;2025-11-14;13;438
25;2025-11-14;14;437
25;2025-11-14;15;560
25;2025-11-14;16;652
25;2025-11-14;17;650
25;2025-11-14;18;568
25;2025-11-14;19;445
25;2025-11-14;20;302
25;2025-11-14;21;206
25;2025-11-14;22;94
25;2025-11-14;23;14
25;2025-11-15;0;0
25;2025-11-15;1;0
25;2025-11-15;2;0
25;2025-11-15;3;0
25;2025-11-15;4;0
25;2025-11-15;5;7
25;2025-11-15;6;65
25;2025-11-15;7;108
25;2025-11-15;8;265
25;2025-11-15;9;258
25;2025-11-15;10;247
25;2025-11-15;11;340
25;2025-11-15;12;358
25;2025-11-15;13;440
25;2025-11-15;14;462
25;2025-11-15;15;573
25;2025-11-15;16;510
25;2025-11-15;17;446
25;2025-11-15;18;432
25;2025-11-15;19;393
25;2025-11-15;20;259
25;2025-11-15;21;212
25;2025-11-15;22;111
25;2025-11-15;23;54
25;2025-11-16;0;18
25;2025-11-16;1;0
25;2025-11-16;2;0
25;2025-11-16;3;0
25;2025-11-16;4;0
25;2025-11-16;5;7
25;2025-11-16;6;49
25;2025-11-16;7;84
25;2025-11-16;8;178
25;2025-11-16;9;182
25;2025-11-16;10;204
25;2025-11-16;11;273
25;2025-11-16;12;342
25;2025-11-16;13;401
25;2025-11-16;14;450
25;2025-11-16;15;519
25;2025-11-16;16;451
25;2025-11-16;17;418
25;2025-11-16;18;381
25;2025-11-16;19;318
25;2025-11-16;20;222
25;2025-11-16;21;167
25;2025-11-16;22;86
25;2025-11-16;23;36
25;2025-11-17;0;11
25;2025-11-17;1;0
25;2025-11-17;2;0
25;2025-11-17;3;0
25;2025-11-17;4;0
25;2025-11-17;5;10
25;2025-11-17;6;155
25;2025-11-17;7;435
25;2025-11-17;8;796
25;2025-11-17;9;408
25;2025-11-17;10;308
25;2025-11-17;11;343
25;2025-11-17;12;366
25;2025-11-17;13;461
25;2025-11-17;14;381
25;2025-11-17;15;464
25;2025-11-17;16;591
25;2025-11-17;17;646
25;2025-11-17;18;733
25;2025-11-17;19;448
25;2025-11-17;20;291
25;2025-11-17;21;194
25;2025-11-17;22;71
25;2025-11-17;23;14
25;2025-11-18;0;0
25;2025-11-18;1;0
25;2025-11-18;2;0
25;2025-11-18;3;0
25;2025-11-18;4;0
25;2025-11-18;5;15
25;2025-11-18;6;157
25;2025-11-18;7;444
25;2025-11-18;8;782
25;2025-11-18;9;429
25;2025-11-18;10;348
25;2025-11-18;11;376
25;2025-11-18;12;377
25;2025-11-18;13;429
25;2025-11-18;14;405
25;2025-11-18;15;472
25;2025-11-18;16;591
25;2025-11-18;17;632
25;2025-11-18;18;698
25;2025-11-18;19;477
25;2025-11-18;20;310
25;2025-11-18;21;193
25;2025-11-18;22;86
25;2025-11-18;23;13
25;2025-11-19;0;0
25;2025-11-19;1;0
25;2025-11-19;2;0
25;2025-11-19;3;0
25;2025-11-19;4;0
25;2025-11-19;5;15
25;2025-11-19;6;158
25;2025-11-19;7;438
25;2025-11-19;8;787
25;2025-11-19;9;417
25;2025-11-19;10;348
25;2025-11-19;11;382
25;2025-11-19;12;403
25;2025-11-19;13;453
25;2025-11-19;14;423
25;2025-11-19;15;473
25;2025-11-19;16;598
25;2025-11-19;17;672
25;2025-11-19;18;726
25;2025-11-19;19;477
25;2025-11-19;20;321
25;2025-11-19;21;217
25;2025-11-19;22;87
25;2025-11-19;23;11
25;2025-11-20;0;0
25;2025-11-20;1;0
25;2025-11-20;2;0
25;2025-11-20;3;0
25;2025-11-20;4;0
25;2025-11-20;5;15
25;2025-11-20;6;154
25;2025-11-20;7;452
25;2025-11-20;8;786
25;2025-11-20;9;404
25;2025-11-20;10;343
25;2025-11-20;11;347
25;2025-11-20;12;376
25;2025-11-20;13;424
25;2025-11-20;14;418
25;2025-11-20;15;467
25;2025-11-20;16;587
25;2025-11-20;17;644
25;2025-11-20;18;699
25;2025-11-20;19;471
25;2025-11-20;20;306
25;2025-11-20;21;209
25;2025-11-20;22;92
25;2025-11-20;23;10
25;2025-11-21;0;0
25;2025-11-21;1;0
25;2025-11-21;2;0
25;2025-11-21;3;0
25;2025-11-21;4;0
25;2025-11-21;5;12
25;2025-11-21;6;148
25;2025-11-21;7;449
25;2025-11-21;8;739
25;2025-11-21;9;400
25;2025-11-21;10;320
25;2025-11-21;11;362
25;2025-11-21;12;364
25;2025-11-21;13;438
25;2025-11-21;14;437
25;2025-11-21;15;560
25;2025-11-21;16;639
25;2025-11-21;17;637
25;2025-11-21;18;568
25;2025-11-21;19;445
25;2025-11-21;20;301
25;2025-11-21;21;205
25;2025-11-21;22;94
25;2025-11-21;23;14
25;2025-11-22;0;0
25;2025-11-22;1;0
25;2025-11-22;2;0
25;2025-11-22;3;0
25;2025-11-22;4;0
25;2025-11-22;5;7
25;2025-11-22;6;65
25;2025-11-22;7;108
25;2025-11-22;8;263
25;2025-11-22;9;257
25;2025-11-22;10;246
25;2025-11-22;11;339
25;2025-11-22;12;356
25;2025-11-22;13;440
25;2025-11-22;14;462
25;2025-11-22;15;573
25;2025-11-22;16;510
25;2025-11-22;17;446
25;2025-11-22;18;432
25;2025-11-22;19;393
25;2025-11-22;20;258
25;2025-11-22;21;211
25;2025-11-22;22;111
25;2025-11-22;23;54
25;2025-11-23;0;18
25;2025-11-23;1;0
25;2025-11-23;2;0
25;2025-11-23;3;0
25;2025-11-23;4;0
25;2025-11-23;5;7
25;2025-11-23;6;49
25;2025-11-23;7;84
25;2025-11-23;8;176
25;2025-11-23;9;180
25;2025-11-23;10;202
25;2025-11-23;11;270
25;2025-11-23;12;339
25;2025-11-23;13;401
25;2025-11-23;14;450
25;2025-11-23;15;519
25;2025-11-23;16;451
25;2025-11-23;17;418
25;2025-11-23;18;381
25;2025-11-23;19;316
25;2025-11-23;20;220
25;2025-11-23;21;165
25;2025-11-23;22;86
25;2025-11-23;23;36
25;2025-11-24;0;11
25;2025-11-24;1;0
25;2025-11-24;2;0
25;2025-11-24;3;0
25;2025-11-24;4;0
25;2025-11-24;5;10
25;2025-11-24;6;156
25;2025-11-24;7;436
25;2025-11-24;8;786
25;2025-11-24;9;408
25;2025-11-24;10;305
25;2025-11-24;11;341
25;2025-11-24;12;363
25;2025-11-24;13;461
25;2025-11-24;14;381
25;2025-11-24;15;464
25;2025-11-24;16;591
25;2025-11-24;17;633
25;2025-11-24;18;723
25;2025-11-24;19;448
25;2025-11-24;20;289
25;2025-11-24;21;192
25;2025-11-24;22;71
25;2025-11-24;23;14
25;2025-11-25;0;0
25;2025-11-25;1;0
25;2025-11-25;2;0
25;2025-11-25;3;0
25;2025-11-25;4;0
25;2025-11-25;5;15
25;2025-11-25;6;158
25;2025-11-25;7;444
25;2025-11-25;8;782
25;2025-11-25;9;429
25;2025-11-25;10;345
25;2025-11-25;11;376
25;2025-11-25;12;377
25;2025-11-25;13;429
25;2025-11-25;14;405
25;2025-11-25;15;472
25;2025-11-25;16;591
25;2025-11-25;17;632
25;2025-11-25;18;698
25;2025-11-25;19;477
25;2025-11-25;20;307
25;2025-11-25;21;191
25;2025-11-25;22;86
25;2025-11-25;23;13
25;2025-11-26;0;0
25;2025-11-26;1;0
25;2025-11-26;2;0
25;2025-11-26;3;0
25;2025-11-26;4;0
25;2025-11-26;5;16
25;2025-11-26;6;159
25;2025-11-26;7;438
25;2025-11-26;8;787
25;2025-11-26;9;417
25;2025-11-26;10;346
25;2025-11-26;11;382
25;2025-11-26;12;403
25;2025-11-26;13;453
25;2025-11-26;14;423
25;2025-11-26;15;473
25;2025-11-26;16;598
25;2025-11-26;17;672
25;2025-11-26;18;726
25;2025-11-26;19;477
25;2025-11-26;20;318
25;2025-11-26;21;214
25;2025-11-26;22;87
25;2025-11-26;23;11
25;2025-11-27;0;0
25;2025-11-27;1;0
25;2025-11-27;2;0
25;2025-11-27;3;0
25;2025-11-27;4;0
25;2025-11-27;5;15
25;2025-11-27;6;154
25;2025-11-27;7;452
25;2025-11-27;8;784
25;2025-11-27;9;403
25;2025-11-27;10;339
25;2025-11-27;11;343
25;2025-11-27;12;374
25;2025-11-27;13;422
25;2025-11-27;14;417
25;2025-11-27;15;465
25;2025-11-27;16;586
25;2025-11-27;17;642
25;2025-11-27;18;698
25;2025-11-27;19;470
25;2025-11-27;20;301
25;2025-11-27;21;205
25;2025-11-27;22;92
25;2025-11-27;23;8
25;2025-11-28;0;0
25;2025-11-28;1;0
25;2025-11-28;2;0
25;2025-11-28;3;0
25;2025-11-28;4;0
25;2025-11-28;5;12
25;2025-11-28;6;148
25;2025-11-28;7;449
25;2025-11-28;8;738
25;2025-11-28;9;399
25;2025-11-28;10;317
25;2025-11-28;11;360
25;2025-11-28;12;363
25;2025-11-28;13;436
25;2025-11-28;14;436
25;2025-11-28;15;559
25;2025-11-28;16;637
25;2025-11-28;17;636
25;2025-11-28;18;566
25;2025-11-28;19;443
25;2025-11-28;20;298
25;2025-11-28;21;203
25;2025-11-28;22;95
25;2025-11-28;23;13
25;2025-11-29;0;0
25;2025-11-29;1;0
25;2025-11-29;2;0
25;2025-11-29;3;0
25;2025-11-29;4;0
25;2025-11-29;5;7
25;2025-11-29;6;65
25;2025-11-29;7;109
25;2025-11-29;8;261
25;2025-11-29;9;254
25;2025-11-29;10;244
25;2025-11-29;11;336
25;2025-11-29;12;354
25;2025-11-29;13;438
25;2025-11-29;14;461
25;2025-11-29;15;572
25;2025-11-29;16;509
25;2025-11-29;17;445
25;2025-11-29;18;430
25;2025-11-29;19;392
25;2025-11-29;20;255
25;2025-11-29;21;209
25;2025-11-29;22;112
25;2025-11-29;23;53
25;2025-11-30;0;16
25;2025-11-30;1;0
25;2025-11-30;2;0
25;2025-11-30;3;0
25;2025-11-30;4;0
25;2025-11-30;5;7
25;2025-11-30;6;49
25;2025-11-30;7;84
25;2025-11-30;8;175
25;2025-11-30;9;178
25;2025-11-30;10;200
25;2025-11-30;11;269
25;2025-11-30;12;338
25;2025-11-30;13;400
25;2025-11-30;14;449
25;2025-11-30;15;517
25;2025-11-30;16;450
25;2025-11-30;17;417
25;2025-11-30;18;379
25;2025-11-30;19;314
25;2025-11-30;20;218
25;2025-11-30;21;164
25;2025-11-30;22;86
25;2025-11-30;23;35
25;2025-12-01;0;10
25;2025-12-01;1;0
25;2025-12-01;2;0
25;2025-12-01;3;0
25;2025-12-01;4;0
25;2025-12-01;5;10
25;2025-12-01;6;156
25;2025-12-01;7;436
25;2025-12-01;8;785
25;2025-12-01;9;407
25;2025-12-01;10;304
25;2025-12-01;11;339
25;2025-12-01;12;362
25;2025-12-01;13;460
25;2025-12-01;14;379
25;2025-12-01;15;463
25;2025-12-01;16;589
25;2025-12-01;17;632
25;2025-12-01;18;722
25;2025-12-01;19;446
25;2025-12-01;20;287
25;2025-12-01;21;190
25;2025-12-01;22;71
25;2025-12-01;23;13
25;2025-12-02;0;0
25;2025-12-02;1;0
25;2025-12-02;2;0
25;2025-12-02;3;0
25;2025-12-02;4;0
25;2025-12-02;5;15
25;2025-12-02;6;158
25;2025-12-02;7;444
25;2025-12-02;8;780
25;2025-12-02;9;427
25;2025-12-02;10;344
25;2025-12-02;11;375
25;2025-12-02;12;376
25;2025-12-02;13;428
25;2025-12-02;14;404
25;2025-12-02;15;471
25;2025-12-02;16;589
25;2025-12-02;17;630
25;2025-12-02;18;697
25;2025-12-02;19;475
25;2025-12-02;20;306
25;2025-12-02;21;190
25;2025-12-02;22;86
25;2025-12-02;23;12
25;2025-12-03;0;0
25;2025-12-03;1;0
25;2025-12-03;2;0
25;2025-12-03;3;0
25;2025-12-03;4;0
25;2025-12-03;5;16
25;2025-12-03;6;159
25;2025-12-03;7;438
25;2025-12-03;8;785
25;2025-12-03;9;415
25;2025-12-03;10;344
25;2025-12-03;11;380
25;2025-12-03;12;402
25;2025-12-03;13;452
25;2025-12-03;14;422
25;2025-12-03;15;472
25;2025-12-03;16;597
25;2025-12-03;17;670
25;2025-12-03;18;725
25;2025-12-03;19;476
25;2025-12-03;20;317
25;2025-12-03;21;213
25;2025-12-03;22;87
25;2025-12-03;23;9
25;2025-12-04;0;0
25;2025-12-04;1;0
25;2025-12-04;2;0
25;2025-12-04;3;0
25;2025-12-04;4;0
25;2025-12-04;5;15
25;2025-12-04;6;154
25;2025-12-04;7;451
25;2025-12-04;8;784
25;2025-12-04;9;400
25;2025-12-04;10;337
25;2025-12-04;11;341
25;2025-12-04;12;374
25;2025-12-04;13;422
25;2025-12-04;14;417
25;2025-12-04;15;463
25;2025-12-04;16;586
25;2025-12-04;17;642
25;2025-12-04;18;698
25;2025-12-04;19;470
25;2025-12-04;20;301
25;2025-12-04;21;203
25;2025-12-04;22;91
25;2025-12-04;23;6
25;2025-12-05;0;0
25;2025-12-05;1;0
25;2025-12-05;2;0
25;2025-12-05;3;0
25;2025-12-05;4;0
25;2025-12-05;5;12
25;2025-12-05;6;148
25;2025-12-05;7;448
25;2025-12-05;8;738
25;2025-12-05;9;397
25;2025-12-05;10;315
25;2025-12-05;11;358
25;2025-12-05;12;363
25;2025-12-05;13;436
25;2025-12-05;14;436
25;2025-12-05;15;557
25;2025-12-05;16;637
25;2025-12-05;17;636
25;2025-12-05;18;566
25;2025-12-05;19;443
25;2025-12-05;20;298
25;2025-12-05;21;201
25;2025-12-05;22;94
25;2025-12-05;23;11
25;2025-12-06;0;0
25;2025-12-06;1;0
25;2025-12-06;2;0
25;2025-12-06;3;0
25;2025-12-06;4;0
25;2025-12-06;5;7
25;2025-12-06;6;65
25;2025-12-06;7;106
25;2025-12-06;8;261
25;2025-12-06;9;252
25;2025-12-06;10;242
25;2025-12-06;11;334
25;2025-12-06;12;354
25;2025-12-06;13;439
25;2025-12-06;14;461
25;2025-12-06;15;570
25;2025-12-06;16;509
25;2025-12-06;17;445
25;2025-12-06;18;430
25;2025-12-06;19;392
25;2025-12-06;20;255
25;2025-12-06;21;207
25;2025-12-06;22;110
25;2025-12-06;23;50
25;2025-12-07;0;14
25;2025-12-07;1;0
25;2025-12-07;2;0
25;2025-12-07;3;0
25;2025-12-07;4;0
25;2025-12-07;5;7
25;2025-12-07;6;48
25;2025-12-07;7;81
25;2025-12-07;8;173
25;2025-12-07;9;175
25;2025-12-07;10;197
25;2025-12-07;11;265
25;2025-12-07;12;337
25;2025-12-07;13;398
25;2025-12-07;14;448
25;2025-12-07;15;514
25;2025-12-07;16;449
25;2025-12-07;17;416
25;2025-12-07;18;378
25;2025-12-07;19;313
25;2025-12-07;20;217
25;2025-12-07;21;161
25;2025-12-07;22;83
25;2025-12-07;23;31
25;2025-12-08;0;11
25;2025-12-08;1;0
25;2025-12-08;2;0
25;2025-12-08;3;0
25;2025-12-08;4;0
25;2025-12-08;5;10
25;2025-12-08;6;156
25;2025-12-08;7;442
25;2025-12-08;8;790
25;2025-12-08;9;413
25;2025-12-08;10;306
25;2025-12-08;11;340
25;2025-12-08;12;363
25;2025-12-08;13;468
25;2025-12-08;14;388
25;2025-12-08;15;470
25;2025-12-08;16;598
25;2025-12-08;17;640
25;2025-12-08;18;725
25;2025-12-08;19;446
25;2025-12-08;20;288
25;2025-12-08;21;189
25;2025-12-08;22;71
25;2025-12-08;23;12
25;2025-12-09;0;0
25;2025-12-09;1;0
25;2025-12-09;2;0
25;2025-12-09;3;0
25;2025-12-09;4;0
25;2025-12-09;5;14
25;2025-12-09;6;157
25;2025-12-09;7;449
25;2025-12-09;8;785
25;2025-12-09;9;432
25;2025-12-09;10;344
25;2025-12-09;11;374
25;2025-12-09;12;376
25;2025-12-09;13;435
25;2025-12-09;14;413
25;2025-12-09;15;478
25;2025-12-09;16;598
25;2025-12-09;17;637
25;2025-12-09;18;700
25;2025-12-09;19;475
25;2025-12-09;20;306
25;2025-12-09;21;189
25;2025-12-09;22;87
25;2025-12-09;23;12
25;2025-12-10;0;0
25;2025-12-10;1;0
25;2025-12-10;2;0
25;2025-12-10;3;0
25;2025-12-10;4;0
25;2025-12-10;5;14
25;2025-12-10;6;158
25;2025-12-10;7;445
25;2025-12-10;8;791
25;2025-12-10;9;420
25;2025-12-10;10;345
25;2025-12-10;11;379
25;2025-12-10;12;401
25;2025-12-10;13;461
25;2025-12-10;14;431
25;2025-12-10;15;479
25;2025-12-10;16;605
25;2025-12-10;17;679
25;2025-12-10;18;728
25;2025-12-10;19;475
25;2025-12-10;20;314
25;2025-12-10;21;209
25;2025-12-10;22;88
25;2025-12-10;23;9
25;2025-12-11;0;0
25;2025-12-11;1;0
25;2025-12-11;2;0
25;2025-12-11;3;0
25;2025-12-11;4;0
25;2025-12-11;5;14
25;2025-12-11;6;153
25;2025-12-11;7;459
25;2025-12-11;8;791
25;2025-12-11;9;409
25;2025-12-11;10;341
25;2025-12-11;11;343
25;2025-12-11;12;375
25;2025-12-11;13;436
25;2025-12-11;14;427
25;2025-12-11;15;478
25;2025-12-11;16;599
25;2025-12-11;17;655
25;2025-12-11;18;707
25;2025-12-11;19;471
25;2025-12-11;20;300
25;2025-12-11;21;202
25;2025-12-11;22;94
25;2025-12-11;23;9
25;2025-12-12;0;1
25;2025-12-12;1;0
25;2025-12-12;2;0
25;2025-12-12;3;0
25;2025-12-12;4;0
25;2025-12-12;5;12
25;2025-12-12;6;151
25;2025-12-12;7;459
25;2025-12-12;8;745
25;2025-12-12;9;407
25;2025-12-12;10;320
25;2025-12-12;11;364
25;2025-12-12;12;367
25;2025-12-12;13;449
25;2025-12-12;14;448
25;2025-12-12;15;574
25;2025-12-12;16;653
25;2025-12-12;17;649
25;2025-12-12;18;574
25;2025-12-12;19;445
25;2025-12-12;20;299
25;2025-12-12;21;203
25;2025-12-12;22;97
25;2025-12-12;23;12
25;2025-12-13;0;0
25;2025-12-13;1;0
25;2025-12-13;2;0
25;2025-12-13;3;0
25;2025-12-13;4;0
25;2025-12-13;5;7
25;2025-12-13;6;65
25;2025-12-13;7;112
25;2025-12-13;8;262
25;2025-12-13;9;261
25;2025-12-13;10;244
25;2025-12-13;11;340
25;2025-12-13;12;360
25;2025-12-13;13;452
25;2025-12-13;14;480
25;2025-12-13;15;591
25;2025-12-13;16;529
25;2025-12-13;17;457
25;2025-12-13;18;438
25;2025-12-13;19;392
25;2025-12-13;20;256
25;2025-12-13;21;208
25;2025-12-13;22;115
25;2025-12-13;23;52
25;2025-12-14;0;19
25;2025-12-14;1;0
25;2025-12-14;2;0
25;2025-12-14;3;0
25;2025-12-14;4;0
25;2025-12-14;5;6
25;2025-12-14;6;46
25;2025-12-14;7;89
25;2025-12-14;8;185
25;2025-12-14;9;199
25;2025-12-14;10;210
25;2025-12-14;11;281
25;2025-12-14;12;354
25;2025-12-14;13;431
25;2025-12-14;14;483
25;2025-12-14;15;555
25;2025-12-14;16;486
25;2025-12-14;17;454
25;2025-12-14;18;388
25;2025-12-14;19;312
25;2025-12-14;20;218
25;2025-12-14;21;162
25;2025-12-14;22;88
25;2025-12-14;23;33
25;2025-12-15;0;11
25;2025-12-15;1;0
25;2025-12-15;2;0
25;2025-12-15;3;0
25;2025-12-15;4;0
25;2025-12-15;5;10
25;2025-12-15;6;150
25;2025-12-15;7;440
25;2025-12-15;8;788
25;2025-12-15;9;423
25;2025-12-15;10;303
25;2025-12-15;11;334
25;2025-12-15;12;360
25;2025-12-15;13;468
25;2025-12-15;14;391
25;2025-12-15;15;475
25;2025-12-15;16;600
25;2025-12-15;17;643
25;2025-12-15;18;718
25;2025-12-15;19;441
25;2025-12-15;20;285
25;2025-12-15;21;186
25;2025-12-15;22;71
25;2025-12-15;23;11
25;2025-12-16;0;0
25;2025-12-16;1;0
25;2025-12-16;2;0
25;2025-12-16;3;0
25;2025-12-16;4;0
25;2025-12-16;5;14
25;2025-12-16;6;151
25;2025-12-16;7;449
25;2025-12-16;8;784
25;2025-12-16;9;442
25;2025-12-16;10;344
25;2025-12-16;11;369
25;2025-12-16;12;374
25;2025-12-16;13;436
25;2025-12-16;14;418
25;2025-12-16;15;480
25;2025-12-16;16;600
25;2025-12-16;17;640
25;2025-12-16;18;693
25;2025-12-16;19;470
25;2025-12-16;20;304
25;2025-12-16;21;188
25;2025-12-16;22;89
25;2025-12-16;23;10
25;2025-12-17;0;0
25;2025-12-17;1;0
25;2025-12-17;2;0
25;2025-12-17;3;0
25;2025-12-17;4;0
25;2025-12-17;5;14
25;2025-12-17;6;155
25;2025-12-17;7;445
25;2025-12-17;8;791
25;2025-12-17;9;431
25;2025-12-17;10;345
25;2025-12-17;11;381
25;2025-12-17;12;407
25;2025-12-17;13;466
25;2025-12-17;14;441
25;2025-12-17;15;485
25;2025-12-17;16;614
25;2025-12-17;17;691
25;2025-12-17;18;726
25;2025-12-17;19;471
25;2025-12-17;20;314
25;2025-12-17;21;208
25;2025-12-17;22;90
25;2025-12-17;23;9
25;2025-12-18;0;0
25;2025-12-18;1;0
25;2025-12-18;2;0
25;2025-12-18;3;0
25;2025-12-18;4;0
25;2025-12-18;5;13
25;2025-12-18;6;146
25;2025-12-18;7;459
25;2025-12-18;8;785
25;2025-12-18;9;419
25;2025-12-18;10;339
25;2025-12-18;11;338
25;2025-12-18;12;372
25;2025-12-18;13;436
25;2025-12-18;14;432
25;2025-12-18;15;479
25;2025-12-18;16;601
25;2025-12-18;17;658
25;2025-12-18;18;699
25;2025-12-18;19;465
25;2025-12-18;20;297
25;2025-12-18;21;199
25;2025-12-18;22;94
25;2025-12-18;23;7
25;2025-12-19;0;1
25;2025-12-19;1;0
25;2025-12-19;2;0
25;2025-12-19;3;0
25;2025-12-19;4;0
25;2025-12-19;5;11
25;2025-12-19;6;146
25;2025-12-19;7;458
25;2025-12-19;8;738
25;2025-12-19;9;417
25;2025-12-19;10;321
25;2025-12-19;11;361
25;2025-12-19;12;367
25;2025-12-19;13;447
25;2025-12-19;14;452
25;2025-12-19;15;575
25;2025-12-19;16;655
25;2025-12-19;17;653
25;2025-12-19;18;568
25;2025-12-19;19;439
25;2025-12-19;20;297
25;2025-12-19;21;202
25;2025-12-19;22;100
25;2025-12-19;23;11
25;2025-12-20;0;0
25;2025-12-20;1;0
25;2025-12-20;2;0
25;2025-12-20;3;0
25;2025-12-20;4;0
25;2025-12-20;5;7
25;2025-12-20;6;62
25;2025-12-20;7;108
25;2025-12-20;8;256
25;2025-12-20;9;264
25;2025-12-20;10;239
25;2025-12-20;11;334
25;2025-12-20;12;356
25;2025-12-20;13;451
25;2025-12-20;14;483
25;2025-12-20;15;593
25;2025-12-20;16;532
25;2025-12-20;17;466
25;2025-12-20;18;434
25;2025-12-20;19;389
25;2025-12-20;20;251
25;2025-12-20;21;200
25;2025-12-20;22;110
25;2025-12-20;23;49
25;2025-12-21;0;19
25;2025-12-21;1;0
25;2025-12-21;2;0
25;2025-12-21;3;0
25;2025-12-21;4;0
25;2025-12-21;5;6
25;2025-12-21;6;46
25;2025-12-21;7;87
25;2025-12-21;8;180
25;2025-12-21;9;195
25;2025-12-21;10;207
25;2025-12-21;11;279
25;2025-12-21;12;352
25;2025-12-21;13;431
25;2025-12-21;14;483
25;2025-12-21;15;555
25;2025-12-21;16;486
25;2025-12-21;17;454
25;2025-12-21;18;388
25;2025-12-21;19;311
25;2025-12-21;20;214
25;2025-12-21;21;159
25;2025-12-21;22;85
25;2025-12-21;23;33
25;2025-12-22;0;11
25;2025-12-22;1;0
25;2025-12-22;2;0
25;2025-12-22;3;0
25;2025-12-22;4;0
25;2025-12-22;5;10
25;2025-12-22;6;145
25;2025-12-22;7;442
25;2025-12-22;8;788
25;2025-12-22;9;424
25;2025-12-22;10;301
25;2025-12-22;11;333
25;2025-12-22;12;358
25;2025-12-22;13;468
25;2025-12-22;14;389
25;2025-12-22;15;475
25;2025-12-22;16;600
25;2025-12-22;17;643
25;2025-12-22;18;718
25;2025-12-22;19;441
25;2025-12-22;20;283
25;2025-12-22;21;182
25;2025-12-22;22;67
25;2025-12-22;23;11
25;2025-12-23;0;1
25;2025-12-23;1;0
25;2025-12-23;2;0
25;2025-12-23;3;0
25;2025-12-23;4;0
25;2025-12-23;5;14
25;2025-12-23;6;146
25;2025-12-23;7;449
25;2025-12-23;8;784
25;2025-12-23;9;442
25;2025-12-23;10;342
25;2025-12-23;11;367
25;2025-12-23;12;372
25;2025-12-23;13;436
25;2025-12-23;14;418
25;2025-12-23;15;480
25;2025-12-23;16;600
25;2025-12-23;17;640
25;2025-12-23;18;693
25;2025-12-23;19;470
25;2025-12-23;20;301
25;2025-12-23;21;183
25;2025-12-23;22;84
25;2025-12-23;23;10
25;2025-12-24;0;0
25;2025-12-24;1;0
25;2025-12-24;2;0
25;2025-12-24;3;0
25;2025-12-24;4;0
25;2025-12-24;5;14
25;2025-12-24;6;149
25;2025-12-24;7;445
25;2025-12-24;8;791
25;2025-12-24;9;431
25;2025-12-24;10;341
25;2025-12-24;11;377
25;2025-12-24;12;407
25;2025-12-24;13;466
25;2025-12-24;14;441
25;2025-12-24;15;485
25;2025-12-24;16;614
25;2025-12-24;17;691
25;2025-12-24;18;726
25;2025-12-24;19;471
25;2025-12-24;20;310
25;2025-12-24;21;202
25;2025-12-24;22;84
25;2025-12-24;23;9
25;2025-12-25;0;0
25;2025-12-25;1;0
25;2025-12-25;2;0
25;2025-12-25;3;0
25;2025-12-25;4;0
25;2025-12-25;5;13
25;2025-12-25;6;140
25;2025-12-25;7;459
25;2025-12-25;8;785
25;2025-12-25;9;419
25;2025-12-25;10;336
25;2025-12-25;11;334
25;2025-12-25;12;368
25;2025-12-25;13;436
25;2025-12-25;14;432
25;2025-12-25;15;479
25;2025-12-25;16;601
25;2025-12-25;17;658
25;2025-12-25;18;699
25;2025-12-25;19;465
25;2025-12-25;20;293
25;2025-12-25;21;192
25;2025-12-25;22;88
25;2025-12-25;23;7
25;2025-12-26;0;1
25;2025-12-26;1;0
25;2025-12-26;2;0
25;2025-12-26;3;0
25;2025-12-26;4;0
25;2025-12-26;5;11
25;2025-12-26;6;142
25;2025-12-26;7;457
25;2025-12-26;8;738
25;2025-12-26;9;417
25;2025-12-26;10;319
25;2025-12-26;11;359
25;2025-12-26;12;365
25;2025-12-26;13;448
25;2025-12-26;14;452
25;2025-12-26;15;575
25;2025-12-26;16;656
25;2025-12-26;17;653
25;2025-12-26;18;569
25;2025-12-26;19;443
25;2025-12-26;20;299
25;2025-12-26;21;201
25;2025-12-26;22;98
25;2025-12-26;23;12
25;2025-12-27;0;0
25;2025-12-27;1;0
25;2025-12-27;2;0
25;2025-12-27;3;0
25;2025-12-27;4;0
25;2025-12-27;5;7
25;2025-12-27;6;62
25;2025-12-27;7;107
25;2025-12-27;8;256
25;2025-12-27;9;264
25;2025-12-27;10;239
25;2025-12-27;11;332
25;2025-12-27;12;355
25;2025-12-27;13;451
25;2025-12-27;14;483
25;2025-12-27;15;593
25;2025-12-27;16;531
25;2025-12-27;17;466
25;2025-12-27;18;436
25;2025-12-27;19;392
25;2025-12-27;20;254
25;2025-12-27;21;203
25;2025-12-27;22;112
25;2025-12-27;23;50
25;2025-12-28;0;19
25;2025-12-28;1;0
25;2025-12-28;2;0
25;2025-12-28;3;0
25;2025-12-28;4;0
25;2025-12-28;5;6
25;2025-12-28;6;47
25;2025-12-28;7;86
25;2025-12-28;8;181
25;2025-12-28;9;195
25;2025-12-28;10;207
25;2025-12-28;11;279
25;2025-12-28;12;352
25;2025-12-28;13;431
25;2025-12-28;14;483
25;2025-12-28;15;555
25;2025-12-28;16;487
25;2025-12-28;17;454
25;2025-12-28;18;390
25;2025-12-28;19;314
25;2025-12-28;20;217
25;2025-12-28;21;162
25;2025-12-28;22;87
25;2025-12-28;23;33
25;2025-12-29;0;11
25;2025-12-29;1;0
25;2025-12-29;2;0
25;2025-12-29;3;0
25;2025-12-29;4;0
25;2025-12-29;5;10
25;2025-12-29;6;146
25;2025-12-29;7;441
25;2025-12-29;8;776
25;2025-12-29;9;424
25;2025-12-29;10;301
25;2025-12-29;11;333
25;2025-12-29;12;358
25;2025-12-29;13;468
25;2025-12-29;14;389
25;2025-12-29;15;475
25;2025-12-29;16;601
25;2025-12-29;17;647
25;2025-12-29;18;708
25;2025-12-29;19;444
25;2025-12-29;20;286
25;2025-12-29;21;185
25;2025-12-29;22;69
25;2025-12-29;23;12
25;2025-12-30;0;1
25;2025-12-30;1;0
25;2025-12-30;2;0
25;2025-12-30;3;0
25;2025-12-30;4;0
25;2025-12-30;5;14
25;2025-12-30;6;146
25;2025-12-30;7;448
25;2025-12-30;8;772
25;2025-12-30;9;441
25;2025-12-30;10;340
25;2025-12-30;11;365
25;2025-12-30;12;371
25;2025-12-30;13;437
25;2025-12-30;14;419
25;2025-12-30;15;480
25;2025-12-30;16;600
25;2025-12-30;17;645
25;2025-12-30;18;683
25;2025-12-30;19;473
25;2025-12-30;20;305
25;2025-12-30;21;186
25;2025-12-30;22;86
25;2025-12-30;23;11
25;2025-12-31;0;0
25;2025-12-31;1;0
25;2025-12-31;2;0
25;2025-12-31;3;0
25;2025-12-31;4;0
25;2025-12-31;5;14
25;2025-12-31;6;74
25;2025-12-31;7;210
25;2025-12-31;8;240
25;2025-12-31;9;288
25;2025-12-31;10;208
25;2025-12-31;11;254
25;2025-12-31;12;309
25;2025-12-31;13;339
25;2025-12-31;14;384
25;2025-12-31;15;346
25;2025-12-31;16;382
25;2025-12-31;17;398
25;2025-12-31;18;328
25;2025-12-31;19;335
25;2025-12-31;20;243
25;2025-12-31;21;199
25;2025-12-31;22;95
25;2025-12-31;23;16
26;2025-11-01;0;53
26;2025-11-01;1;0
26;2025-11-01;2;0
26;2025-11-01;3;0
26;2025-11-01;4;4
26;2025-11-01;5;50
26;2025-11-01;6;258
26;2025-11-01;7;348
26;2025-11-01;8;530
26;2025-11-01;9;599
26;2025-11-01;10;733
26;2025-11-01;11;855
26;2025-11-01;12;909
26;2025-11-01;13;929
26;2025-11-01;14;977
26;2025-11-01;15;938
26;2025-11-01;16;932
26;2025-11-01;17;859
26;2025-11-01;18;761
26;2025-11-01;19;747
26;2025-11-01;20;517
26;2025-11-01;21;378
26;2025-11-01;22;219
26;2025-11-01;23;170
26;2025-11-02;0;52
26;2025-11-02;1;4
26;2025-11-02;2;0
26;2025-11-02;3;0
26;2025-11-02;4;0
26;2025-11-02;5;26
26;2025-11-02;6;143
26;2025-11-02;7;232
26;2025-11-02;8;367
26;2025-11-02;9;505
26;2025-11-02;10;545
26;2025-11-02;11;737
26;2025-11-02;12;782
26;2025-11-02;13;816
26;2025-11-02;14;807
26;2025-11-02;15;759
26;2025-11-02;16;724
26;2025-11-02;17;769
26;2025-11-02;18;682
26;2025-11-02;19;565
26;2025-11-02;20;436
26;2025-11-02;21;296
26;2025-11-02;22;167
26;2025-11-02;23;113
26;2025-11-03;0;29
26;2025-11-03;1;2
26;2025-11-03;2;0
26;2025-11-03;3;0
26;2025-11-03;4;7
26;2025-11-03;5;37
26;2025-11-03;6;279
26;2025-11-03;7;325
26;2025-11-03;8;496
26;2025-11-03;9;496
26;2025-11-03;10;530
26;2025-11-03;11;559
26;2025-11-03;12;624
26;2025-11-03;13;690
26;2025-11-03;14;677
26;2025-11-03;15;659
26;2025-11-03;16;660
26;2025-11-03;17;688
26;2025-11-03;18;702
26;2025-11-03;19;632
26;2025-11-03;20;386
26;2025-11-03;21;353
26;2025-11-03;22;188
26;2025-11-03;23;121
26;2025-11-04;0;29
26;2025-11-04;1;1
26;2025-11-04;2;0
26;2025-11-04;3;0
26;2025-11-04;4;0
26;2025-11-04;5;39
26;2025-11-04;6;283
26;2025-11-04;7;352
26;2025-11-04;8;491
26;2025-11-04;9;478
26;2025-11-04;10;522
26;2025-11-04;11;593
26;2025-11-04;12;661
26;2025-11-04;13;693
26;2025-11-04;14;691
26;2025-11-04;15;667
26;2025-11-04;16;682
26;2025-11-04;17;687
26;2025-11-04;18;700
26;2025-11-04;19;633
26;2025-11-04;20;381
26;2025-11-04;21;329
26;2025-11-04;22;156
26;2025-11-04;23;132
26;2025-11-05;0;29
26;2025-11-05;1;0
26;2025-11-05;2;0
26;2025-11-05;3;0
26;2025-11-05;4;5
26;2025-11-05;5;85
26;2025-11-05;6;470
26;2025-11-05;7;990
26;2025-11-05;8;2004
26;2025-11-05;9;1403
26;2025-11-05;10;1147
26;2025-11-05;11;1027
26;2025-11-05;12;1116
26;2025-11-05;13;1146
26;2025-11-05;14;1177
26;2025-11-05;15;1185
26;2025-11-05;16;1378
26;2025-11-05;17;1595
26;2025-11-05;18;1741
26;2025-11-05;19;1269
26;2025-11-05;20;757
26;2025-11-05;21;466
26;2025-11-05;22;204
26;2025-11-05;23;126
26;2025-11-06;0;38
26;2025-11-06;1;1
26;2025-11-06;2;0
26;2025-11-06;3;0
26;2025-11-06;4;3
26;2025-11-06;5;86
26;2025-11-06;6;470
26;2025-11-06;7;976
26;2025-11-06;8;1979
26;2025-11-06;9;1370
26;2025-11-06;10;1120
26;2025-11-06;11;1031
26;2025-11-06;12;1079
26;2025-11-06;13;1105
26;2025-11-06;14;1141
26;2025-11-06;15;1193
26;2025-11-06;16;1398
26;2025-11-06;17;1615
26;2025-11-06;18;1813
26;2025-11-06;19;1189
26;2025-11-06;20;745
26;2025-11-06;21;455
26;2025-11-06;22;202
26;2025-11-06;23;125
26;2025-11-07;0;37
26;2025-11-07;1;0
26;2025-11-07;2;0
26;2025-11-07;3;0
26;2025-11-07;4;4
26;2025-11-07;5;83
26;2025-11-07;6;466
26;2025-11-07;7;923
26;2025-11-07;8;1849
26;2025-11-07;9;1332
26;2025-11-07;10;1108
26;2025-11-07;11;945
26;2025-11-07;12;1067
26;2025-11-07;13;1129
26;2025-11-07;14;1131
26;2025-11-07;15;1293
26;2025-11-07;16;1513
26;2025-11-07;17;1634
26;2025-11-07;18;1343
26;2025-11-07;19;1059
26;2025-11-07;20;673
26;2025-11-07;21;428
26;2025-11-07;22;202
26;2025-11-07;23;149
26;2025-11-08;0;44
26;2025-11-08;1;1
26;2025-11-08;2;0
26;2025-11-08;3;0
26;2025-11-08;4;4
26;2025-11-08;5;44
26;2025-11-08;6;252
26;2025-11-08;7;336
26;2025-11-08;8;554
26;2025-11-08;9;618
26;2025-11-08;10;724
26;2025-11-08;11;837
26;2025-11-08;12;884
26;2025-11-08;13;909
26;2025-11-08;14;906
26;2025-11-08;15;866
26;2025-11-08;16;866
26;2025-11-08;17;856
26;2025-11-08;18;788
26;2025-11-08;19;783
26;2025-11-08;20;541
26;2025-11-08;21;367
26;2025-11-08;22;198
26;2025-11-08;23;149
26;2025-11-09;0;51
26;2025-11-09;1;4
26;2025-11-09;2;0
26;2025-11-09;3;0
26;2025-11-09;4;0
26;2025-11-09;5;26
26;2025-11-09;6;143
26;2025-11-09;7;231
26;2025-11-09;8;365
26;2025-11-09;9;481
26;2025-11-09;10;545
26;2025-11-09;11;737
26;2025-11-09;12;782
26;2025-11-09;13;816
26;2025-11-09;14;807
26;2025-11-09;15;759
26;2025-11-09;16;724
26;2025-11-09;17;769
26;2025-11-09;18;682
26;2025-11-09;19;564
26;2025-11-09;20;429
26;2025-11-09;21;294
26;2025-11-09;22;166
26;2025-11-09;23;110
26;2025-11-10;0;27
26;2025-11-10;1;2
26;2025-11-10;2;0
26;2025-11-10;3;0
26;2025-11-10;4;5
26;2025-11-10;5;80
26;2025-11-10;6;495
26;2025-11-10;7;985
26;2025-11-10;8;1947
26;2025-11-10;9;1391
26;2025-11-10;10;1147
26;2025-11-10;11;945
26;2025-11-10;12;1023
26;2025-11-10;13;1133
26;2025-11-10;14;1100
26;2025-11-10;15;1181
26;2025-11-10;16;1372
26;2025-11-10;17;1637
26;2025-11-10;18;1826
26;2025-11-10;19;1265
26;2025-11-10;20;753
26;2025-11-10;21;434
26;2025-11-10;22;188
26;2025-11-10;23;113
26;2025-11-11;0;26
26;2025-11-11;1;0
26;2025-11-11;2;0
26;2025-11-11;3;0
26;2025-11-11;4;1
26;2025-11-11;5;83
26;2025-11-11;6;501
26;2025-11-11;7;1081
26;2025-11-11;8;2022
26;2025-11-11;9;1457
26;2025-11-11;10;1145
26;2025-11-11;11;1074
26;2025-11-11;12;1112
26;2025-11-11;13;1140
26;2025-11-11;14;1137
26;2025-11-11;15;1181
26;2025-11-11;16;1425
26;2025-11-11;17;1686
26;2025-11-11;18;1835
26;2025-11-11;19;1338
26;2025-11-11;20;796
26;2025-11-11;21;448
26;2025-11-11;22;197
26;2025-11-11;23;124
26;2025-11-12;0;28
26;2025-11-12;1;0
26;2025-11-12;2;0
26;2025-11-12;3;0
26;2025-11-12;4;5
26;2025-11-12;5;85
26;2025-11-12;6;471
26;2025-11-12;7;990
26;2025-11-12;8;1993
26;2025-11-12;9;1399
26;2025-11-12;10;1147
26;2025-11-12;11;1027
26;2025-11-12;12;1116
26;2025-11-12;13;1146
26;2025-11-12;14;1177
26;2025-11-12;15;1185
26;2025-11-12;16;1369
26;2025-11-12;17;1591
26;2025-11-12;18;1736
26;2025-11-12;19;1269
26;2025-11-12;20;757
26;2025-11-12;21;450
26;2025-11-12;22;203
26;2025-11-12;23;124
26;2025-11-13;0;37
26;2025-11-13;1;1
26;2025-11-13;2;0
26;2025-11-13;3;0
26;2025-11-13;4;3
26;2025-11-13;5;84
26;2025-11-13;6;466
26;2025-11-13;7;976
26;2025-11-13;8;1965
26;2025-11-13;9;1362
26;2025-11-13;10;1118
26;2025-11-13;11;1027
26;2025-11-13;12;1077
26;2025-11-13;13;1102
26;2025-11-13;14;1140
26;2025-11-13;15;1193
26;2025-11-13;16;1389
26;2025-11-13;17;1608
26;2025-11-13;18;1805
26;2025-11-13;19;1185
26;2025-11-13;20;741
26;2025-11-13;21;435
26;2025-11-13;22;201
26;2025-11-13;23;122
26;2025-11-14;0;36
26;2025-11-14;1;0
26;2025-11-14;2;0
26;2025-11-14;3;0
26;2025-11-14;4;4
26;2025-11-14;5;81
26;2025-11-14;6;462
26;2025-11-14;7;921
26;2025-11-14;8;1835
26;2025-11-14;9;1328
26;2025-11-14;10;1107
26;2025-11-14;11;941
26;2025-11-14;12;1066
26;2025-11-14;13;1127
26;2025-11-14;14;1131
26;2025-11-14;15;1293
26;2025-11-14;16;1504
26;2025-11-14;17;1626
26;2025-11-14;18;1341
26;2025-11-14;19;1055
26;2025-11-14;20;670
26;2025-11-14;21;421
26;2025-11-14;22;200
26;2025-11-14;23;146
26;2025-11-15;0;43
26;2025-11-15;1;0
26;2025-11-15;2;0
26;2025-11-15;3;0
26;2025-11-15;4;3
26;2025-11-15;5;42
26;2025-11-15;6;250
26;2025-11-15;7;335
26;2025-11-15;8;546
26;2025-11-15;9;613
26;2025-11-15;10;722
26;2025-11-15;11;833
26;2025-11-15;12;882
26;2025-11-15;13;907
26;2025-11-15;14;904
26;2025-11-15;15;866
26;2025-11-15;16;865
26;2025-11-15;17;853
26;2025-11-15;18;784
26;2025-11-15;19;779
26;2025-11-15;20;533
26;2025-11-15;21;363
26;2025-11-15;22;197
26;2025-11-15;23;146
26;2025-11-16;0;49
26;2025-11-16;1;3
26;2025-11-16;2;0
26;2025-11-16;3;0
26;2025-11-16;4;0
26;2025-11-16;5;23
26;2025-11-16;6;139
26;2025-11-16;7;229
26;2025-11-16;8;361
26;2025-11-16;9;476
26;2025-11-16;10;542
26;2025-11-16;11;733
26;2025-11-16;12;779
26;2025-11-16;13;813
26;2025-11-16;14;804
26;2025-11-16;15;757
26;2025-11-16;16;722
26;2025-11-16;17;765
26;2025-11-16;18;677
26;2025-11-16;19;560
26;2025-11-16;20;424
26;2025-11-16;21;291
26;2025-11-16;22;164
26;2025-11-16;23;108
26;2025-11-17;0;27
26;2025-11-17;1;2
26;2025-11-17;2;0
26;2025-11-17;3;0
26;2025-11-17;4;5
26;2025-11-17;5;80
26;2025-11-17;6;494
26;2025-11-17;7;984
26;2025-11-17;8;1938
26;2025-11-17;9;1390
26;2025-11-17;10;1147
26;2025-11-17;11;943
26;2025-11-17;12;1022
26;2025-11-17;13;1133
26;2025-11-17;14;1100
26;2025-11-17;15;1182
26;2025-11-17;16;1363
26;2025-11-17;17;1631
26;2025-11-17;18;1821
26;2025-11-17;19;1264
26;2025-11-17;20;753
26;2025-11-17;21;433
26;2025-11-17;22;186
26;2025-11-17;23;113
26;2025-11-18;0;26
26;2025-11-18;1;0
26;2025-11-18;2;0
26;2025-11-18;3;0
26;2025-11-18;4;0
26;2025-11-18;5;81
26;2025-11-18;6;497
26;2025-11-18;7;1080
26;2025-11-18;8;2012
26;2025-11-18;9;1453
26;2025-11-18;10;1145
26;2025-11-18;11;1070
26;2025-11-18;12;1110
26;2025-11-18;13;1138
26;2025-11-18;14;1137
26;2025-11-18;15;1182
26;2025-11-18;16;1416
26;2025-11-18;17;1678
26;2025-11-18;18;1828
26;2025-11-18;19;1334
26;2025-11-18;20;788
26;2025-11-18;21;444
26;2025-11-18;22;195
26;2025-11-18;23;123
26;2025-11-19;0;28
26;2025-11-19;1;0
26;2025-11-19;2;0
26;2025-11-19;3;0
26;2025-11-19;4;2
26;2025-11-19;5;83
26;2025-11-19;6;467
26;2025-11-19;7;989
26;2025-11-19;8;1990
26;2025-11-19;9;1395
26;2025-11-19;10;1145
26;2025-11-19;11;1023
26;2025-11-19;12;1114
26;2025-11-19;13;1143
26;2025-11-19;14;1175
26;2025-11-19;15;1185
26;2025-11-19;16;1369
26;2025-11-19;17;1588
26;2025-11-19;18;1733
26;2025-11-19;19;1265
26;2025-11-19;20;748
26;2025-11-19;21;446
26;2025-11-19;22;202
26;2025-11-19;23;123
26;2025-11-20;0;37
26;2025-11-20;1;1
26;2025-11-20;2;0
26;2025-11-20;3;0
26;2025-11-20;4;3
26;2025-11-20;5;84
26;2025-11-20;6;466
26;2025-11-20;7;976
26;2025-11-20;8;1965
26;2025-11-20;9;1362
26;2025-11-20;10;1118
26;2025-11-20;11;1027
26;2025-11-20;12;1077
26;2025-11-20;13;1102
26;2025-11-20;14;1140
26;2025-11-20;15;1193
26;2025-11-20;16;1389
26;2025-11-20;17;1608
26;2025-11-20;18;1805
26;2025-11-20;19;1185
26;2025-11-20;20;736
26;2025-11-20;21;435
26;2025-11-20;22;201
26;2025-11-20;23;122
26;2025-11-21;0;36
26;2025-11-21;1;0
26;2025-11-21;2;0
26;2025-11-21;3;0
26;2025-11-21;4;4
26;2025-11-21;5;81
26;2025-11-21;6;462
26;2025-11-21;7;921
26;2025-11-21;8;1832
26;2025-11-21;9;1326
26;2025-11-21;10;1105
26;2025-11-21;11;941
26;2025-11-21;12;1063
26;2025-11-21;13;1124
26;2025-11-21;14;1129
26;2025-11-21;15;1290
26;2025-11-21;16;1502
26;2025-11-21;17;1623
26;2025-11-21;18;1339
26;2025-11-21;19;1055
26;2025-11-21;20;665
26;2025-11-21;21;421
26;2025-11-21;22;199
26;2025-11-21;23;146
26;2025-11-22;0;43
26;2025-11-22;1;0
26;2025-11-22;2;0
26;2025-11-22;3;0
26;2025-11-22;4;3
26;2025-11-22;5;42
26;2025-11-22;6;248
26;2025-11-22;7;335
26;2025-11-22;8;546
26;2025-11-22;9;600
26;2025-11-22;10;717
26;2025-11-22;11;833
26;2025-11-22;12;882
26;2025-11-22;13;907
26;2025-11-22;14;904
26;2025-11-22;15;866
26;2025-11-22;16;865
26;2025-11-22;17;853
26;2025-11-22;18;779
26;2025-11-22;19;774
26;2025-11-22;20;533
26;2025-11-22;21;363
26;2025-11-22;22;196
26;2025-11-22;23;146
26;2025-11-23;0;49
26;2025-11-23;1;3
26;2025-11-23;2;0
26;2025-11-23;3;0
26;2025-11-23;4;0
26;2025-11-23;5;23
26;2025-11-23;6;140
26;2025-11-23;7;226
26;2025-11-23;8;361
26;2025-11-23;9;476
26;2025-11-23;10;542
26;2025-11-23;11;728
26;2025-11-23;12;774
26;2025-11-23;13;808
26;2025-11-23;14;799
26;2025-11-23;15;752
26;2025-11-23;16;717
26;2025-11-23;17;760
26;2025-11-23;18;672
26;2025-11-23;19;560
26;2025-11-23;20;424
26;2025-11-23;21;288
26;2025-11-23;22;163
26;2025-11-23;23;108
26;2025-11-24;0;27
26;2025-11-24;1;2
26;2025-11-24;2;0
26;2025-11-24;3;0
26;2025-11-24;4;5
26;2025-11-24;5;81
26;2025-11-24;6;494
26;2025-11-24;7;984
26;2025-11-24;8;1936
26;2025-11-24;9;1388
26;2025-11-24;10;1145
26;2025-11-24;11;943
26;2025-11-24;12;1022
26;2025-11-24;13;1130
26;2025-11-24;14;1098
26;2025-11-24;15;1179
26;2025-11-24;16;1360
26;2025-11-24;17;1628
26;2025-11-24;18;1818
26;2025-11-24;19;1261
26;2025-11-24;20;748
26;2025-11-24;21;433
26;2025-11-24;22;185
26;2025-11-24;23;113
26;2025-11-25;0;26
26;2025-11-25;1;0
26;2025-11-25;2;0
26;2025-11-25;3;0
26;2025-11-25;4;0
26;2025-11-25;5;81
26;2025-11-25;6;497
26;2025-11-25;7;1078
26;2025-11-25;8;2009
26;2025-11-25;9;1451
26;2025-11-25;10;1142
26;2025-11-25;11;1068
26;2025-11-25;12;1107
26;2025-11-25;13;1136
26;2025-11-25;14;1135
26;2025-11-25;15;1179
26;2025-11-25;16;1413
26;2025-11-25;17;1675
26;2025-11-25;18;1825
26;2025-11-25;19;1331
26;2025-11-25;20;788
26;2025-11-25;21;444
26;2025-11-25;22;193
26;2025-11-25;23;123
26;2025-11-26;0;27
26;2025-11-26;1;0
26;2025-11-26;2;0
26;2025-11-26;3;0
26;2025-11-26;4;3
26;2025-11-26;5;83
26;2025-11-26;6;467
26;2025-11-26;7;990
26;2025-11-26;8;1987
26;2025-11-26;9;1392
26;2025-11-26;10;1143
26;2025-11-26;11;1023
26;2025-11-26;12;1111
26;2025-11-26;13;1141
26;2025-11-26;14;1173
26;2025-11-26;15;1182
26;2025-11-26;16;1366
26;2025-11-26;17;1586
26;2025-11-26;18;1730
26;2025-11-26;19;1262
26;2025-11-26;20;748
26;2025-11-26;21;446
26;2025-11-26;22;200
26;2025-11-26;23;123
26;2025-11-27;0;36
26;2025-11-27;1;1
26;2025-11-27;2;0
26;2025-11-27;3;0
26;2025-11-27;4;3
26;2025-11-27;5;85
26;2025-11-27;6;466
26;2025-11-27;7;972
26;2025-11-27;8;1961
26;2025-11-27;9;1353
26;2025-11-27;10;1109
26;2025-11-27;11;1021
26;2025-11-27;12;1069
26;2025-11-27;13;1094
26;2025-11-27;14;1131
26;2025-11-27;15;1184
26;2025-11-27;16;1381
26;2025-11-27;17;1600
26;2025-11-27;18;1801
26;2025-11-27;19;1176
26;2025-11-27;20;734
26;2025-11-27;21;434
26;2025-11-27;22;199
26;2025-11-27;23;121
26;2025-11-28;0;35
26;2025-11-28;1;0
26;2025-11-28;2;0
26;2025-11-28;3;0
26;2025-11-28;4;4
26;2025-11-28;5;81
26;2025-11-28;6;462
26;2025-11-28;7;919
26;2025-11-28;8;1828
26;2025-11-28;9;1318
26;2025-11-28;10;1097
26;2025-11-28;11;933
26;2025-11-28;12;1054
26;2025-11-28;13;1116
26;2025-11-28;14;1120
26;2025-11-28;15;1282
26;2025-11-28;16;1493
26;2025-11-28;17;1615
26;2025-11-28;18;1330
26;2025-11-28;19;1046
26;2025-11-28;20;664
26;2025-11-28;21;419
26;2025-11-28;22;198
26;2025-11-28;23;144
26;2025-11-29;0;41
26;2025-11-29;1;0
26;2025-11-29;2;0
26;2025-11-29;3;0
26;2025-11-29;4;3
26;2025-11-29;5;42
26;2025-11-29;6;247
26;2025-11-29;7;335
26;2025-11-29;8;545
26;2025-11-29;9;599
26;2025-11-29;10;716
26;2025-11-29;11;830
26;2025-11-29;12;878
26;2025-11-29;13;902
26;2025-11-29;14;900
26;2025-11-29;15;862
26;2025-11-29;16;861
26;2025-11-29;17;849
26;2025-11-29;18;775
26;2025-11-29;19;773
26;2025-11-29;20;532
26;2025-11-29;21;362
26;2025-11-29;22;195
26;2025-11-29;23;144
26;2025-11-30;0;48
26;2025-11-30;1;3
26;2025-11-30;2;0
26;2025-11-30;3;0
26;2025-11-30;4;0
26;2025-11-30;5;23
26;2025-11-30;6;140
26;2025-11-30;7;226
26;2025-11-30;8;359
26;2025-11-30;9;475
26;2025-11-30;10;541
26;2025-11-30;11;726
26;2025-11-30;12;773
26;2025-11-30;13;809
26;2025-11-30;14;798
26;2025-11-30;15;751
26;2025-11-30;16;716
26;2025-11-30;17;759
26;2025-11-30;18;671
26;2025-11-30;19;558
26;2025-11-30;20;423
26;2025-11-30;21;287
26;2025-11-30;22;163
26;2025-11-30;23;107
26;2025-12-01;0;25
26;2025-12-01;1;2
26;2025-12-01;2;0
26;2025-12-01;3;0
26;2025-12-01;4;5
26;2025-12-01;5;81
26;2025-12-01;6;494
26;2025-12-01;7;977
26;2025-12-01;8;1931
26;2025-12-01;9;1380
26;2025-12-01;10;1137
26;2025-12-01;11;936
26;2025-12-01;12;1013
26;2025-12-01;13;1121
26;2025-12-01;14;1089
26;2025-12-01;15;1170
26;2025-12-01;16;1351
26;2025-12-01;17;1619
26;2025-12-01;18;1814
26;2025-12-01;19;1253
26;2025-12-01;20;747
26;2025-12-01;21;432
26;2025-12-01;22;185
26;2025-12-01;23;112
26;2025-12-02;0;25
26;2025-12-02;1;0
26;2025-12-02;2;0
26;2025-12-02;3;0
26;2025-12-02;4;0
26;2025-12-02;5;81
26;2025-12-02;6;497
26;2025-12-02;7;1070
26;2025-12-02;8;2005
26;2025-12-02;9;1443
26;2025-12-02;10;1135
26;2025-12-02;11;1061
26;2025-12-02;12;1098
26;2025-12-02;13;1127
26;2025-12-02;14;1126
26;2025-12-02;15;1170
26;2025-12-02;16;1404
26;2025-12-02;17;1671
26;2025-12-02;18;1821
26;2025-12-02;19;1322
26;2025-12-02;20;787
26;2025-12-02;21;442
26;2025-12-02;22;193
26;2025-12-02;23;122
26;2025-12-03;0;26
26;2025-12-03;1;0
26;2025-12-03;2;0
26;2025-12-03;3;0
26;2025-12-03;4;3
26;2025-12-03;5;83
26;2025-12-03;6;467
26;2025-12-03;7;982
26;2025-12-03;8;1983
26;2025-12-03;9;1385
26;2025-12-03;10;1135
26;2025-12-03;11;1016
26;2025-12-03;12;1103
26;2025-12-03;13;1132
26;2025-12-03;14;1164
26;2025-12-03;15;1174
26;2025-12-03;16;1358
26;2025-12-03;17;1577
26;2025-12-03;18;1726
26;2025-12-03;19;1253
26;2025-12-03;20;746
26;2025-12-03;21;445
26;2025-12-03;22;200
26;2025-12-03;23;122
26;2025-12-04;0;34
26;2025-12-04;1;1
26;2025-12-04;2;0
26;2025-12-04;3;0
26;2025-12-04;4;3
26;2025-12-04;5;85
26;2025-12-04;6;467
26;2025-12-04;7;970
26;2025-12-04;8;1961
26;2025-12-04;9;1351
26;2025-12-04;10;1107
26;2025-12-04;11;1019
26;2025-12-04;12;1069
26;2025-12-04;13;1094
26;2025-12-04;14;1131
26;2025-12-04;15;1182
26;2025-12-04;16;1381
26;2025-12-04;17;1600
26;2025-12-04;18;1801
26;2025-12-04;19;1176
26;2025-12-04;20;734
26;2025-12-04;21;432
26;2025-12-04;22;198
26;2025-12-04;23;118
26;2025-12-05;0;33
26;2025-12-05;1;0
26;2025-12-05;2;0
26;2025-12-05;3;0
26;2025-12-05;4;4
26;2025-12-05;5;81
26;2025-12-05;6;463
26;2025-12-05;7;917
26;2025-12-05;8;1828
26;2025-12-05;9;1316
26;2025-12-05;10;1095
26;2025-12-05;11;931
26;2025-12-05;12;1054
26;2025-12-05;13;1116
26;2025-12-05;14;1120
26;2025-12-05;15;1280
26;2025-12-05;16;1493
26;2025-12-05;17;1615
26;2025-12-05;18;1330
26;2025-12-05;19;1046
26;2025-12-05;20;664
26;2025-12-05;21;417
26;2025-12-05;22;197
26;2025-12-05;23;142
26;2025-12-06;0;39
26;2025-12-06;1;0
26;2025-12-06;2;0
26;2025-12-06;3;0
26;2025-12-06;4;3
26;2025-12-06;5;42
26;2025-12-06;6;247
26;2025-12-06;7;333
26;2025-12-06;8;546
26;2025-12-06;9;596
26;2025-12-06;10;713
26;2025-12-06;11;827
26;2025-12-06;12;878
26;2025-12-06;13;902
26;2025-12-06;14;900
26;2025-12-06;15;859
26;2025-12-06;16;861
26;2025-12-06;17;849
26;2025-12-06;18;775
26;2025-12-06;19;773
26;2025-12-06;20;532
26;2025-12-06;21;360
26;2025-12-06;22;193
26;2025-12-06;23;142
26;2025-12-07;0;45
26;2025-12-07;1;2
26;2025-12-07;2;0
26;2025-12-07;3;0
26;2025-12-07;4;0
26;2025-12-07;5;22
26;2025-12-07;6;139
26;2025-12-07;7;224
26;2025-12-07;8;358
26;2025-12-07;9;471
26;2025-12-07;10;537
26;2025-12-07;11;723
26;2025-12-07;12;772
26;2025-12-07;13;808
26;2025-12-07;14;797
26;2025-12-07;15;747
26;2025-12-07;16;715
26;2025-12-07;17;758
26;2025-12-07;18;670
26;2025-12-07;19;556
26;2025-12-07;20;421
26;2025-12-07;21;284
26;2025-12-07;22;160
26;2025-12-07;23;104
26;2025-12-08;0;26
26;2025-12-08;1;2
26;2025-12-08;2;0
26;2025-12-08;3;0
26;2025-12-08;4;5
26;2025-12-08;5;82
26;2025-12-08;6;497
26;2025-12-08;7;981
26;2025-12-08;8;1929
26;2025-12-08;9;1387
26;2025-12-08;10;1136
26;2025-12-08;11;940
26;2025-12-08;12;1017
26;2025-12-08;13;1129
26;2025-12-08;14;1100
26;2025-12-08;15;1180
26;2025-12-08;16;1362
26;2025-12-08;17;1627
26;2025-12-08;18;1809
26;2025-12-08;19;1248
26;2025-12-08;20;747
26;2025-12-08;21;432
26;2025-12-08;22;187
26;2025-12-08;23;111
26;2025-12-09;0;26
26;2025-12-09;1;0
26;2025-12-09;2;0
26;2025-12-09;3;0
26;2025-12-09;4;0
26;2025-12-09;5;82
26;2025-12-09;6;499
26;2025-12-09;7;1074
26;2025-12-09;8;2003
26;2025-12-09;9;1449
26;2025-12-09;10;1134
26;2025-12-09;11;1063
26;2025-12-09;12;1102
26;2025-12-09;13;1133
26;2025-12-09;14;1137
26;2025-12-09;15;1180
26;2025-12-09;16;1415
26;2025-12-09;17;1677
26;2025-12-09;18;1818
26;2025-12-09;19;1317
26;2025-12-09;20;787
26;2025-12-09;21;444
26;2025-12-09;22;197
26;2025-12-09;23;121
26;2025-12-10;0;26
26;2025-12-10;1;0
26;2025-12-10;2;0
26;2025-12-10;3;0
26;2025-12-10;4;2
26;2025-12-10;5;83
26;2025-12-10;6;469
26;2025-12-10;7;987
26;2025-12-10;8;1980
26;2025-12-10;9;1394
26;2025-12-10;10;1135
26;2025-12-10;11;1020
26;2025-12-10;12;1104
26;2025-12-10;13;1141
26;2025-12-10;14;1178
26;2025-12-10;15;1185
26;2025-12-10;16;1370
26;2025-12-10;17;1585
26;2025-12-10;18;1723
26;2025-12-10;19;1249
26;2025-12-10;20;747
26;2025-12-10;21;445
26;2025-12-10;22;203
26;2025-12-10;23;121
26;2025-12-11;0;33
26;2025-12-11;1;1
26;2025-12-11;2;0
26;2025-12-11;3;0
26;2025-12-11;4;3
26;2025-12-11;5;82
26;2025-12-11;6;466
26;2025-12-11;7;974
26;2025-12-11;8;1956
26;2025-12-11;9;1359
26;2025-12-11;10;1107
26;2025-12-11;11;1025
26;2025-12-11;12;1068
26;2025-12-11;13;1104
26;2025-12-11;14;1146
26;2025-12-11;15;1193
26;2025-12-11;16;1393
26;2025-12-11;17;1608
26;2025-12-11;18;1796
26;2025-12-11;19;1174
26;2025-12-11;20;732
26;2025-12-11;21;431
26;2025-12-11;22;199
26;2025-12-11;23;118
26;2025-12-12;0;33
26;2025-12-12;1;0
26;2025-12-12;2;0
26;2025-12-12;3;0
26;2025-12-12;4;4
26;2025-12-12;5;82
26;2025-12-12;6;463
26;2025-12-12;7;922
26;2025-12-12;8;1824
26;2025-12-12;9;1326
26;2025-12-12;10;1095
26;2025-12-12;11;941
26;2025-12-12;12;1058
26;2025-12-12;13;1127
26;2025-12-12;14;1132
26;2025-12-12;15;1290
26;2025-12-12;16;1504
26;2025-12-12;17;1627
26;2025-12-12;18;1324
26;2025-12-12;19;1044
26;2025-12-12;20;662
26;2025-12-12;21;417
26;2025-12-12;22;200
26;2025-12-12;23;144
26;2025-12-13;0;39
26;2025-12-13;1;1
26;2025-12-13;2;0
26;2025-12-13;3;0
26;2025-12-13;4;3
26;2025-12-13;5;44
26;2025-12-13;6;244
26;2025-12-13;7;334
26;2025-12-13;8;539
26;2025-12-13;9;604
26;2025-12-13;10;712
26;2025-12-13;11;834
26;2025-12-13;12;882
26;2025-12-13;13;911
26;2025-12-13;14;917
26;2025-12-13;15;873
26;2025-12-13;16;876
26;2025-12-13;17;857
26;2025-12-13;18;772
26;2025-12-13;19;771
26;2025-12-13;20;530
26;2025-12-13;21;359
26;2025-12-13;22;193
26;2025-12-13;23;144
26;2025-12-14;0;48
26;2025-12-14;1;11
26;2025-12-14;2;0
26;2025-12-14;3;0
26;2025-12-14;4;0
26;2025-12-14;5;25
26;2025-12-14;6;144
26;2025-12-14;7;230
26;2025-12-14;8;366
26;2025-12-14;9;520
26;2025-12-14;10;564
26;2025-12-14;11;767
26;2025-12-14;12;816
26;2025-12-14;13;864
26;2025-12-14;14;865
26;2025-12-14;15;808
26;2025-12-14;16;781
26;2025-12-14;17;817
26;2025-12-14;18;685
26;2025-12-14;19;562
26;2025-12-14;20;429
26;2025-12-14;21;284
26;2025-12-14;22;164
26;2025-12-14;23;108
26;2025-12-15;0;23
26;2025-12-15;1;2
26;2025-12-15;2;0
26;2025-12-15;3;0
26;2025-12-15;4;5
26;2025-12-15;5;82
26;2025-12-15;6;499
26;2025-12-15;7;978
26;2025-12-15;8;1928
26;2025-12-15;9;1397
26;2025-12-15;10;1139
26;2025-12-15;11;940
26;2025-12-15;12;1022
26;2025-12-15;13;1139
26;2025-12-15;14;1116
26;2025-12-15;15;1195
26;2025-12-15;16;1375
26;2025-12-15;17;1635
26;2025-12-15;18;1803
26;2025-12-15;19;1245
26;2025-12-15;20;749
26;2025-12-15;21;433
26;2025-12-15;22;183
26;2025-12-15;23;106
26;2025-12-16;0;22
26;2025-12-16;1;0
26;2025-12-16;2;0
26;2025-12-16;3;0
26;2025-12-16;4;0
26;2025-12-16;5;82
26;2025-12-16;6;503
26;2025-12-16;7;1073
26;2025-12-16;8;2002
26;2025-12-16;9;1459
26;2025-12-16;10;1140
26;2025-12-16;11;1065
26;2025-12-16;12;1110
26;2025-12-16;13;1144
26;2025-12-16;14;1154
26;2025-12-16;15;1197
26;2025-12-16;16;1426
26;2025-12-16;17;1686
26;2025-12-16;18;1812
26;2025-12-16;19;1313
26;2025-12-16;20;788
26;2025-12-16;21;446
26;2025-12-16;22;195
26;2025-12-16;23;116
26;2025-12-17;0;23
26;2025-12-17;1;0
26;2025-12-17;2;0
26;2025-12-17;3;0
26;2025-12-17;4;2
26;2025-12-17;5;82
26;2025-12-17;6;479
26;2025-12-17;7;986
26;2025-12-17;8;1978
26;2025-12-17;9;1405
26;2025-12-17;10;1141
26;2025-12-17;11;1029
26;2025-12-17;12;1120
26;2025-12-17;13;1159
26;2025-12-17;14;1202
26;2025-12-17;15;1206
26;2025-12-17;16;1391
26;2025-12-17;17;1603
26;2025-12-17;18;1721
26;2025-12-17;19;1246
26;2025-12-17;20;750
26;2025-12-17;21;447
26;2025-12-17;22;202
26;2025-12-17;23;118
26;2025-12-18;0;32
26;2025-12-18;1;1
26;2025-12-18;2;0
26;2025-12-18;3;0
26;2025-12-18;4;4
26;2025-12-18;5;84
26;2025-12-18;6;471
26;2025-12-18;7;969
26;2025-12-18;8;1955
26;2025-12-18;9;1368
26;2025-12-18;10;1104
26;2025-12-18;11;1019
26;2025-12-18;12;1069
26;2025-12-18;13;1108
26;2025-12-18;14;1156
26;2025-12-18;15;1203
26;2025-12-18;16;1401
26;2025-12-18;17;1611
26;2025-12-18;18;1792
26;2025-12-18;19;1167
26;2025-12-18;20;731
26;2025-12-18;21;434
26;2025-12-18;22;198
26;2025-12-18;23;116
26;2025-12-19;0;31
26;2025-12-19;1;0
26;2025-12-19;2;0
26;2025-12-19;3;0
26;2025-12-19;4;4
26;2025-12-19;5;84
26;2025-12-19;6;471
26;2025-12-19;7;925
26;2025-12-19;8;1823
26;2025-12-19;9;1337
26;2025-12-19;10;1097
26;2025-12-19;11;939
26;2025-12-19;12;1063
26;2025-12-19;13;1134
26;2025-12-19;14;1145
26;2025-12-19;15;1303
26;2025-12-19;16;1512
26;2025-12-19;17;1640
26;2025-12-19;18;1321
26;2025-12-19;19;1037
26;2025-12-19;20;668
26;2025-12-19;21;423
26;2025-12-19;22;204
26;2025-12-19;23;143
26;2025-12-20;0;38
26;2025-12-20;1;0
26;2025-12-20;2;0
26;2025-12-20;3;0
26;2025-12-20;4;3
26;2025-12-20;5;42
26;2025-12-20;6;245
26;2025-12-20;7;330
26;2025-12-20;8;553
26;2025-12-20;9;633
26;2025-12-20;10;725
26;2025-12-20;11;850
26;2025-12-20;12;905
26;2025-12-20;13;935
26;2025-12-20;14;947
26;2025-12-20;15;903
26;2025-12-20;16;906
26;2025-12-20;17;889
26;2025-12-20;18;780
26;2025-12-20;19;774
26;2025-12-20;20;535
26;2025-12-20;21;354
26;2025-12-20;22;191
26;2025-12-20;23;137
26;2025-12-21;0;48
26;2025-12-21;1;12
26;2025-12-21;2;0
26;2025-12-21;3;0
26;2025-12-21;4;1
26;2025-12-21;5;25
26;2025-12-21;6;140
26;2025-12-21;7;231
26;2025-12-21;8;362
26;2025-12-21;9;521
26;2025-12-21;10;566
26;2025-12-21;11;767
26;2025-12-21;12;816
26;2025-12-21;13;864
26;2025-12-21;14;865
26;2025-12-21;15;809
26;2025-12-21;16;780
26;2025-12-21;17;817
26;2025-12-21;18;685
26;2025-12-21;19;562
26;2025-12-21;20;429
26;2025-12-21;21;285
26;2025-12-21;22;163
26;2025-12-21;23;104
26;2025-12-22;0;23
26;2025-12-22;1;2
26;2025-12-22;2;0
26;2025-12-22;3;0
26;2025-12-22;4;5
26;2025-12-22;5;77
26;2025-12-22;6;499
26;2025-12-22;7;980
26;2025-12-22;8;1911
26;2025-12-22;9;1390
26;2025-12-22;10;1132
26;2025-12-22;11;940
26;2025-12-22;12;1022
26;2025-12-22;13;1132
26;2025-12-22;14;1109
26;2025-12-22;15;1188
26;2025-12-22;16;1368
26;2025-12-22;17;1628
26;2025-12-22;18;1803
26;2025-12-22;19;1238
26;2025-12-22;20;749
26;2025-12-22;21;433
26;2025-12-22;22;179
26;2025-12-22;23;103
26;2025-12-23;0;22
26;2025-12-23;1;0
26;2025-12-23;2;0
26;2025-12-23;3;0
26;2025-12-23;4;0
26;2025-12-23;5;77
26;2025-12-23;6;503
26;2025-12-23;7;1066
26;2025-12-23;8;1985
26;2025-12-23;9;1452
26;2025-12-23;10;1133
26;2025-12-23;11;1058
26;2025-12-23;12;1103
26;2025-12-23;13;1137
26;2025-12-23;14;1146
26;2025-12-23;15;1190
26;2025-12-23;16;1419
26;2025-12-23;17;1679
26;2025-12-23;18;1812
26;2025-12-23;19;1307
26;2025-12-23;20;788
26;2025-12-23;21;446
26;2025-12-23;22;193
26;2025-12-23;23;112
26;2025-12-24;0;23
26;2025-12-24;1;0
26;2025-12-24;2;0
26;2025-12-24;3;0
26;2025-12-24;4;2
26;2025-12-24;5;74
26;2025-12-24;6;479
26;2025-12-24;7;986
26;2025-12-24;8;1961
26;2025-12-24;9;1398
26;2025-12-24;10;1134
26;2025-12-24;11;1029
26;2025-12-24;12;1113
26;2025-12-24;13;1152
26;2025-12-24;14;1195
26;2025-12-24;15;1199
26;2025-12-24;16;1384
26;2025-12-24;17;1596
26;2025-12-24;18;1714
26;2025-12-24;19;1239
26;2025-12-24;20;750
26;2025-12-24;21;447
26;2025-12-24;22;198
26;2025-12-24;23;111
26;2025-12-25;0;32
26;2025-12-25;1;1
26;2025-12-25;2;0
26;2025-12-25;3;0
26;2025-12-25;4;4
26;2025-12-25;5;77
26;2025-12-25;6;471
26;2025-12-25;7;969
26;2025-12-25;8;1952
26;2025-12-25;9;1361
26;2025-12-25;10;1097
26;2025-12-25;11;1019
26;2025-12-25;12;1062
26;2025-12-25;13;1101
26;2025-12-25;14;1149
26;2025-12-25;15;1196
26;2025-12-25;16;1394
26;2025-12-25;17;1603
26;2025-12-25;18;1785
26;2025-12-25;19;1160
26;2025-12-25;20;731
26;2025-12-25;21;434
26;2025-12-25;22;195
26;2025-12-25;23;109
26;2025-12-26;0;32
26;2025-12-26;1;0
26;2025-12-26;2;0
26;2025-12-26;3;0
26;2025-12-26;4;4
26;2025-12-26;5;79
26;2025-12-26;6;471
26;2025-12-26;7;924
26;2025-12-26;8;1813
26;2025-12-26;9;1330
26;2025-12-26;10;1089
26;2025-12-26;11;938
26;2025-12-26;12;1056
26;2025-12-26;13;1127
26;2025-12-26;14;1138
26;2025-12-26;15;1296
26;2025-12-26;16;1505
26;2025-12-26;17;1633
26;2025-12-26;18;1316
26;2025-12-26;19;1040
26;2025-12-26;20;671
26;2025-12-26;21;426
26;2025-12-26;22;205
26;2025-12-26;23;139
26;2025-12-27;0;38
26;2025-12-27;1;1
26;2025-12-27;2;0
26;2025-12-27;3;0
26;2025-12-27;4;3
26;2025-12-27;5;42
26;2025-12-27;6;245
26;2025-12-27;7;328
26;2025-12-27;8;553
26;2025-12-27;9;632
26;2025-12-27;10;723
26;2025-12-27;11;848
26;2025-12-27;12;903
26;2025-12-27;13;935
26;2025-12-27;14;948
26;2025-12-27;15;903
26;2025-12-27;16;905
26;2025-12-27;17;890
26;2025-12-27;18;782
26;2025-12-27;19;778
26;2025-12-27;20;539
26;2025-12-27;21;357
26;2025-12-27;22;193
26;2025-12-27;23;137
26;2025-12-28;0;48
26;2025-12-28;1;12
26;2025-12-28;2;0
26;2025-12-28;3;0
26;2025-12-28;4;1
26;2025-12-28;5;25
26;2025-12-28;6;140
26;2025-12-28;7;230
26;2025-12-28;8;362
26;2025-12-28;9;521
26;2025-12-28;10;566
26;2025-12-28;11;765
26;2025-12-28;12;815
26;2025-12-28;13;863
26;2025-12-28;14;864
26;2025-12-28;15;808
26;2025-12-28;16;780
26;2025-12-28;17;816
26;2025-12-28;18;686
26;2025-12-28;19;566
26;2025-12-28;20;433
26;2025-12-28;21;289
26;2025-12-28;22;165
26;2025-12-28;23;104
26;2025-12-29;0;23
26;2025-12-29;1;2
26;2025-12-29;2;0
26;2025-12-29;3;0
26;2025-12-29;4;5
26;2025-12-29;5;78
26;2025-12-29;6;499
26;2025-12-29;7;967
26;2025-12-29;8;1911
26;2025-12-29;9;1390
26;2025-12-29;10;1119
26;2025-12-29;11;927
26;2025-12-29;12;1011
26;2025-12-29;13;1121
26;2025-12-29;14;1097
26;2025-12-29;15;1176
26;2025-12-29;16;1368
26;2025-12-29;17;1628
26;2025-12-29;18;1805
26;2025-12-29;19;1241
26;2025-12-29;20;740
26;2025-12-29;21;436
26;2025-12-29;22;181
26;2025-12-29;23;103
26;2025-12-30;0;22
26;2025-12-30;1;0
26;2025-12-30;2;0
26;2025-12-30;3;0
26;2025-12-30;4;0
26;2025-12-30;5;77
26;2025-12-30;6;501
26;2025-12-30;7;1052
26;2025-12-30;8;1982
26;2025-12-30;9;1451
26;2025-12-30;10;1119
26;2025-12-30;11;1044
26;2025-12-30;12;1089
26;2025-12-30;13;1125
26;2025-12-30;14;1135
26;2025-12-30;15;1178
26;2025-12-30;16;1417
26;2025-12-30;17;1679
26;2025-12-30;18;1811
26;2025-12-30;19;1310
26;2025-12-30;20;778
26;2025-12-30;21;450
26;2025-12-30;22;195
26;2025-12-30;23;113
26;2025-12-31;0;25
26;2025-12-31;1;0
26;2025-12-31;2;0
26;2025-12-31;3;0
26;2025-12-31;4;1
26;2025-12-31;5;30
26;2025-12-31;6;256
26;2025-12-31;7;326
26;2025-12-31;8;432
26;2025-12-31;9;498
26;2025-12-31;10;523
26;2025-12-31;11;585
26;2025-12-31;12;675
26;2025-12-31;13;717
26;2025-12-31;14;717
26;2025-12-31;15;692
26;2025-12-31;16;675
26;2025-12-31;17;705
26;2025-12-31;18;598
26;2025-12-31;19;619
26;2025-12-31;20;384
26;2025-12-31;21;295
26;2025-12-31;22;157
26;2025-12-31;23;116
28;2025-11-01;0;0
28;2025-11-01;1;0
28;2025-11-01;2;0
28;2025-11-01;3;0
28;2025-11-01;4;1
28;2025-11-01;5;34
28;2025-11-01;6;96
28;2025-11-01;7;182
28;2025-11-01;8;352
28;2025-11-01;9;426
28;2025-11-01;10;456
28;2025-11-01;11;468
28;2025-11-01;12;520
28;2025-11-01;13;550
28;2025-11-01;14;591
28;2025-11-01;15;589
28;2025-11-01;16;566
28;2025-11-01;17;497
28;2025-11-01;18;456
28;2025-11-01;19;349
28;2025-11-01;20;279
28;2025-11-01;21;269
28;2025-11-01;22;110
28;2025-11-01;23;29
28;2025-11-02;0;0
28;2025-11-02;1;1
28;2025-11-02;2;0
28;2025-11-02;3;0
28;2025-11-02;4;1
28;2025-11-02;5;22
28;2025-11-02;6;75
28;2025-11-02;7;123
28;2025-11-02;8;234
28;2025-11-02;9;308
28;2025-11-02;10;348
28;2025-11-02;11;368
28;2025-11-02;12;424
28;2025-11-02;13;501
28;2025-11-02;14;496
28;2025-11-02;15;494
28;2025-11-02;16;445
28;2025-11-02;17;455
28;2025-11-02;18;409
28;2025-11-02;19;354
28;2025-11-02;20;289
28;2025-11-02;21;231
28;2025-11-02;22;85
28;2025-11-02;23;4
28;2025-11-03;0;2
28;2025-11-03;1;0
28;2025-11-03;2;0
28;2025-11-03;3;0
28;2025-11-03;4;0
28;2025-11-03;5;19
28;2025-11-03;6;106
28;2025-11-03;7;180
28;2025-11-03;8;347
28;2025-11-03;9;260
28;2025-11-03;10;290
28;2025-11-03;11;318
28;2025-11-03;12;386
28;2025-11-03;13;386
28;2025-11-03;14;350
28;2025-11-03;15;375
28;2025-11-03;16;367
28;2025-11-03;17;445
28;2025-11-03;18;370
28;2025-11-03;19;301
28;2025-11-03;20;305
28;2025-11-03;21;186
28;2025-11-03;22;77
28;2025-11-03;23;0
28;2025-11-04;0;0
28;2025-11-04;1;0
28;2025-11-04;2;0
28;2025-11-04;3;0
28;2025-11-04;4;0
28;2025-11-04;5;20
28;2025-11-04;6;108
28;2025-11-04;7;168
28;2025-11-04;8;350
28;2025-11-04;9;282
28;2025-11-04;10;341
28;2025-11-04;11;302
28;2025-11-04;12;369
28;2025-11-04;13;402
28;2025-11-04;14;384
28;2025-11-04;15;375
28;2025-11-04;16;363
28;2025-11-04;17;441
28;2025-11-04;18;379
28;2025-11-04;19;302
28;2025-11-04;20;305
28;2025-11-04;21;208
28;2025-11-04;22;78
28;2025-11-04;23;4
28;2025-11-05;0;0
28;2025-11-05;1;0
28;2025-11-05;2;0
28;2025-11-05;3;0
28;2025-11-05;4;1
28;2025-11-05;5;74
28;2025-11-05;6;242
28;2025-11-05;7;682
28;2025-11-05;8;1127
28;2025-11-05;9;779
28;2025-11-05;10;554
28;2025-11-05;11;541
28;2025-11-05;12;635
28;2025-11-05;13;677
28;2025-11-05;14;587
28;2025-11-05;15;630
28;2025-11-05;16;775
28;2025-11-05;17;906
28;2025-11-05;18;879
28;2025-11-05;19;694
28;2025-11-05;20;480
28;2025-11-05;21;308
28;2025-11-05;22;109
28;2025-11-05;23;6
28;2025-11-06;0;1
28;2025-11-06;1;0
28;2025-11-06;2;0
28;2025-11-06;3;0
28;2025-11-06;4;1
28;2025-11-06;5;72
28;2025-11-06;6;249
28;2025-11-06;7;692
28;2025-11-06;8;1104
28;2025-11-06;9;779
28;2025-11-06;10;557
28;2025-11-06;11;503
28;2025-11-06;12;629
28;2025-11-06;13;647
28;2025-11-06;14;598
28;2025-11-06;15;637
28;2025-11-06;16;770
28;2025-11-06;17;910
28;2025-11-06;18;892
28;2025-11-06;19;708
28;2025-11-06;20;479
28;2025-11-06;21;305
28;2025-11-06;22;110
28;2025-11-06;23;6
28;2025-11-07;0;0
28;2025-11-07;1;0
28;2025-11-07;2;0
28;2025-11-07;3;0
28;2025-11-07;4;1
28;2025-11-07;5;72
28;2025-11-07;6;237
28;2025-11-07;7;646
28;2025-11-07;8;1012
28;2025-11-07;9;733
28;2025-11-07;10;531
28;2025-11-07;11;517
28;2025-11-07;12;623
28;2025-11-07;13;642
28;2025-11-07;14;590
28;2025-11-07;15;628
28;2025-11-07;16;787
28;2025-11-07;17;880
28;2025-11-07;18;738
28;2025-11-07;19;595
28;2025-11-07;20;430
28;2025-11-07;21;293
28;2025-11-07;22;110
28;2025-11-07;23;8
28;2025-11-08;0;0
28;2025-11-08;1;0
28;2025-11-08;2;0
28;2025-11-08;3;0
28;2025-11-08;4;1
28;2025-11-08;5;32
28;2025-11-08;6;99
28;2025-11-08;7;182
28;2025-11-08;8;341
28;2025-11-08;9;425
28;2025-11-08;10;444
28;2025-11-08;11;438
28;2025-11-08;12;513
28;2025-11-08;13;549
28;2025-11-08;14;550
28;2025-11-08;15;544
28;2025-11-08;16;495
28;2025-11-08;17;527
28;2025-11-08;18;481
28;2025-11-08;19;380
28;2025-11-08;20;290
28;2025-11-08;21;266
28;2025-11-08;22;98
28;2025-11-08;23;14
28;2025-11-09;0;0
28;2025-11-09;1;1
28;2025-11-09;2;0
28;2025-11-09;3;0
28;2025-11-09;4;1
28;2025-11-09;5;22
28;2025-11-09;6;75
28;2025-11-09;7;123
28;2025-11-09;8;234
28;2025-11-09;9;305
28;2025-11-09;10;346
28;2025-11-09;11;366
28;2025-11-09;12;415
28;2025-11-09;13;452
28;2025-11-09;14;449
28;2025-11-09;15;448
28;2025-11-09;16;435
28;2025-11-09;17;445
28;2025-11-09;18;399
28;2025-11-09;19;354
28;2025-11-09;20;289
28;2025-11-09;21;231
28;2025-11-09;22;85
28;2025-11-09;23;4
28;2025-11-10;0;2
28;2025-11-10;1;0
28;2025-11-10;2;0
28;2025-11-10;3;0
28;2025-11-10;4;1
28;2025-11-10;5;70
28;2025-11-10;6;242
28;2025-11-10;7;679
28;2025-11-10;8;1120
28;2025-11-10;9;772
28;2025-11-10;10;550
28;2025-11-10;11;488
28;2025-11-10;12;593
28;2025-11-10;13;643
28;2025-11-10;14;561
28;2025-11-10;15;591
28;2025-11-10;16;770
28;2025-11-10;17;902
28;2025-11-10;18;876
28;2025-11-10;19;691
28;2025-11-10;20;433
28;2025-11-10;21;277
28;2025-11-10;22;94
28;2025-11-10;23;3
28;2025-11-11;0;0
28;2025-11-11;1;0
28;2025-11-11;2;0
28;2025-11-11;3;0
28;2025-11-11;4;1
28;2025-11-11;5;70
28;2025-11-11;6;244
28;2025-11-11;7;715
28;2025-11-11;8;1124
28;2025-11-11;9;785
28;2025-11-11;10;592
28;2025-11-11;11;525
28;2025-11-11;12;628
28;2025-11-11;13;671
28;2025-11-11;14;594
28;2025-11-11;15;591
28;2025-11-11;16;770
28;2025-11-11;17;901
28;2025-11-11;18;885
28;2025-11-11;19;693
28;2025-11-11;20;451
28;2025-11-11;21;300
28;2025-11-11;22;96
28;2025-11-11;23;7
28;2025-11-12;0;0
28;2025-11-12;1;0
28;2025-11-12;2;0
28;2025-11-12;3;0
28;2025-11-12;4;1
28;2025-11-12;5;74
28;2025-11-12;6;242
28;2025-11-12;7;682
28;2025-11-12;8;1127
28;2025-11-12;9;779
28;2025-11-12;10;554
28;2025-11-12;11;541
28;2025-11-12;12;635
28;2025-11-12;13;677
28;2025-11-12;14;587
28;2025-11-12;15;630
28;2025-11-12;16;775
28;2025-11-12;17;906
28;2025-11-12;18;879
28;2025-11-12;19;694
28;2025-11-12;20;447
28;2025-11-12;21;308
28;2025-11-12;22;109
28;2025-11-12;23;6
28;2025-11-13;0;0
28;2025-11-13;1;0
28;2025-11-13;2;0
28;2025-11-13;3;0
28;2025-11-13;4;1
28;2025-11-13;5;70
28;2025-11-13;6;247
28;2025-11-13;7;693
28;2025-11-13;8;1102
28;2025-11-13;9;777
28;2025-11-13;10;557
28;2025-11-13;11;489
28;2025-11-13;12;630
28;2025-11-13;13;645
28;2025-11-13;14;598
28;2025-11-13;15;637
28;2025-11-13;16;771
28;2025-11-13;17;908
28;2025-11-13;18;890
28;2025-11-13;19;706
28;2025-11-13;20;444
28;2025-11-13;21;303
28;2025-11-13;22;110
28;2025-11-13;23;7
28;2025-11-14;0;0
28;2025-11-14;1;0
28;2025-11-14;2;0
28;2025-11-14;3;0
28;2025-11-14;4;1
28;2025-11-14;5;69
28;2025-11-14;6;235
28;2025-11-14;7;646
28;2025-11-14;8;1009
28;2025-11-14;9;731
28;2025-11-14;10;532
28;2025-11-14;11;515
28;2025-11-14;12;623
28;2025-11-14;13;640
28;2025-11-14;14;591
28;2025-11-14;15;628
28;2025-11-14;16;788
28;2025-11-14;17;878
28;2025-11-14;18;736
28;2025-11-14;19;593
28;2025-11-14;20;425
28;2025-11-14;21;290
28;2025-11-14;22;110
28;2025-11-14;23;8
28;2025-11-15;0;0
28;2025-11-15;1;0
28;2025-11-15;2;0
28;2025-11-15;3;0
28;2025-11-15;4;1
28;2025-11-15;5;30
28;2025-11-15;6;98
28;2025-11-15;7;182
28;2025-11-15;8;338
28;2025-11-15;9;419
28;2025-11-15;10;441
28;2025-11-15;11;433
28;2025-11-15;12;497
28;2025-11-15;13;544
28;2025-11-15;14;547
28;2025-11-15;15;541
28;2025-11-15;16;461
28;2025-11-15;17;502
28;2025-11-15;18;436
28;2025-11-15;19;377
28;2025-11-15;20;287
28;2025-11-15;21;264
28;2025-11-15;22;99
28;2025-11-15;23;15
28;2025-11-16;0;1
28;2025-11-16;1;1
28;2025-11-16;2;0
28;2025-11-16;3;0
28;2025-11-16;4;1
28;2025-11-16;5;19
28;2025-11-16;6;73
28;2025-11-16;7;124
28;2025-11-16;8;232
28;2025-11-16;9;303
28;2025-11-16;10;346
28;2025-11-16;11;364
28;2025-11-16;12;416
28;2025-11-16;13;450
28;2025-11-16;14;450
28;2025-11-16;15;448
28;2025-11-16;16;435
28;2025-11-16;17;443
28;2025-11-16;18;397
28;2025-11-16;19;352
28;2025-11-16;20;287
28;2025-11-16;21;229
28;2025-11-16;22;86
28;2025-11-16;23;5
28;2025-11-17;0;2
28;2025-11-17;1;0
28;2025-11-17;2;0
28;2025-11-17;3;0
28;2025-11-17;4;1
28;2025-11-17;5;70
28;2025-11-17;6;242
28;2025-11-17;7;678
28;2025-11-17;8;1120
28;2025-11-17;9;772
28;2025-11-17;10;550
28;2025-11-17;11;488
28;2025-11-17;12;593
28;2025-11-17;13;643
28;2025-11-17;14;561
28;2025-11-17;15;590
28;2025-11-17;16;770
28;2025-11-17;17;902
28;2025-11-17;18;875
28;2025-11-17;19;691
28;2025-11-17;20;433
28;2025-11-17;21;277
28;2025-11-17;22;94
28;2025-11-17;23;2
28;2025-11-18;0;0
28;2025-11-18;1;0
28;2025-11-18;2;0
28;2025-11-18;3;0
28;2025-11-18;4;1
28;2025-11-18;5;68
28;2025-11-18;6;242
28;2025-11-18;7;706
28;2025-11-18;8;1122
28;2025-11-18;9;773
28;2025-11-18;10;592
28;2025-11-18;11;523
28;2025-11-18;12;616
28;2025-11-18;13;660
28;2025-11-18;14;595
28;2025-11-18;15;591
28;2025-11-18;16;761
28;2025-11-18;17;899
28;2025-11-18;18;882
28;2025-11-18;19;681
28;2025-11-18;20;449
28;2025-11-18;21;298
28;2025-11-18;22;96
28;2025-11-18;23;7
28;2025-11-19;0;0
28;2025-11-19;1;0
28;2025-11-19;2;0
28;2025-11-19;3;0
28;2025-11-19;4;1
28;2025-11-19;5;72
28;2025-11-19;6;240
28;2025-11-19;7;673
28;2025-11-19;8;1125
28;2025-11-19;9;768
28;2025-11-19;10;554
28;2025-11-19;11;540
28;2025-11-19;12;622
28;2025-11-19;13;666
28;2025-11-19;14;587
28;2025-11-19;15;618
28;2025-11-19;16;766
28;2025-11-19;17;904
28;2025-11-19;18;877
28;2025-11-19;19;683
28;2025-11-19;20;445
28;2025-11-19;21;306
28;2025-11-19;22;109
28;2025-11-19;23;7
28;2025-11-20;0;0
28;2025-11-20;1;0
28;2025-11-20;2;0
28;2025-11-20;3;0
28;2025-11-20;4;1
28;2025-11-20;5;70
28;2025-11-20;6;247
28;2025-11-20;7;683
28;2025-11-20;8;1102
28;2025-11-20;9;768
28;2025-11-20;10;557
28;2025-11-20;11;489
28;2025-11-20;12;616
28;2025-11-20;13;632
28;2025-11-20;14;598
28;2025-11-20;15;624
28;2025-11-20;16;761
28;2025-11-20;17;908
28;2025-11-20;18;890
28;2025-11-20;19;696
28;2025-11-20;20;444
28;2025-11-20;21;303
28;2025-11-20;22;110
28;2025-11-20;23;7
28;2025-11-21;0;0
28;2025-11-21;1;0
28;2025-11-21;2;0
28;2025-11-21;3;0
28;2025-11-21;4;1
28;2025-11-21;5;69
28;2025-11-21;6;234
28;2025-11-21;7;636
28;2025-11-21;8;1006
28;2025-11-21;9;722
28;2025-11-21;10;532
28;2025-11-21;11;515
28;2025-11-21;12;610
28;2025-11-21;13;627
28;2025-11-21;14;591
28;2025-11-21;15;615
28;2025-11-21;16;774
28;2025-11-21;17;875
28;2025-11-21;18;726
28;2025-11-21;19;593
28;2025-11-21;20;425
28;2025-11-21;21;289
28;2025-11-21;22;110
28;2025-11-21;23;8
28;2025-11-22;0;0
28;2025-11-22;1;0
28;2025-11-22;2;0
28;2025-11-22;3;0
28;2025-11-22;4;1
28;2025-11-22;5;30
28;2025-11-22;6;98
28;2025-11-22;7;181
28;2025-11-22;8;337
28;2025-11-22;9;419
28;2025-11-22;10;441
28;2025-11-22;11;433
28;2025-11-22;12;497
28;2025-11-22;13;544
28;2025-11-22;14;547
28;2025-11-22;15;541
28;2025-11-22;16;461
28;2025-11-22;17;502
28;2025-11-22;18;436
28;2025-11-22;19;377
28;2025-11-22;20;286
28;2025-11-22;21;262
28;2025-11-22;22;99
28;2025-11-22;23;15
28;2025-11-23;0;0
28;2025-11-23;1;1
28;2025-11-23;2;0
28;2025-11-23;3;0
28;2025-11-23;4;1
28;2025-11-23;5;20
28;2025-11-23;6;73
28;2025-11-23;7;124
28;2025-11-23;8;230
28;2025-11-23;9;301
28;2025-11-23;10;344
28;2025-11-23;11;364
28;2025-11-23;12;416
28;2025-11-23;13;450
28;2025-11-23;14;450
28;2025-11-23;15;448
28;2025-11-23;16;435
28;2025-11-23;17;443
28;2025-11-23;18;397
28;2025-11-23;19;352
28;2025-11-23;20;285
28;2025-11-23;21;227
28;2025-11-23;22;86
28;2025-11-23;23;5
28;2025-11-24;0;2
28;2025-11-24;1;0
28;2025-11-24;2;0
28;2025-11-24;3;0
28;2025-11-24;4;1
28;2025-11-24;5;70
28;2025-11-24;6;240
28;2025-11-24;7;669
28;2025-11-24;8;1109
28;2025-11-24;9;762
28;2025-11-24;10;551
28;2025-11-24;11;488
28;2025-11-24;12;588
28;2025-11-24;13;624
28;2025-11-24;14;561
28;2025-11-24;15;585
28;2025-11-24;16;755
28;2025-11-24;17;892
28;2025-11-24;18;866
28;2025-11-24;19;676
28;2025-11-24;20;434
28;2025-11-24;21;275
28;2025-11-24;22;95
28;2025-11-24;23;3
28;2025-11-25;0;0
28;2025-11-25;1;0
28;2025-11-25;2;0
28;2025-11-25;3;0
28;2025-11-25;4;1
28;2025-11-25;5;68
28;2025-11-25;6;240
28;2025-11-25;7;706
28;2025-11-25;8;1110
28;2025-11-25;9;770
28;2025-11-25;10;587
28;2025-11-25;11;524
28;2025-11-25;12;610
28;2025-11-25;13;654
28;2025-11-25;14;589
28;2025-11-25;15;585
28;2025-11-25;16;755
28;2025-11-25;17;890
28;2025-11-25;18;873
28;2025-11-25;19;676
28;2025-11-25;20;449
28;2025-11-25;21;295
28;2025-11-25;22;97
28;2025-11-25;23;8
28;2025-11-26;0;0
28;2025-11-26;1;0
28;2025-11-26;2;0
28;2025-11-26;3;0
28;2025-11-26;4;1
28;2025-11-26;5;72
28;2025-11-26;6;238
28;2025-11-26;7;673
28;2025-11-26;8;1113
28;2025-11-26;9;767
28;2025-11-26;10;555
28;2025-11-26;11;540
28;2025-11-26;12;616
28;2025-11-26;13;660
28;2025-11-26;14;582
28;2025-11-26;15;612
28;2025-11-26;16;760
28;2025-11-26;17;895
28;2025-11-26;18;868
28;2025-11-26;19;677
28;2025-11-26;20;446
28;2025-11-26;21;304
28;2025-11-26;22;110
28;2025-11-26;23;8
28;2025-11-27;0;0
28;2025-11-27;1;0
28;2025-11-27;2;0
28;2025-11-27;3;0
28;2025-11-27;4;1
28;2025-11-27;5;70
28;2025-11-27;6;245
28;2025-11-27;7;683
28;2025-11-27;8;1092
28;2025-11-27;9;768
28;2025-11-27;10;557
28;2025-11-27;11;489
28;2025-11-27;12;616
28;2025-11-27;13;632
28;2025-11-27;14;598
28;2025-11-27;15;624
28;2025-11-27;16;761
28;2025-11-27;17;904
28;2025-11-27;18;886
28;2025-11-27;19;696
28;2025-11-27;20;444
28;2025-11-27;21;300
28;2025-11-27;22;110
28;2025-11-27;23;7
28;2025-11-28;0;0
28;2025-11-28;1;0
28;2025-11-28;2;0
28;2025-11-28;3;0
28;2025-11-28;4;1
28;2025-11-28;5;70
28;2025-11-28;6;233
28;2025-11-28;7;637
28;2025-11-28;8;1002
28;2025-11-28;9;722
28;2025-11-28;10;532
28;2025-11-28;11;516
28;2025-11-28;12;610
28;2025-11-28;13;627
28;2025-11-28;14;591
28;2025-11-28;15;615
28;2025-11-28;16;775
28;2025-11-28;17;875
28;2025-11-28;18;726
28;2025-11-28;19;593
28;2025-11-28;20;425
28;2025-11-28;21;287
28;2025-11-28;22;110
28;2025-11-28;23;9
28;2025-11-29;0;0
28;2025-11-29;1;0
28;2025-11-29;2;0
28;2025-11-29;3;0
28;2025-11-29;4;1
28;2025-11-29;5;31
28;2025-11-29;6;98
28;2025-11-29;7;180
28;2025-11-29;8;336
28;2025-11-29;9;420
28;2025-11-29;10;441
28;2025-11-29;11;433
28;2025-11-29;12;498
28;2025-11-29;13;544
28;2025-11-29;14;547
28;2025-11-29;15;541
28;2025-11-29;16;461
28;2025-11-29;17;502
28;2025-11-29;18;436
28;2025-11-29;19;377
28;2025-11-29;20;285
28;2025-11-29;21;261
28;2025-11-29;22;99
28;2025-11-29;23;16
28;2025-11-30;0;0
28;2025-11-30;1;1
28;2025-11-30;2;0
28;2025-11-30;3;0
28;2025-11-30;4;1
28;2025-11-30;5;21
28;2025-11-30;6;73
28;2025-11-30;7;124
28;2025-11-30;8;230
28;2025-11-30;9;301
28;2025-11-30;10;344
28;2025-11-30;11;364
28;2025-11-30;12;416
28;2025-11-30;13;450
28;2025-11-30;14;450
28;2025-11-30;15;448
28;2025-11-30;16;435
28;2025-11-30;17;443
28;2025-11-30;18;397
28;2025-11-30;19;352
28;2025-11-30;20;285
28;2025-11-30;21;227
28;2025-11-30;22;86
28;2025-11-30;23;6
28;2025-12-01;0;2
28;2025-12-01;1;0
28;2025-12-01;2;0
28;2025-12-01;3;0
28;2025-12-01;4;1
28;2025-12-01;5;70
28;2025-12-01;6;240
28;2025-12-01;7;669
28;2025-12-01;8;1104
28;2025-12-01;9;762
28;2025-12-01;10;551
28;2025-12-01;11;488
28;2025-12-01;12;588
28;2025-12-01;13;624
28;2025-12-01;14;561
28;2025-12-01;15;585
28;2025-12-01;16;755
28;2025-12-01;17;892
28;2025-12-01;18;866
28;2025-12-01;19;676
28;2025-12-01;20;434
28;2025-12-01;21;275
28;2025-12-01;22;95
28;2025-12-01;23;3
28;2025-12-02;0;0
28;2025-12-02;1;0
28;2025-12-02;2;0
28;2025-12-02;3;0
28;2025-12-02;4;1
28;2025-12-02;5;68
28;2025-12-02;6;240
28;2025-12-02;7;706
28;2025-12-02;8;1106
28;2025-12-02;9;770
28;2025-12-02;10;587
28;2025-12-02;11;524
28;2025-12-02;12;610
28;2025-12-02;13;654
28;2025-12-02;14;589
28;2025-12-02;15;585
28;2025-12-02;16;755
28;2025-12-02;17;890
28;2025-12-02;18;873
28;2025-12-02;19;676
28;2025-12-02;20;449
28;2025-12-02;21;295
28;2025-12-02;22;97
28;2025-12-02;23;8
28;2025-12-03;0;0
28;2025-12-03;1;0
28;2025-12-03;2;0
28;2025-12-03;3;0
28;2025-12-03;4;1
28;2025-12-03;5;72
28;2025-12-03;6;238
28;2025-12-03;7;673
28;2025-12-03;8;1109
28;2025-12-03;9;767
28;2025-12-03;10;555
28;2025-12-03;11;540
28;2025-12-03;12;616
28;2025-12-03;13;660
28;2025-12-03;14;582
28;2025-12-03;15;612
28;2025-12-03;16;760
28;2025-12-03;17;895
28;2025-12-03;18;868
28;2025-12-03;19;677
28;2025-12-03;20;446
28;2025-12-03;21;304
28;2025-12-03;22;110
28;2025-12-03;23;8
28;2025-12-04;0;0
28;2025-12-04;1;0
28;2025-12-04;2;0
28;2025-12-04;3;0
28;2025-12-04;4;1
28;2025-12-04;5;70
28;2025-12-04;6;245
28;2025-12-04;7;682
28;2025-12-04;8;1092
28;2025-12-04;9;767
28;2025-12-04;10;556
28;2025-12-04;11;489
28;2025-12-04;12;616
28;2025-12-04;13;632
28;2025-12-04;14;598
28;2025-12-04;15;623
28;2025-12-04;16;761
28;2025-12-04;17;904
28;2025-12-04;18;886
28;2025-12-04;19;696
28;2025-12-04;20;445
28;2025-12-04;21;299
28;2025-12-04;22;109
28;2025-12-04;23;6
28;2025-12-05;0;0
28;2025-12-05;1;0
28;2025-12-05;2;0
28;2025-12-05;3;0
28;2025-12-05;4;1
28;2025-12-05;5;70
28;2025-12-05;6;233
28;2025-12-05;7;635
28;2025-12-05;8;1002
28;2025-12-05;9;720
28;2025-12-05;10;530
28;2025-12-05;11;515
28;2025-12-05;12;610
28;2025-12-05;13;627
28;2025-12-05;14;591
28;2025-12-05;15;614
28;2025-12-05;16;775
28;2025-12-05;17;875
28;2025-12-05;18;726
28;2025-12-05;19;593
28;2025-12-05;20;425
28;2025-12-05;21;286
28;2025-12-05;22;109
28;2025-12-05;23;8
28;2025-12-06;0;0
28;2025-12-06;1;0
28;2025-12-06;2;0
28;2025-12-06;3;0
28;2025-12-06;4;1
28;2025-12-06;5;31
28;2025-12-06;6;98
28;2025-12-06;7;179
28;2025-12-06;8;336
28;2025-12-06;9;419
28;2025-12-06;10;440
28;2025-12-06;11;432
28;2025-12-06;12;498
28;2025-12-06;13;545
28;2025-12-06;14;548
28;2025-12-06;15;540
28;2025-12-06;16;461
28;2025-12-06;17;502
28;2025-12-06;18;436
28;2025-12-06;19;377
28;2025-12-06;20;285
28;2025-12-06;21;260
28;2025-12-06;22;98
28;2025-12-06;23;15
28;2025-12-07;0;1
28;2025-12-07;1;1
28;2025-12-07;2;0
28;2025-12-07;3;0
28;2025-12-07;4;1
28;2025-12-07;5;21
28;2025-12-07;6;73
28;2025-12-07;7;123
28;2025-12-07;8;230
28;2025-12-07;9;299
28;2025-12-07;10;343
28;2025-12-07;11;363
28;2025-12-07;12;416
28;2025-12-07;13;451
28;2025-12-07;14;450
28;2025-12-07;15;447
28;2025-12-07;16;435
28;2025-12-07;17;443
28;2025-12-07;18;397
28;2025-12-07;19;352
28;2025-12-07;20;285
28;2025-12-07;21;226
28;2025-12-07;22;85
28;2025-12-07;23;4
28;2025-12-08;0;2
28;2025-12-08;1;0
28;2025-12-08;2;0
28;2025-12-08;3;0
28;2025-12-08;4;1
28;2025-12-08;5;70
28;2025-12-08;6;244
28;2025-12-08;7;678
28;2025-12-08;8;1112
28;2025-12-08;9;769
28;2025-12-08;10;555
28;2025-12-08;11;489
28;2025-12-08;12;585
28;2025-12-08;13;630
28;2025-12-08;14;573
28;2025-12-08;15;595
28;2025-12-08;16;766
28;2025-12-08;17;901
28;2025-12-08;18;871
28;2025-12-08;19;673
28;2025-12-08;20;433
28;2025-12-08;21;273
28;2025-12-08;22;99
28;2025-12-08;23;3
28;2025-12-09;0;0
28;2025-12-09;1;0
28;2025-12-09;2;0
28;2025-12-09;3;0
28;2025-12-09;4;1
28;2025-12-09;5;68
28;2025-12-09;6;243
28;2025-12-09;7;714
28;2025-12-09;8;1112
28;2025-12-09;9;776
28;2025-12-09;10;589
28;2025-12-09;11;523
28;2025-12-09;12;607
28;2025-12-09;13;659
28;2025-12-09;14;600
28;2025-12-09;15;595
28;2025-12-09;16;766
28;2025-12-09;17;897
28;2025-12-09;18;878
28;2025-12-09;19;673
28;2025-12-09;20;447
28;2025-12-09;21;294
28;2025-12-09;22;101
28;2025-12-09;23;8
28;2025-12-10;0;0
28;2025-12-10;1;0
28;2025-12-10;2;0
28;2025-12-10;3;0
28;2025-12-10;4;1
28;2025-12-10;5;71
28;2025-12-10;6;242
28;2025-12-10;7;682
28;2025-12-10;8;1116
28;2025-12-10;9;774
28;2025-12-10;10;559
28;2025-12-10;11;539
28;2025-12-10;12;613
28;2025-12-10;13;666
28;2025-12-10;14;593
28;2025-12-10;15;622
28;2025-12-10;16;771
28;2025-12-10;17;903
28;2025-12-10;18;872
28;2025-12-10;19;674
28;2025-12-10;20;445
28;2025-12-10;21;302
28;2025-12-10;22;116
28;2025-12-10;23;7
28;2025-12-11;0;1
28;2025-12-11;1;0
28;2025-12-11;2;0
28;2025-12-11;3;0
28;2025-12-11;4;1
28;2025-12-11;5;67
28;2025-12-11;6;246
28;2025-12-11;7;692
28;2025-12-11;8;1098
28;2025-12-11;9;777
28;2025-12-11;10;561
28;2025-12-11;11;493
28;2025-12-11;12;615
28;2025-12-11;13;643
28;2025-12-11;14;616
28;2025-12-11;15;642
28;2025-12-11;16;784
28;2025-12-11;17;920
28;2025-12-11;18;896
28;2025-12-11;19;695
28;2025-12-11;20;444
28;2025-12-11;21;296
28;2025-12-11;22;114
28;2025-12-11;23;4
28;2025-12-12;0;0
28;2025-12-12;1;0
28;2025-12-12;2;0
28;2025-12-12;3;0
28;2025-12-12;4;1
28;2025-12-12;5;67
28;2025-12-12;6;235
28;2025-12-12;7;646
28;2025-12-12;8;1009
28;2025-12-12;9;731
28;2025-12-12;10;535
28;2025-12-12;11;518
28;2025-12-12;12;607
28;2025-12-12;13;638
28;2025-12-12;14;604
28;2025-12-12;15;629
28;2025-12-12;16;793
28;2025-12-12;17;891
28;2025-12-12;18;736
28;2025-12-12;19;590
28;2025-12-12;20;424
28;2025-12-12;21;284
28;2025-12-12;22;114
28;2025-12-12;23;6
28;2025-12-13;0;0
28;2025-12-13;1;0
28;2025-12-13;2;0
28;2025-12-13;3;0
28;2025-12-13;4;1
28;2025-12-13;5;28
28;2025-12-13;6;96
28;2025-12-13;7;183
28;2025-12-13;8;335
28;2025-12-13;9;426
28;2025-12-13;10;443
28;2025-12-13;11;439
28;2025-12-13;12;500
28;2025-12-13;13;558
28;2025-12-13;14;570
28;2025-12-13;15;563
28;2025-12-13;16;486
28;2025-12-13;17;515
28;2025-12-13;18;443
28;2025-12-13;19;375
28;2025-12-13;20;280
28;2025-12-13;21;258
28;2025-12-13;22;100
28;2025-12-13;23;13
28;2025-12-14;0;0
28;2025-12-14;1;1
28;2025-12-14;2;0
28;2025-12-14;3;0
28;2025-12-14;4;1
28;2025-12-14;5;20
28;2025-12-14;6;75
28;2025-12-14;7;130
28;2025-12-14;8;248
28;2025-12-14;9;329
28;2025-12-14;10;365
28;2025-12-14;11;381
28;2025-12-14;12;444
28;2025-12-14;13;498
28;2025-12-14;14;512
28;2025-12-14;15;509
28;2025-12-14;16;500
28;2025-12-14;17;496
28;2025-12-14;18;411
28;2025-12-14;19;351
28;2025-12-14;20;286
28;2025-12-14;21;224
28;2025-12-14;22;87
28;2025-12-14;23;8
28;2025-12-15;0;2
28;2025-12-15;1;0
28;2025-12-15;2;0
28;2025-12-15;3;0
28;2025-12-15;4;1
28;2025-12-15;5;72
28;2025-12-15;6;244
28;2025-12-15;7;686
28;2025-12-15;8;1124
28;2025-12-15;9;801
28;2025-12-15;10;571
28;2025-12-15;11;501
28;2025-12-15;12;608
28;2025-12-15;13;653
28;2025-12-15;14;604
28;2025-12-15;15;626
28;2025-12-15;16;797
28;2025-12-15;17;928
28;2025-12-15;18;876
28;2025-12-15;19;678
28;2025-12-15;20;443
28;2025-12-15;21;271
28;2025-12-15;22;98
28;2025-12-15;23;7
28;2025-12-16;0;1
28;2025-12-16;1;0
28;2025-12-16;2;0
28;2025-12-16;3;0
28;2025-12-16;4;2
28;2025-12-16;5;70
28;2025-12-16;6;243
28;2025-12-16;7;724
28;2025-12-16;8;1123
28;2025-12-16;9;808
28;2025-12-16;10;606
28;2025-12-16;11;536
28;2025-12-16;12;630
28;2025-12-16;13;681
28;2025-12-16;14;631
28;2025-12-16;15;627
28;2025-12-16;16;798
28;2025-12-16;17;924
28;2025-12-16;18;882
28;2025-12-16;19;676
28;2025-12-16;20;455
28;2025-12-16;21;293
28;2025-12-16;22;101
28;2025-12-16;23;11
28;2025-12-17;0;1
28;2025-12-17;1;0
28;2025-12-17;2;0
28;2025-12-17;3;0
28;2025-12-17;4;1
28;2025-12-17;5;73
28;2025-12-17;6;242
28;2025-12-17;7;692
28;2025-12-17;8;1124
28;2025-12-17;9;804
28;2025-12-17;10;572
28;2025-12-17;11;551
28;2025-12-17;12;634
28;2025-12-17;13;686
28;2025-12-17;14;621
28;2025-12-17;15;650
28;2025-12-17;16;799
28;2025-12-17;17;928
28;2025-12-17;18;875
28;2025-12-17;19;678
28;2025-12-17;20;451
28;2025-12-17;21;301
28;2025-12-17;22;115
28;2025-12-17;23;9
28;2025-12-18;0;1
28;2025-12-18;1;0
28;2025-12-18;2;0
28;2025-12-18;3;0
28;2025-12-18;4;2
28;2025-12-18;5;71
28;2025-12-18;6;248
28;2025-12-18;7;704
28;2025-12-18;8;1102
28;2025-12-18;9;800
28;2025-12-18;10;574
28;2025-12-18;11;504
28;2025-12-18;12;635
28;2025-12-18;13;664
28;2025-12-18;14;645
28;2025-12-18;15;669
28;2025-12-18;16;806
28;2025-12-18;17;940
28;2025-12-18;18;895
28;2025-12-18;19;701
28;2025-12-18;20;453
28;2025-12-18;21;297
28;2025-12-18;22;115
28;2025-12-18;23;8
28;2025-12-19;0;0
28;2025-12-19;1;0
28;2025-12-19;2;0
28;2025-12-19;3;0
28;2025-12-19;4;2
28;2025-12-19;5;70
28;2025-12-19;6;237
28;2025-12-19;7;657
28;2025-12-19;8;1014
28;2025-12-19;9;758
28;2025-12-19;10;553
28;2025-12-19;11;531
28;2025-12-19;12;629
28;2025-12-19;13;660
28;2025-12-19;14;634
28;2025-12-19;15;660
28;2025-12-19;16;819
28;2025-12-19;17;915
28;2025-12-19;18;740
28;2025-12-19;19;594
28;2025-12-19;20;433
28;2025-12-19;21;285
28;2025-12-19;22;116
28;2025-12-19;23;11
28;2025-12-20;0;0
28;2025-12-20;1;0
28;2025-12-20;2;0
28;2025-12-20;3;0
28;2025-12-20;4;1
28;2025-12-20;5;30
28;2025-12-20;6;91
28;2025-12-20;7;179
28;2025-12-20;8;338
28;2025-12-20;9;454
28;2025-12-20;10;461
28;2025-12-20;11;451
28;2025-12-20;12;524
28;2025-12-20;13;582
28;2025-12-20;14;602
28;2025-12-20;15;596
28;2025-12-20;16;519
28;2025-12-20;17;547
28;2025-12-20;18;452
28;2025-12-20;19;375
28;2025-12-20;20;281
28;2025-12-20;21;254
28;2025-12-20;22;95
28;2025-12-20;23;19
28;2025-12-21;0;0
28;2025-12-21;1;0
28;2025-12-21;2;0
28;2025-12-21;3;0
28;2025-12-21;4;1
28;2025-12-21;5;20
28;2025-12-21;6;71
28;2025-12-21;7;129
28;2025-12-21;8;244
28;2025-12-21;9;326
28;2025-12-21;10;363
28;2025-12-21;11;377
28;2025-12-21;12;444
28;2025-12-21;13;498
28;2025-12-21;14;512
28;2025-12-21;15;509
28;2025-12-21;16;500
28;2025-12-21;17;495
28;2025-12-21;18;411
28;2025-12-21;19;350
28;2025-12-21;20;285
28;2025-12-21;21;222
28;2025-12-21;22;83
28;2025-12-21;23;8
28;2025-12-22;0;2
28;2025-12-22;1;0
28;2025-12-22;2;0
28;2025-12-22;3;0
28;2025-12-22;4;1
28;2025-12-22;5;68
28;2025-12-22;6;241
28;2025-12-22;7;689
28;2025-12-22;8;1113
28;2025-12-22;9;801
28;2025-12-22;10;571
28;2025-12-22;11;501
28;2025-12-22;12;608
28;2025-12-22;13;653
28;2025-12-22;14;604
28;2025-12-22;15;626
28;2025-12-22;16;797
28;2025-12-22;17;928
28;2025-12-22;18;876
28;2025-12-22;19;678
28;2025-12-22;20;443
28;2025-12-22;21;270
28;2025-12-22;22;95
28;2025-12-22;23;7
28;2025-12-23;0;1
28;2025-12-23;1;0
28;2025-12-23;2;0
28;2025-12-23;3;0
28;2025-12-23;4;2
28;2025-12-23;5;67
28;2025-12-23;6;240
28;2025-12-23;7;724
28;2025-12-23;8;1113
28;2025-12-23;9;808
28;2025-12-23;10;606
28;2025-12-23;11;536
28;2025-12-23;12;630
28;2025-12-23;13;681
28;2025-12-23;14;630
28;2025-12-23;15;627
28;2025-12-23;16;797
28;2025-12-23;17;923
28;2025-12-23;18;882
28;2025-12-23;19;676
28;2025-12-23;20;455
28;2025-12-23;21;292
28;2025-12-23;22;97
28;2025-12-23;23;11
28;2025-12-24;0;1
28;2025-12-24;1;0
28;2025-12-24;2;0
28;2025-12-24;3;0
28;2025-12-24;4;1
28;2025-12-24;5;66
28;2025-12-24;6;236
28;2025-12-24;7;692
28;2025-12-24;8;1114
28;2025-12-24;9;804
28;2025-12-24;10;572
28;2025-12-24;11;551
28;2025-12-24;12;634
28;2025-12-24;13;686
28;2025-12-24;14;621
28;2025-12-24;15;650
28;2025-12-24;16;799
28;2025-12-24;17;928
28;2025-12-24;18;875
28;2025-12-24;19;678
28;2025-12-24;20;451
28;2025-12-24;21;297
28;2025-12-24;22;109
28;2025-12-24;23;9
28;2025-12-25;0;1
28;2025-12-25;1;0
28;2025-12-25;2;0
28;2025-12-25;3;0
28;2025-12-25;4;2
28;2025-12-25;5;66
28;2025-12-25;6;243
28;2025-12-25;7;704
28;2025-12-25;8;1092
28;2025-12-25;9;800
28;2025-12-25;10;574
28;2025-12-25;11;504
28;2025-12-25;12;635
28;2025-12-25;13;664
28;2025-12-25;14;645
28;2025-12-25;15;669
28;2025-12-25;16;806
28;2025-12-25;17;940
28;2025-12-25;18;895
28;2025-12-25;19;701
28;2025-12-25;20;453
28;2025-12-25;21;293
28;2025-12-25;22;108
28;2025-12-25;23;8
28;2025-12-26;0;0
28;2025-12-26;1;0
28;2025-12-26;2;0
28;2025-12-26;3;0
28;2025-12-26;4;2
28;2025-12-26;5;66
28;2025-12-26;6;235
28;2025-12-26;7;655
28;2025-12-26;8;1010
28;2025-12-26;9;758
28;2025-12-26;10;552
28;2025-12-26;11;532
28;2025-12-26;12;630
28;2025-12-26;13;660
28;2025-12-26;14;635
28;2025-12-26;15;660
28;2025-12-26;16;819
28;2025-12-26;17;915
28;2025-12-26;18;740
28;2025-12-26;19;598
28;2025-12-26;20;436
28;2025-12-26;21;287
28;2025-12-26;22;115
28;2025-12-26;23;14
28;2025-12-27;0;0
28;2025-12-27;1;0
28;2025-12-27;2;0
28;2025-12-27;3;0
28;2025-12-27;4;1
28;2025-12-27;5;29
28;2025-12-27;6;90
28;2025-12-27;7;177
28;2025-12-27;8;337
28;2025-12-27;9;452
28;2025-12-27;10;459
28;2025-12-27;11;452
28;2025-12-27;12;523
28;2025-12-27;13;582
28;2025-12-27;14;602
28;2025-12-27;15;596
28;2025-12-27;16;517
28;2025-12-27;17;547
28;2025-12-27;18;453
28;2025-12-27;19;378
28;2025-12-27;20;284
28;2025-12-27;21;258
28;2025-12-27;22;97
28;2025-12-27;23;21
28;2025-12-28;0;1
28;2025-12-28;1;0
28;2025-12-28;2;0
28;2025-12-28;3;0
28;2025-12-28;4;1
28;2025-12-28;5;18
28;2025-12-28;6;71
28;2025-12-28;7;127
28;2025-12-28;8;242
28;2025-12-28;9;326
28;2025-12-28;10;362
28;2025-12-28;11;379
28;2025-12-28;12;444
28;2025-12-28;13;498
28;2025-12-28;14;512
28;2025-12-28;15;509
28;2025-12-28;16;501
28;2025-12-28;17;496
28;2025-12-28;18;412
28;2025-12-28;19;353
28;2025-12-28;20;288
28;2025-12-28;21;226
28;2025-12-28;22;85
28;2025-12-28;23;11
28;2025-12-29;0;2
28;2025-12-29;1;0
28;2025-12-29;2;0
28;2025-12-29;3;0
28;2025-12-29;4;1
28;2025-12-29;5;66
28;2025-12-29;6;241
28;2025-12-29;7;679
28;2025-12-29;8;1100
28;2025-12-29;9;792
28;2025-12-29;10;570
28;2025-12-29;11;503
28;2025-12-29;12;608
28;2025-12-29;13;661
28;2025-12-29;14;604
28;2025-12-29;15;626
28;2025-12-29;16;788
28;2025-12-29;17;909
28;2025-12-29;18;858
28;2025-12-29;19;672
28;2025-12-29;20;446
28;2025-12-29;21;274
28;2025-12-29;22;97
28;2025-12-29;23;10
28;2025-12-30;0;1
28;2025-12-30;1;0
28;2025-12-30;2;0
28;2025-12-30;3;0
28;2025-12-30;4;2
28;2025-12-30;5;65
28;2025-12-30;6;240
28;2025-12-30;7;713
28;2025-12-30;8;1100
28;2025-12-30;9;798
28;2025-12-30;10;604
28;2025-12-30;11;536
28;2025-12-30;12;636
28;2025-12-30;13;685
28;2025-12-30;14;631
28;2025-12-30;15;627
28;2025-12-30;16;788
28;2025-12-30;17;905
28;2025-12-30;18;864
28;2025-12-30;19;670
28;2025-12-30;20;458
28;2025-12-30;21;296
28;2025-12-30;22;99
28;2025-12-30;23;14
28;2025-12-31;0;1
28;2025-12-31;1;0
28;2025-12-31;2;0
28;2025-12-31;3;0
28;2025-12-31;4;0
28;2025-12-31;5;12
28;2025-12-31;6;91
28;2025-12-31;7;194
28;2025-12-31;8;351
28;2025-12-31;9;290
28;2025-12-31;10;300
28;2025-12-31;11;319
28;2025-12-31;12;383
28;2025-12-31;13;420
28;2025-12-31;14;408
28;2025-12-31;15;384
28;2025-12-31;16;394
28;2025-12-31;17;469
28;2025-12-31;18;371
28;2025-12-31;19;296
28;2025-12-31;20;284
28;2025-12-31;21;209
28;2025-12-31;22;91
28;2025-12-31;23;9
50;2025-11-01;0;27
50;2025-11-01;1;0
50;2025-11-01;2;0
50;2025-11-01;3;0
50;2025-11-01;4;1
50;2025-11-01;5;20
50;2025-11-01;6;123
50;2025-11-01;7;303
50;2025-11-01;8;330
50;2025-11-01;9;296
50;2025-11-01;10;279
50;2025-11-01;11;408
50;2025-11-01;12;405
50;2025-11-01;13;425
50;2025-11-01;14;466
50;2025-11-01;15;438
50;2025-11-01;16;449
50;2025-11-01;17;366
50;2025-11-01;18;263
50;2025-11-01;19;267
50;2025-11-01;20;394
50;2025-11-01;21;336
50;2025-11-01;22;169
50;2025-11-01;23;125
50;2025-11-02;0;19
50;2025-11-02;1;0
50;2025-11-02;2;0
50;2025-11-02;3;0
50;2025-11-02;4;1
50;2025-11-02;5;11
50;2025-11-02;6;82
50;2025-11-02;7;164
50;2025-11-02;8;303
50;2025-11-02;9;396
50;2025-11-02;10;404
50;2025-11-02;11;285
50;2025-11-02;12;271
50;2025-11-02;13;334
50;2025-11-02;14;392
50;2025-11-02;15;325
50;2025-11-02;16;323
50;2025-11-02;17;339
50;2025-11-02;18;265
50;2025-11-02;19;312
50;2025-11-02;20;413
50;2025-11-02;21;311
50;2025-11-02;22;149
50;2025-11-02;23;89
50;2025-11-03;0;28
50;2025-11-03;1;3
50;2025-11-03;2;0
50;2025-11-03;3;0
50;2025-11-03;4;4
50;2025-11-03;5;28
50;2025-11-03;6;233
50;2025-11-03;7;341
50;2025-11-03;8;502
50;2025-11-03;9;511
50;2025-11-03;10;531
50;2025-11-03;11;581
50;2025-11-03;12;622
50;2025-11-03;13;628
50;2025-11-03;14;605
50;2025-11-03;15;636
50;2025-11-03;16;647
50;2025-11-03;17;722
50;2025-11-03;18;679
50;2025-11-03;19;605
50;2025-11-03;20;397
50;2025-11-03;21;368
50;2025-11-03;22;168
50;2025-11-03;23;102
50;2025-11-04;0;28
50;2025-11-04;1;2
50;2025-11-04;2;0
50;2025-11-04;3;0
50;2025-11-04;4;2
50;2025-11-04;5;29
50;2025-11-04;6;235
50;2025-11-04;7;392
50;2025-11-04;8;480
50;2025-11-04;9;492
50;2025-11-04;10;519
50;2025-11-04;11;574
50;2025-11-04;12;647
50;2025-11-04;13;655
50;2025-11-04;14;610
50;2025-11-04;15;635
50;2025-11-04;16;648
50;2025-11-04;17;709
50;2025-11-04;18;670
50;2025-11-04;19;579
50;2025-11-04;20;393
50;2025-11-04;21;356
50;2025-11-04;22;181
50;2025-11-04;23;118
50;2025-11-05;0;26
50;2025-11-05;1;2
50;2025-11-05;2;0
50;2025-11-05;3;0
50;2025-11-05;4;2
50;2025-11-05;5;66
50;2025-11-05;6;504
50;2025-11-05;7;1677
50;2025-11-05;8;2569
50;2025-11-05;9;2052
50;2025-11-05;10;1563
50;2025-11-05;11;1442
50;2025-11-05;12;1398
50;2025-11-05;13;1395
50;2025-11-05;14;1371
50;2025-11-05;15;1492
50;2025-11-05;16;1616
50;2025-11-05;17;2228
50;2025-11-05;18;2260
50;2025-11-05;19;1440
50;2025-11-05;20;837
50;2025-11-05;21;598
50;2025-11-05;22;267
50;2025-11-05;23;130
50;2025-11-06;0;29
50;2025-11-06;1;2
50;2025-11-06;2;0
50;2025-11-06;3;0
50;2025-11-06;4;5
50;2025-11-06;5;64
50;2025-11-06;6;495
50;2025-11-06;7;1711
50;2025-11-06;8;2563
50;2025-11-06;9;1973
50;2025-11-06;10;1589
50;2025-11-06;11;1467
50;2025-11-06;12;1353
50;2025-11-06;13;1352
50;2025-11-06;14;1339
50;2025-11-06;15;1424
50;2025-11-06;16;1578
50;2025-11-06;17;2188
50;2025-11-06;18;2318
50;2025-11-06;19;1459
50;2025-11-06;20;895
50;2025-11-06;21;644
50;2025-11-06;22;272
50;2025-11-06;23;159
50;2025-11-07;0;31
50;2025-11-07;1;2
50;2025-11-07;2;0
50;2025-11-07;3;0
50;2025-11-07;4;5
50;2025-11-07;5;61
50;2025-11-07;6;498
50;2025-11-07;7;1619
50;2025-11-07;8;2555
50;2025-11-07;9;1874
50;2025-11-07;10;1482
50;2025-11-07;11;1460
50;2025-11-07;12;1411
50;2025-11-07;13;1410
50;2025-11-07;14;1342
50;2025-11-07;15;1585
50;2025-11-07;16;1896
50;2025-11-07;17;1967
50;2025-11-07;18;1684
50;2025-11-07;19;1172
50;2025-11-07;20;762
50;2025-11-07;21;547
50;2025-11-07;22;273
50;2025-11-07;23;164
50;2025-11-08;0;23
50;2025-11-08;1;2
50;2025-11-08;2;0
50;2025-11-08;3;0
50;2025-11-08;4;0
50;2025-11-08;5;17
50;2025-11-08;6;125
50;2025-11-08;7;302
50;2025-11-08;8;291
50;2025-11-08;9;287
50;2025-11-08;10;259
50;2025-11-08;11;383
50;2025-11-08;12;369
50;2025-11-08;13;398
50;2025-11-08;14;388
50;2025-11-08;15;360
50;2025-11-08;16;374
50;2025-11-08;17;373
50;2025-11-08;18;314
50;2025-11-08;19;282
50;2025-11-08;20;404
50;2025-11-08;21;333
50;2025-11-08;22;155
50;2025-11-08;23;109
50;2025-11-09;0;19
50;2025-11-09;1;0
50;2025-11-09;2;0
50;2025-11-09;3;0
50;2025-11-09;4;0
50;2025-11-09;5;11
50;2025-11-09;6;82
50;2025-11-09;7;164
50;2025-11-09;8;306
50;2025-11-09;9;398
50;2025-11-09;10;405
50;2025-11-09;11;285
50;2025-11-09;12;271
50;2025-11-09;13;337
50;2025-11-09;14;392
50;2025-11-09;15;325
50;2025-11-09;16;323
50;2025-11-09;17;342
50;2025-11-09;18;265
50;2025-11-09;19;328
50;2025-11-09;20;416
50;2025-11-09;21;311
50;2025-11-09;22;149
50;2025-11-09;23;92
50;2025-11-10;0;26
50;2025-11-10;1;2
50;2025-11-10;2;0
50;2025-11-10;3;0
50;2025-11-10;4;5
50;2025-11-10;5;63
50;2025-11-10;6;489
50;2025-11-10;7;1661
50;2025-11-10;8;2603
50;2025-11-10;9;2033
50;2025-11-10;10;1558
50;2025-11-10;11;1437
50;2025-11-10;12;1335
50;2025-11-10;13;1339
50;2025-11-10;14;1325
50;2025-11-10;15;1454
50;2025-11-10;16;1547
50;2025-11-10;17;2119
50;2025-11-10;18;2355
50;2025-11-10;19;1427
50;2025-11-10;20;837
50;2025-11-10;21;555
50;2025-11-10;22;235
50;2025-11-10;23;112
50;2025-11-11;0;26
50;2025-11-11;1;2
50;2025-11-11;2;0
50;2025-11-11;3;0
50;2025-11-11;4;3
50;2025-11-11;5;64
50;2025-11-11;6;533
50;2025-11-11;7;1746
50;2025-11-11;8;2696
50;2025-11-11;9;2114
50;2025-11-11;10;1603
50;2025-11-11;11;1440
50;2025-11-11;12;1395
50;2025-11-11;13;1397
50;2025-11-11;14;1327
50;2025-11-11;15;1461
50;2025-11-11;16;1552
50;2025-11-11;17;2275
50;2025-11-11;18;2381
50;2025-11-11;19;1412
50;2025-11-11;20;882
50;2025-11-11;21;598
50;2025-11-11;22;248
50;2025-11-11;23;129
50;2025-11-12;0;26
50;2025-11-12;1;2
50;2025-11-12;2;0
50;2025-11-12;3;0
50;2025-11-12;4;2
50;2025-11-12;5;66
50;2025-11-12;6;504
50;2025-11-12;7;1677
50;2025-11-12;8;2570
50;2025-11-12;9;2055
50;2025-11-12;10;1566
50;2025-11-12;11;1445
50;2025-11-12;12;1401
50;2025-11-12;13;1399
50;2025-11-12;14;1369
50;2025-11-12;15;1490
50;2025-11-12;16;1617
50;2025-11-12;17;2228
50;2025-11-12;18;2260
50;2025-11-12;19;1444
50;2025-11-12;20;838
50;2025-11-12;21;598
50;2025-11-12;22;269
50;2025-11-12;23;130
50;2025-11-13;0;29
50;2025-11-13;1;2
50;2025-11-13;2;0
50;2025-11-13;3;0
50;2025-11-13;4;4
50;2025-11-13;5;64
50;2025-11-13;6;493
50;2025-11-13;7;1712
50;2025-11-13;8;2564
50;2025-11-13;9;1974
50;2025-11-13;10;1591
50;2025-11-13;11;1468
50;2025-11-13;12;1355
50;2025-11-13;13;1358
50;2025-11-13;14;1338
50;2025-11-13;15;1422
50;2025-11-13;16;1579
50;2025-11-13;17;2194
50;2025-11-13;18;2316
50;2025-11-13;19;1463
50;2025-11-13;20;896
50;2025-11-13;21;642
50;2025-11-13;22;271
50;2025-11-13;23;162
50;2025-11-14;0;31
50;2025-11-14;1;2
50;2025-11-14;2;0
50;2025-11-14;3;0
50;2025-11-14;4;5
50;2025-11-14;5;60
50;2025-11-14;6;498
50;2025-11-14;7;1620
50;2025-11-14;8;2555
50;2025-11-14;9;1877
50;2025-11-14;10;1484
50;2025-11-14;11;1463
50;2025-11-14;12;1415
50;2025-11-14;13;1414
50;2025-11-14;14;1341
50;2025-11-14;15;1586
50;2025-11-14;16;1897
50;2025-11-14;17;1971
50;2025-11-14;18;1687
50;2025-11-14;19;1172
50;2025-11-14;20;762
50;2025-11-14;21;546
50;2025-11-14;22;272
50;2025-11-14;23;165
50;2025-11-15;0;26
50;2025-11-15;1;2
50;2025-11-15;2;0
50;2025-11-15;3;0
50;2025-11-15;4;0
50;2025-11-15;5;17
50;2025-11-15;6;125
50;2025-11-15;7;302
50;2025-11-15;8;309
50;2025-11-15;9;285
50;2025-11-15;10;258
50;2025-11-15;11;382
50;2025-11-15;12;368
50;2025-11-15;13;401
50;2025-11-15;14;387
50;2025-11-15;15;360
50;2025-11-15;16;373
50;2025-11-15;17;375
50;2025-11-15;18;312
50;2025-11-15;19;283
50;2025-11-15;20;405
50;2025-11-15;21;332
50;2025-11-15;22;154
50;2025-11-15;23;112
50;2025-11-16;0;19
50;2025-11-16;1;0
50;2025-11-16;2;0
50;2025-11-16;3;0
50;2025-11-16;4;0
50;2025-11-16;5;10
50;2025-11-16;6;82
50;2025-11-16;7;164
50;2025-11-16;8;305
50;2025-11-16;9;397
50;2025-11-16;10;404
50;2025-11-16;11;283
50;2025-11-16;12;270
50;2025-11-16;13;337
50;2025-11-16;14;391
50;2025-11-16;15;325
50;2025-11-16;16;323
50;2025-11-16;17;342
50;2025-11-16;18;262
50;2025-11-16;19;326
50;2025-11-16;20;413
50;2025-11-16;21;310
50;2025-11-16;22;148
50;2025-11-16;23;92
50;2025-11-17;0;25
50;2025-11-17;1;2
50;2025-11-17;2;0
50;2025-11-17;3;0
50;2025-11-17;4;5
50;2025-11-17;5;63
50;2025-11-17;6;488
50;2025-11-17;7;1662
50;2025-11-17;8;2603
50;2025-11-17;9;2036
50;2025-11-17;10;1561
50;2025-11-17;11;1440
50;2025-11-17;12;1338
50;2025-11-17;13;1342
50;2025-11-17;14;1325
50;2025-11-17;15;1453
50;2025-11-17;16;1548
50;2025-11-17;17;2122
50;2025-11-17;18;2355
50;2025-11-17;19;1429
50;2025-11-17;20;833
50;2025-11-17;21;554
50;2025-11-17;22;235
50;2025-11-17;23;112
50;2025-11-18;0;26
50;2025-11-18;1;2
50;2025-11-18;2;0
50;2025-11-18;3;0
50;2025-11-18;4;3
50;2025-11-18;5;63
50;2025-11-18;6;533
50;2025-11-18;7;1747
50;2025-11-18;8;2699
50;2025-11-18;9;2116
50;2025-11-18;10;1606
50;2025-11-18;11;1443
50;2025-11-18;12;1402
50;2025-11-18;13;1404
50;2025-11-18;14;1326
50;2025-11-18;15;1460
50;2025-11-18;16;1553
50;2025-11-18;17;2275
50;2025-11-18;18;2380
50;2025-11-18;19;1416
50;2025-11-18;20;882
50;2025-11-18;21;593
50;2025-11-18;22;247
50;2025-11-18;23;130
50;2025-11-19;0;26
50;2025-11-19;1;2
50;2025-11-19;2;0
50;2025-11-19;3;0
50;2025-11-19;4;1
50;2025-11-19;5;65
50;2025-11-19;6;503
50;2025-11-19;7;1677
50;2025-11-19;8;2573
50;2025-11-19;9;2052
50;2025-11-19;10;1564
50;2025-11-19;11;1444
50;2025-11-19;12;1404
50;2025-11-19;13;1403
50;2025-11-19;14;1368
50;2025-11-19;15;1490
50;2025-11-19;16;1617
50;2025-11-19;17;2228
50;2025-11-19;18;2258
50;2025-11-19;19;1442
50;2025-11-19;20;831
50;2025-11-19;21;592
50;2025-11-19;22;268
50;2025-11-19;23;130
50;2025-11-20;0;29
50;2025-11-20;1;2
50;2025-11-20;2;0
50;2025-11-20;3;0
50;2025-11-20;4;4
50;2025-11-20;5;64
50;2025-11-20;6;493
50;2025-11-20;7;1712
50;2025-11-20;8;2564
50;2025-11-20;9;1974
50;2025-11-20;10;1591
50;2025-11-20;11;1468
50;2025-11-20;12;1355
50;2025-11-20;13;1358
50;2025-11-20;14;1338
50;2025-11-20;15;1422
50;2025-11-20;16;1579
50;2025-11-20;17;2194
50;2025-11-20;18;2316
50;2025-11-20;19;1463
50;2025-11-20;20;896
50;2025-11-20;21;638
50;2025-11-20;22;271
50;2025-11-20;23;162
50;2025-11-21;0;31
50;2025-11-21;1;2
50;2025-11-21;2;0
50;2025-11-21;3;0
50;2025-11-21;4;5
50;2025-11-21;5;60
50;2025-11-21;6;498
50;2025-11-21;7;1620
50;2025-11-21;8;2559
50;2025-11-21;9;1877
50;2025-11-21;10;1484
50;2025-11-21;11;1463
50;2025-11-21;12;1419
50;2025-11-21;13;1417
50;2025-11-21;14;1341
50;2025-11-21;15;1586
50;2025-11-21;16;1897
50;2025-11-21;17;1971
50;2025-11-21;18;1687
50;2025-11-21;19;1172
50;2025-11-21;20;758
50;2025-11-21;21;546
50;2025-11-21;22;271
50;2025-11-21;23;164
50;2025-11-22;0;33
50;2025-11-22;1;2
50;2025-11-22;2;0
50;2025-11-22;3;0
50;2025-11-22;4;0
50;2025-11-22;5;17
50;2025-11-22;6;130
50;2025-11-22;7;309
50;2025-11-22;8;309
50;2025-11-22;9;292
50;2025-11-22;10;264
50;2025-11-22;11;389
50;2025-11-22;12;368
50;2025-11-22;13;401
50;2025-11-22;14;394
50;2025-11-22;15;367
50;2025-11-22;16;380
50;2025-11-22;17;382
50;2025-11-22;18;319
50;2025-11-22;19;283
50;2025-11-22;20;405
50;2025-11-22;21;339
50;2025-11-22;22;160
50;2025-11-22;23;112
50;2025-11-23;0;19
50;2025-11-23;1;0
50;2025-11-23;2;0
50;2025-11-23;3;0
50;2025-11-23;4;0
50;2025-11-23;5;11
50;2025-11-23;6;89
50;2025-11-23;7;169
50;2025-11-23;8;301
50;2025-11-23;9;401
50;2025-11-23;10;408
50;2025-11-23;11;291
50;2025-11-23;12;270
50;2025-11-23;13;337
50;2025-11-23;14;398
50;2025-11-23;15;332
50;2025-11-23;16;330
50;2025-11-23;17;349
50;2025-11-23;18;270
50;2025-11-23;19;323
50;2025-11-23;20;411
50;2025-11-23;21;313
50;2025-11-23;22;153
50;2025-11-23;23;93
50;2025-11-24;0;26
50;2025-11-24;1;2
50;2025-11-24;2;0
50;2025-11-24;3;0
50;2025-11-24;4;5
50;2025-11-24;5;63
50;2025-11-24;6;488
50;2025-11-24;7;1662
50;2025-11-24;8;2592
50;2025-11-24;9;2033
50;2025-11-24;10;1558
50;2025-11-24;11;1440
50;2025-11-24;12;1339
50;2025-11-24;13;1342
50;2025-11-24;14;1325
50;2025-11-24;15;1453
50;2025-11-24;16;1548
50;2025-11-24;17;2122
50;2025-11-24;18;2355
50;2025-11-24;19;1426
50;2025-11-24;20;830
50;2025-11-24;21;553
50;2025-11-24;22;233
50;2025-11-24;23;112
50;2025-11-25;0;27
50;2025-11-25;1;2
50;2025-11-25;2;0
50;2025-11-25;3;0
50;2025-11-25;4;3
50;2025-11-25;5;63
50;2025-11-25;6;533
50;2025-11-25;7;1748
50;2025-11-25;8;2687
50;2025-11-25;9;2113
50;2025-11-25;10;1603
50;2025-11-25;11;1443
50;2025-11-25;12;1402
50;2025-11-25;13;1404
50;2025-11-25;14;1326
50;2025-11-25;15;1460
50;2025-11-25;16;1554
50;2025-11-25;17;2275
50;2025-11-25;18;2380
50;2025-11-25;19;1413
50;2025-11-25;20;879
50;2025-11-25;21;592
50;2025-11-25;22;245
50;2025-11-25;23;130
50;2025-11-26;0;27
50;2025-11-26;1;2
50;2025-11-26;2;0
50;2025-11-26;3;0
50;2025-11-26;4;1
50;2025-11-26;5;66
50;2025-11-26;6;503
50;2025-11-26;7;1678
50;2025-11-26;8;2572
50;2025-11-26;9;2050
50;2025-11-26;10;1561
50;2025-11-26;11;1444
50;2025-11-26;12;1404
50;2025-11-26;13;1403
50;2025-11-26;14;1369
50;2025-11-26;15;1491
50;2025-11-26;16;1617
50;2025-11-26;17;2228
50;2025-11-26;18;2258
50;2025-11-26;19;1440
50;2025-11-26;20;829
50;2025-11-26;21;591
50;2025-11-26;22;266
50;2025-11-26;23;131
50;2025-11-27;0;30
50;2025-11-27;1;2
50;2025-11-27;2;0
50;2025-11-27;3;0
50;2025-11-27;4;4
50;2025-11-27;5;64
50;2025-11-27;6;493
50;2025-11-27;7;1712
50;2025-11-27;8;2564
50;2025-11-27;9;1972
50;2025-11-27;10;1585
50;2025-11-27;11;1464
50;2025-11-27;12;1351
50;2025-11-27;13;1354
50;2025-11-27;14;1334
50;2025-11-27;15;1418
50;2025-11-27;16;1575
50;2025-11-27;17;2194
50;2025-11-27;18;2316
50;2025-11-27;19;1457
50;2025-11-27;20;894
50;2025-11-27;21;638
50;2025-11-27;22;269
50;2025-11-27;23;160
50;2025-11-28;0;32
50;2025-11-28;1;2
50;2025-11-28;2;0
50;2025-11-28;3;0
50;2025-11-28;4;5
50;2025-11-28;5;60
50;2025-11-28;6;498
50;2025-11-28;7;1617
50;2025-11-28;8;2555
50;2025-11-28;9;1873
50;2025-11-28;10;1477
50;2025-11-28;11;1458
50;2025-11-28;12;1411
50;2025-11-28;13;1410
50;2025-11-28;14;1334
50;2025-11-28;15;1579
50;2025-11-28;16;1894
50;2025-11-28;17;1968
50;2025-11-28;18;1683
50;2025-11-28;19;1163
50;2025-11-28;20;754
50;2025-11-28;21;546
50;2025-11-28;22;270
50;2025-11-28;23;163
50;2025-11-29;0;34
50;2025-11-29;1;2
50;2025-11-29;2;0
50;2025-11-29;3;0
50;2025-11-29;4;0
50;2025-11-29;5;18
50;2025-11-29;6;130
50;2025-11-29;7;310
50;2025-11-29;8;308
50;2025-11-29;9;289
50;2025-11-29;10;262
50;2025-11-29;11;389
50;2025-11-29;12;368
50;2025-11-29;13;401
50;2025-11-29;14;394
50;2025-11-29;15;367
50;2025-11-29;16;380
50;2025-11-29;17;383
50;2025-11-29;18;319
50;2025-11-29;19;280
50;2025-11-29;20;402
50;2025-11-29;21;338
50;2025-11-29;22;159
50;2025-11-29;23;113
50;2025-11-30;0;20
50;2025-11-30;1;0
50;2025-11-30;2;0
50;2025-11-30;3;0
50;2025-11-30;4;0
50;2025-11-30;5;12
50;2025-11-30;6;89
50;2025-11-30;7;169
50;2025-11-30;8;301
50;2025-11-30;9;401
50;2025-11-30;10;408
50;2025-11-30;11;291
50;2025-11-30;12;270
50;2025-11-30;13;337
50;2025-11-30;14;398
50;2025-11-30;15;332
50;2025-11-30;16;330
50;2025-11-30;17;349
50;2025-11-30;18;270
50;2025-11-30;19;323
50;2025-11-30;20;411
50;2025-11-30;21;313
50;2025-11-30;22;153
50;2025-11-30;23;93
50;2025-12-01;0;26
50;2025-12-01;1;2
50;2025-12-01;2;0
50;2025-12-01;3;0
50;2025-12-01;4;5
50;2025-12-01;5;63
50;2025-12-01;6;488
50;2025-12-01;7;1659
50;2025-12-01;8;2588
50;2025-12-01;9;2031
50;2025-12-01;10;1552
50;2025-12-01;11;1434
50;2025-12-01;12;1331
50;2025-12-01;13;1335
50;2025-12-01;14;1317
50;2025-12-01;15;1445
50;2025-12-01;16;1540
50;2025-12-01;17;2119
50;2025-12-01;18;2351
50;2025-12-01;19;1419
50;2025-12-01;20;829
50;2025-12-01;21;553
50;2025-12-01;22;233
50;2025-12-01;23;112
50;2025-12-02;0;27
50;2025-12-02;1;2
50;2025-12-02;2;0
50;2025-12-02;3;0
50;2025-12-02;4;3
50;2025-12-02;5;63
50;2025-12-02;6;533
50;2025-12-02;7;1745
50;2025-12-02;8;2684
50;2025-12-02;9;2112
50;2025-12-02;10;1602
50;2025-12-02;11;1437
50;2025-12-02;12;1395
50;2025-12-02;13;1397
50;2025-12-02;14;1319
50;2025-12-02;15;1453
50;2025-12-02;16;1546
50;2025-12-02;17;2272
50;2025-12-02;18;2377
50;2025-12-02;19;1405
50;2025-12-02;20;877
50;2025-12-02;21;592
50;2025-12-02;22;245
50;2025-12-02;23;130
50;2025-12-03;0;27
50;2025-12-03;1;2
50;2025-12-03;2;0
50;2025-12-03;3;0
50;2025-12-03;4;1
50;2025-12-03;5;66
50;2025-12-03;6;503
50;2025-12-03;7;1675
50;2025-12-03;8;2568
50;2025-12-03;9;2048
50;2025-12-03;10;1555
50;2025-12-03;11;1438
50;2025-12-03;12;1396
50;2025-12-03;13;1395
50;2025-12-03;14;1361
50;2025-12-03;15;1483
50;2025-12-03;16;1614
50;2025-12-03;17;2225
50;2025-12-03;18;2255
50;2025-12-03;19;1432
50;2025-12-03;20;827
50;2025-12-03;21;591
50;2025-12-03;22;266
50;2025-12-03;23;131
50;2025-12-04;0;28
50;2025-12-04;1;2
50;2025-12-04;2;0
50;2025-12-04;3;0
50;2025-12-04;4;4
50;2025-12-04;5;64
50;2025-12-04;6;494
50;2025-12-04;7;1711
50;2025-12-04;8;2564
50;2025-12-04;9;1971
50;2025-12-04;10;1583
50;2025-12-04;11;1463
50;2025-12-04;12;1351
50;2025-12-04;13;1354
50;2025-12-04;14;1334
50;2025-12-04;15;1417
50;2025-12-04;16;1575
50;2025-12-04;17;2194
50;2025-12-04;18;2316
50;2025-12-04;19;1457
50;2025-12-04;20;894
50;2025-12-04;21;637
50;2025-12-04;22;268
50;2025-12-04;23;158
50;2025-12-05;0;31
50;2025-12-05;1;2
50;2025-12-05;2;0
50;2025-12-05;3;0
50;2025-12-05;4;5
50;2025-12-05;5;60
50;2025-12-05;6;499
50;2025-12-05;7;1615
50;2025-12-05;8;2555
50;2025-12-05;9;1872
50;2025-12-05;10;1475
50;2025-12-05;11;1456
50;2025-12-05;12;1411
50;2025-12-05;13;1410
50;2025-12-05;14;1334
50;2025-12-05;15;1577
50;2025-12-05;16;1894
50;2025-12-05;17;1968
50;2025-12-05;18;1683
50;2025-12-05;19;1163
50;2025-12-05;20;754
50;2025-12-05;21;545
50;2025-12-05;22;268
50;2025-12-05;23;162
50;2025-12-06;0;33
50;2025-12-06;1;2
50;2025-12-06;2;0
50;2025-12-06;3;0
50;2025-12-06;4;0
50;2025-12-06;5;18
50;2025-12-06;6;130
50;2025-12-06;7;308
50;2025-12-06;8;308
50;2025-12-06;9;288
50;2025-12-06;10;260
50;2025-12-06;11;388
50;2025-12-06;12;368
50;2025-12-06;13;401
50;2025-12-06;14;394
50;2025-12-06;15;366
50;2025-12-06;16;380
50;2025-12-06;17;383
50;2025-12-06;18;319
50;2025-12-06;19;280
50;2025-12-06;20;402
50;2025-12-06;21;337
50;2025-12-06;22;158
50;2025-12-06;23;111
50;2025-12-07;0;19
50;2025-12-07;1;0
50;2025-12-07;2;0
50;2025-12-07;3;0
50;2025-12-07;4;0
50;2025-12-07;5;12
50;2025-12-07;6;89
50;2025-12-07;7;168
50;2025-12-07;8;301
50;2025-12-07;9;400
50;2025-12-07;10;406
50;2025-12-07;11;289
50;2025-12-07;12;270
50;2025-12-07;13;337
50;2025-12-07;14;398
50;2025-12-07;15;331
50;2025-12-07;16;330
50;2025-12-07;17;349
50;2025-12-07;18;270
50;2025-12-07;19;322
50;2025-12-07;20;410
50;2025-12-07;21;312
50;2025-12-07;22;152
50;2025-12-07;23;92
50;2025-12-08;0;26
50;2025-12-08;1;2
50;2025-12-08;2;0
50;2025-12-08;3;0
50;2025-12-08;4;5
50;2025-12-08;5;62
50;2025-12-08;6;494
50;2025-12-08;7;1669
50;2025-12-08;8;2596
50;2025-12-08;9;2039
50;2025-12-08;10;1559
50;2025-12-08;11;1438
50;2025-12-08;12;1333
50;2025-12-08;13;1345
50;2025-12-08;14;1330
50;2025-12-08;15;1457
50;2025-12-08;16;1553
50;2025-12-08;17;2128
50;2025-12-08;18;2358
50;2025-12-08;19;1415
50;2025-12-08;20;827
50;2025-12-08;21;550
50;2025-12-08;22;239
50;2025-12-08;23;113
50;2025-12-09;0;27
50;2025-12-09;1;2
50;2025-12-09;2;0
50;2025-12-09;3;0
50;2025-12-09;4;3
50;2025-12-09;5;62
50;2025-12-09;6;537
50;2025-12-09;7;1755
50;2025-12-09;8;2692
50;2025-12-09;9;2120
50;2025-12-09;10;1609
50;2025-12-09;11;1442
50;2025-12-09;12;1398
50;2025-12-09;13;1407
50;2025-12-09;14;1333
50;2025-12-09;15;1464
50;2025-12-09;16;1560
50;2025-12-09;17;2281
50;2025-12-09;18;2383
50;2025-12-09;19;1401
50;2025-12-09;20;875
50;2025-12-09;21;588
50;2025-12-09;22;252
50;2025-12-09;23;130
50;2025-12-10;0;26
50;2025-12-10;1;2
50;2025-12-10;2;0
50;2025-12-10;3;0
50;2025-12-10;4;2
50;2025-12-10;5;64
50;2025-12-10;6;508
50;2025-12-10;7;1685
50;2025-12-10;8;2576
50;2025-12-10;9;2057
50;2025-12-10;10;1565
50;2025-12-10;11;1445
50;2025-12-10;12;1401
50;2025-12-10;13;1407
50;2025-12-10;14;1377
50;2025-12-10;15;1495
50;2025-12-10;16;1629
50;2025-12-10;17;2234
50;2025-12-10;18;2263
50;2025-12-10;19;1428
50;2025-12-10;20;825
50;2025-12-10;21;588
50;2025-12-10;22;271
50;2025-12-10;23;130
50;2025-12-11;0;30
50;2025-12-11;1;2
50;2025-12-11;2;0
50;2025-12-11;3;0
50;2025-12-11;4;5
50;2025-12-11;5;63
50;2025-12-11;6;499
50;2025-12-11;7;1724
50;2025-12-11;8;2573
50;2025-12-11;9;1984
50;2025-12-11;10;1598
50;2025-12-11;11;1478
50;2025-12-11;12;1360
50;2025-12-11;13;1370
50;2025-12-11;14;1359
50;2025-12-11;15;1438
50;2025-12-11;16;1599
50;2025-12-11;17;2208
50;2025-12-11;18;2327
50;2025-12-11;19;1456
50;2025-12-11;20;897
50;2025-12-11;21;639
50;2025-12-11;22;275
50;2025-12-11;23;160
50;2025-12-12;0;33
50;2025-12-12;1;2
50;2025-12-12;2;0
50;2025-12-12;3;0
50;2025-12-12;4;5
50;2025-12-12;5;60
50;2025-12-12;6;503
50;2025-12-12;7;1628
50;2025-12-12;8;2564
50;2025-12-12;9;1885
50;2025-12-12;10;1488
50;2025-12-12;11;1468
50;2025-12-12;12;1417
50;2025-12-12;13;1426
50;2025-12-12;14;1353
50;2025-12-12;15;1593
50;2025-12-12;16;1913
50;2025-12-12;17;1982
50;2025-12-12;18;1693
50;2025-12-12;19;1162
50;2025-12-12;20;756
50;2025-12-12;21;543
50;2025-12-12;22;277
50;2025-12-12;23;164
50;2025-12-13;0;40
50;2025-12-13;1;2
50;2025-12-13;2;0
50;2025-12-13;3;0
50;2025-12-13;4;0
50;2025-12-13;5;18
50;2025-12-13;6;132
50;2025-12-13;7;317
50;2025-12-13;8;319
50;2025-12-13;9;300
50;2025-12-13;10;269
50;2025-12-13;11;401
50;2025-12-13;12;377
50;2025-12-13;13;422
50;2025-12-13;14;423
50;2025-12-13;15;391
50;2025-12-13;16;408
50;2025-12-13;17;403
50;2025-12-13;18;327
50;2025-12-13;19;287
50;2025-12-13;20;409
50;2025-12-13;21;336
50;2025-12-13;22;165
50;2025-12-13;23;120
50;2025-12-14;0;31
50;2025-12-14;1;5
50;2025-12-14;2;0
50;2025-12-14;3;0
50;2025-12-14;4;0
50;2025-12-14;5;12
50;2025-12-14;6;104
50;2025-12-14;7;178
50;2025-12-14;8;323
50;2025-12-14;9;440
50;2025-12-14;10;441
50;2025-12-14;11;338
50;2025-12-14;12;319
50;2025-12-14;13;402
50;2025-12-14;14;476
50;2025-12-14;15;402
50;2025-12-14;16;406
50;2025-12-14;17;413
50;2025-12-14;18;292
50;2025-12-14;19;337
50;2025-12-14;20;426
50;2025-12-14;21;318
50;2025-12-14;22;161
50;2025-12-14;23;100
50;2025-12-15;0;31
50;2025-12-15;1;2
50;2025-12-15;2;0
50;2025-12-15;3;0
50;2025-12-15;4;10
50;2025-12-15;5;66
50;2025-12-15;6;499
50;2025-12-15;7;1669
50;2025-12-15;8;2606
50;2025-12-15;9;2048
50;2025-12-15;10;1562
50;2025-12-15;11;1437
50;2025-12-15;12;1341
50;2025-12-15;13;1358
50;2025-12-15;14;1348
50;2025-12-15;15;1465
50;2025-12-15;16;1562
50;2025-12-15;17;2137
50;2025-12-15;18;2356
50;2025-12-15;19;1420
50;2025-12-15;20;835
50;2025-12-15;21;555
50;2025-12-15;22;239
50;2025-12-15;23;117
50;2025-12-16;0;31
50;2025-12-16;1;1
50;2025-12-16;2;0
50;2025-12-16;3;0
50;2025-12-16;4;8
50;2025-12-16;5;66
50;2025-12-16;6;542
50;2025-12-16;7;1756
50;2025-12-16;8;2702
50;2025-12-16;9;2127
50;2025-12-16;10;1612
50;2025-12-16;11;1438
50;2025-12-16;12;1399
50;2025-12-16;13;1418
50;2025-12-16;14;1347
50;2025-12-16;15;1471
50;2025-12-16;16;1569
50;2025-12-16;17;2289
50;2025-12-16;18;2383
50;2025-12-16;19;1405
50;2025-12-16;20;882
50;2025-12-16;21;593
50;2025-12-16;22;254
50;2025-12-16;23;134
50;2025-12-17;0;31
50;2025-12-17;1;2
50;2025-12-17;2;0
50;2025-12-17;3;0
50;2025-12-17;4;7
50;2025-12-17;5;67
50;2025-12-17;6;519
50;2025-12-17;7;1686
50;2025-12-17;8;2584
50;2025-12-17;9;2067
50;2025-12-17;10;1568
50;2025-12-17;11;1449
50;2025-12-17;12;1410
50;2025-12-17;13;1429
50;2025-12-17;14;1394
50;2025-12-17;15;1508
50;2025-12-17;16;1646
50;2025-12-17;17;2256
50;2025-12-17;18;2265
50;2025-12-17;19;1434
50;2025-12-17;20;835
50;2025-12-17;21;592
50;2025-12-17;22;275
50;2025-12-17;23;135
50;2025-12-18;0;34
50;2025-12-18;1;2
50;2025-12-18;2;0
50;2025-12-18;3;0
50;2025-12-18;4;10
50;2025-12-18;5;66
50;2025-12-18;6;504
50;2025-12-18;7;1725
50;2025-12-18;8;2577
50;2025-12-18;9;1987
50;2025-12-18;10;1594
50;2025-12-18;11;1465
50;2025-12-18;12;1355
50;2025-12-18;13;1373
50;2025-12-18;14;1367
50;2025-12-18;15;1435
50;2025-12-18;16;1604
50;2025-12-18;17;2216
50;2025-12-18;18;2322
50;2025-12-18;19;1454
50;2025-12-18;20;898
50;2025-12-18;21;640
50;2025-12-18;22;276
50;2025-12-18;23;164
50;2025-12-19;0;36
50;2025-12-19;1;2
50;2025-12-19;2;0
50;2025-12-19;3;0
50;2025-12-19;4;10
50;2025-12-19;5;63
50;2025-12-19;6;511
50;2025-12-19;7;1629
50;2025-12-19;8;2566
50;2025-12-19;9;1888
50;2025-12-19;10;1483
50;2025-12-19;11;1458
50;2025-12-19;12;1412
50;2025-12-19;13;1432
50;2025-12-19;14;1360
50;2025-12-19;15;1598
50;2025-12-19;16;1917
50;2025-12-19;17;1993
50;2025-12-19;18;1694
50;2025-12-19;19;1159
50;2025-12-19;20;760
50;2025-12-19;21;547
50;2025-12-19;22;282
50;2025-12-19;23;168
50;2025-12-20;0;44
50;2025-12-20;1;2
50;2025-12-20;2;0
50;2025-12-20;3;0
50;2025-12-20;4;0
50;2025-12-20;5;18
50;2025-12-20;6;137
50;2025-12-20;7;313
50;2025-12-20;8;337
50;2025-12-20;9;330
50;2025-12-20;10;289
50;2025-12-20;11;423
50;2025-12-20;12;407
50;2025-12-20;13;454
50;2025-12-20;14;461
50;2025-12-20;15;427
50;2025-12-20;16;446
50;2025-12-20;17;436
50;2025-12-20;18;335
50;2025-12-20;19;292
50;2025-12-20;20;415
50;2025-12-20;21;339
50;2025-12-20;22;162
50;2025-12-20;23;114
50;2025-12-21;0;31
50;2025-12-21;1;6
50;2025-12-21;2;0
50;2025-12-21;3;0
50;2025-12-21;4;0
50;2025-12-21;5;12
50;2025-12-21;6;100
50;2025-12-21;7;176
50;2025-12-21;8;321
50;2025-12-21;9;441
50;2025-12-21;10;443
50;2025-12-21;11;339
50;2025-12-21;12;319
50;2025-12-21;13;402
50;2025-12-21;14;476
50;2025-12-21;15;402
50;2025-12-21;16;406
50;2025-12-21;17;413
50;2025-12-21;18;292
50;2025-12-21;19;337
50;2025-12-21;20;426
50;2025-12-21;21;319
50;2025-12-21;22;160
50;2025-12-21;23;96
50;2025-12-22;0;31
50;2025-12-22;1;2
50;2025-12-22;2;0
50;2025-12-22;3;0
50;2025-12-22;4;10
50;2025-12-22;5;63
50;2025-12-22;6;499
50;2025-12-22;7;1664
50;2025-12-22;8;2592
50;2025-12-22;9;2041
50;2025-12-22;10;1553
50;2025-12-22;11;1428
50;2025-12-22;12;1334
50;2025-12-22;13;1351
50;2025-12-22;14;1341
50;2025-12-22;15;1456
50;2025-12-22;16;1555
50;2025-12-22;17;2132
50;2025-12-22;18;2343
50;2025-12-22;19;1413
50;2025-12-22;20;835
50;2025-12-22;21;552
50;2025-12-22;22;238
50;2025-12-22;23;113
50;2025-12-23;0;31
50;2025-12-23;1;1
50;2025-12-23;2;0
50;2025-12-23;3;0
50;2025-12-23;4;9
50;2025-12-23;5;63
50;2025-12-23;6;542
50;2025-12-23;7;1756
50;2025-12-23;8;2688
50;2025-12-23;9;2122
50;2025-12-23;10;1605
50;2025-12-23;11;1431
50;2025-12-23;12;1392
50;2025-12-23;13;1411
50;2025-12-23;14;1340
50;2025-12-23;15;1464
50;2025-12-23;16;1562
50;2025-12-23;17;2284
50;2025-12-23;18;2370
50;2025-12-23;19;1398
50;2025-12-23;20;882
50;2025-12-23;21;593
50;2025-12-23;22;252
50;2025-12-23;23;129
50;2025-12-24;0;31
50;2025-12-24;1;2
50;2025-12-24;2;0
50;2025-12-24;3;0
50;2025-12-24;4;7
50;2025-12-24;5;61
50;2025-12-24;6;519
50;2025-12-24;7;1679
50;2025-12-24;8;2571
50;2025-12-24;9;2062
50;2025-12-24;10;1561
50;2025-12-24;11;1442
50;2025-12-24;12;1403
50;2025-12-24;13;1422
50;2025-12-24;14;1387
50;2025-12-24;15;1501
50;2025-12-24;16;1639
50;2025-12-24;17;2251
50;2025-12-24;18;2252
50;2025-12-24;19;1427
50;2025-12-24;20;835
50;2025-12-24;21;592
50;2025-12-24;22;271
50;2025-12-24;23;129
50;2025-12-25;0;34
50;2025-12-25;1;2
50;2025-12-25;2;0
50;2025-12-25;3;0
50;2025-12-25;4;10
50;2025-12-25;5;60
50;2025-12-25;6;504
50;2025-12-25;7;1718
50;2025-12-25;8;2563
50;2025-12-25;9;1982
50;2025-12-25;10;1587
50;2025-12-25;11;1458
50;2025-12-25;12;1348
50;2025-12-25;13;1366
50;2025-12-25;14;1360
50;2025-12-25;15;1428
50;2025-12-25;16;1597
50;2025-12-25;17;2210
50;2025-12-25;18;2309
50;2025-12-25;19;1447
50;2025-12-25;20;898
50;2025-12-25;21;640
50;2025-12-25;22;272
50;2025-12-25;23;157
50;2025-12-26;0;36
50;2025-12-26;1;2
50;2025-12-26;2;0
50;2025-12-26;3;0
50;2025-12-26;4;10
50;2025-12-26;5;60
50;2025-12-26;6;511
50;2025-12-26;7;1621
50;2025-12-26;8;2552
50;2025-12-26;9;1888
50;2025-12-26;10;1475
50;2025-12-26;11;1451
50;2025-12-26;12;1406
50;2025-12-26;13;1426
50;2025-12-26;14;1353
50;2025-12-26;15;1591
50;2025-12-26;16;1922
50;2025-12-26;17;1988
50;2025-12-26;18;1688
50;2025-12-26;19;1152
50;2025-12-26;20;760
50;2025-12-26;21;546
50;2025-12-26;22;280
50;2025-12-26;23;164
50;2025-12-27;0;44
50;2025-12-27;1;2
50;2025-12-27;2;0
50;2025-12-27;3;0
50;2025-12-27;4;0
50;2025-12-27;5;18
50;2025-12-27;6;137
50;2025-12-27;7;311
50;2025-12-27;8;337
50;2025-12-27;9;329
50;2025-12-27;10;286
50;2025-12-27;11;421
50;2025-12-27;12;406
50;2025-12-27;13;455
50;2025-12-27;14;461
50;2025-12-27;15;427
50;2025-12-27;16;445
50;2025-12-27;17;436
50;2025-12-27;18;336
50;2025-12-27;19;292
50;2025-12-27;20;415
50;2025-12-27;21;338
50;2025-12-27;22;162
50;2025-12-27;23;114
50;2025-12-28;0;31
50;2025-12-28;1;6
50;2025-12-28;2;0
50;2025-12-28;3;0
50;2025-12-28;4;0
50;2025-12-28;5;12
50;2025-12-28;6;100
50;2025-12-28;7;175
50;2025-12-28;8;321
50;2025-12-28;9;441
50;2025-12-28;10;443
50;2025-12-28;11;338
50;2025-12-28;12;336
50;2025-12-28;13;467
50;2025-12-28;14;541
50;2025-12-28;15;467
50;2025-12-28;16;470
50;2025-12-28;17;478
50;2025-12-28;18;310
50;2025-12-28;19;336
50;2025-12-28;20;425
50;2025-12-28;21;318
50;2025-12-28;22;160
50;2025-12-28;23;96
50;2025-12-29;0;31
50;2025-12-29;1;2
50;2025-12-29;2;0
50;2025-12-29;3;0
50;2025-12-29;4;10
50;2025-12-29;5;63
50;2025-12-29;6;499
50;2025-12-29;7;1663
50;2025-12-29;8;2592
50;2025-12-29;9;2041
50;2025-12-29;10;1552
50;2025-12-29;11;1427
50;2025-12-29;12;1334
50;2025-12-29;13;1351
50;2025-12-29;14;1341
50;2025-12-29;15;1456
50;2025-12-29;16;1555
50;2025-12-29;17;2132
50;2025-12-29;18;2343
50;2025-12-29;19;1413
50;2025-12-29;20;822
50;2025-12-29;21;548
50;2025-12-29;22;239
50;2025-12-29;23;113
50;2025-12-30;0;32
50;2025-12-30;1;2
50;2025-12-30;2;0
50;2025-12-30;3;0
50;2025-12-30;4;9
50;2025-12-30;5;63
50;2025-12-30;6;538
50;2025-12-30;7;1754
50;2025-12-30;8;2685
50;2025-12-30;9;2121
50;2025-12-30;10;1603
50;2025-12-30;11;1428
50;2025-12-30;12;1391
50;2025-12-30;13;1411
50;2025-12-30;14;1340
50;2025-12-30;15;1464
50;2025-12-30;16;1561
50;2025-12-30;17;2281
50;2025-12-30;18;2367
50;2025-12-30;19;1398
50;2025-12-30;20;866
50;2025-12-30;21;586
50;2025-12-30;22;253
50;2025-12-30;23;130
50;2025-12-31;0;31
50;2025-12-31;1;3
50;2025-12-31;2;0
50;2025-12-31;3;0
50;2025-12-31;4;6
50;2025-12-31;5;25
50;2025-12-31;6;236
50;2025-12-31;7;336
50;2025-12-31;8;484
50;2025-12-31;9;491
50;2025-12-31;10;532
50;2025-12-31;11;587
50;2025-12-31;12;668
50;2025-12-31;13;696
50;2025-12-31;14;663
50;2025-12-31;15;675
50;2025-12-31;16;669
50;2025-12-31;17;746
50;2025-12-31;18;617
50;2025-12-31;19;590
50;2025-12-31;20;398
50;2025-12-31;21;348
50;2025-12-31;22;207
50;2025-12-31;23;118
